# Blender 5.1.2
# www.blender.org
o Ball
v 0.000000 0.914455 0.317909
v 0.000000 0.961235 0.219318
v 0.000000 0.000000 1.000000
v 0.042787 0.961235 0.215104
v 0.000000 0.842839 0.468011
v 0.062021 0.914455 0.311801
v 0.000000 0.555570 0.831470
v 0.083929 0.961235 0.202624
v 0.000000 0.831470 0.555570
v 0.121847 0.961235 0.182356
v 0.121659 0.914455 0.293710
v 0.091304 0.842839 0.459018
v 0.179100 0.842839 0.432386
v 0.155081 0.961235 0.155081
v 0.176621 0.914455 0.264332
v 0.000000 0.831470 -0.555570
v 0.182356 0.961235 0.121847
v 0.000000 0.000000 -1.000000
v 0.224796 0.914455 0.224796
v 0.202624 0.961235 0.083929
v 0.260013 0.842839 0.389137
v 0.038060 0.191342 0.980785
v 0.215104 0.961235 0.042787
v 0.074658 0.375330 0.923880
v 0.219318 0.961235 0.000000
v 0.264332 0.914455 0.176621
v 0.330934 0.842839 0.330934
v 0.108386 0.544895 0.831470
v 0.215104 0.961235 -0.042787
v 0.293710 0.914455 0.121659
v 0.202624 0.961235 -0.083929
v 0.137950 0.693520 0.707107
v 0.311801 0.914455 0.062021
v 0.162212 0.815493 0.555570
v 0.182356 0.961235 -0.121847
v 0.389137 0.842839 0.260013
v 0.432386 0.842839 0.179100
v 0.155081 0.961235 -0.155081
v 0.317909 0.914455 0.000000
v 0.121847 0.961235 -0.182356
v 0.162212 0.815493 -0.555570
v 0.137950 0.693520 -0.707107
v 0.311801 0.914455 -0.062021
v 0.083929 0.961235 -0.202624
v 0.108386 0.544895 -0.831470
v 0.042787 0.961235 -0.215104
v 0.074658 0.375330 -0.923880
v 0.293710 0.914455 -0.121659
v 0.038060 0.191342 -0.980785
v 0.000000 0.961235 -0.219318
v 0.432386 0.842839 -0.179100
v 0.264332 0.914455 -0.176621
v -0.042787 0.961235 -0.215104
v 0.074658 0.180240 0.980785
v 0.224796 0.914455 -0.224796
v -0.083929 0.961235 -0.202624
v 0.146447 0.353553 0.923880
v 0.389137 0.842839 -0.260013
v -0.121847 0.961235 -0.182356
v 0.212608 0.513280 0.831470
v 0.176621 0.914455 -0.264332
v -0.155081 0.961235 -0.155081
v 0.270598 0.653281 0.707107
v -0.182356 0.961235 -0.121847
v 0.330934 0.842839 -0.330934
v 0.121659 0.914455 -0.293710
v 0.318190 0.768178 0.555570
v -0.202624 0.961235 -0.083929
v 0.062021 0.914455 -0.311801
v 0.353553 0.853553 0.382683
v -0.215104 0.961235 -0.042787
v 0.260013 0.842839 -0.389137
v 0.000000 0.914455 -0.317909
v -0.219318 0.961235 0.000000
v 0.179100 0.842839 -0.432386
v -0.215104 0.961235 0.042787
v 0.353553 0.853553 -0.382683
v 0.318190 0.768178 -0.555570
v -0.062021 0.914455 -0.311801
v -0.202624 0.961235 0.083929
v 0.091304 0.842839 -0.459018
v 0.270598 0.653281 -0.707107
v -0.182356 0.961235 0.121847
v -0.121659 0.914455 -0.293710
v 0.212608 0.513280 -0.831470
v -0.155081 0.961235 0.155081
v 0.146447 0.353553 -0.923880
v -0.176621 0.914455 -0.264332
v -0.121847 0.961235 0.182356
v 0.000000 0.842839 -0.468011
v 0.074658 0.180240 -0.980785
v -0.083929 0.961235 0.202624
v -0.224796 0.914455 -0.224796
v -0.091304 0.842839 -0.459018
v -0.042787 0.961235 0.215104
v 0.108386 0.162212 0.980785
v -0.264332 0.914455 -0.176621
v 0.212608 0.318190 0.923880
v -0.293710 0.914455 -0.121659
v -0.179100 0.842839 -0.432386
v 0.308658 0.461940 0.831470
v 0.392847 0.587938 0.707107
v -0.311801 0.914455 -0.062021
v -0.260013 0.842839 -0.389137
v 0.461940 0.691342 0.555570
v -0.317909 0.914455 0.000000
v 0.513280 0.768178 0.382683
v -0.311801 0.914455 0.062021
v -0.330934 0.842839 -0.330934
v 0.544895 0.815493 0.195090
v -0.293710 0.914455 0.121659
v 0.544895 0.815493 -0.195090
v -0.389137 0.842839 -0.260013
v 0.513280 0.768178 -0.382683
v -0.264332 0.914455 0.176621
v 0.461940 0.691342 -0.555570
v -0.432386 0.842839 -0.179100
v -0.224796 0.914455 0.224796
v 0.392847 0.587938 -0.707107
v 0.308658 0.461940 -0.831470
v -0.176621 0.914455 0.264332
v 0.212608 0.318190 -0.923880
v 0.108386 0.162212 -0.980785
v -0.121659 0.914455 0.293710
v 0.137950 0.137950 0.980785
v -0.062021 0.914455 0.311801
v 0.270598 0.270598 0.923880
v 0.392847 0.392847 0.831470
v 0.500000 0.500000 0.707107
v -0.432386 0.842839 0.179100
v 0.587938 0.587938 0.555570
v 0.653281 0.653281 0.382683
v 0.693520 0.693520 0.195090
v -0.389137 0.842839 0.260013
v 0.693520 0.693520 -0.195090
v -0.330934 0.842839 0.330934
v 0.653281 0.653281 -0.382683
v 0.587938 0.587938 -0.555570
v 0.500000 0.500000 -0.707107
v -0.260013 0.842839 0.389137
v 0.392847 0.392847 -0.831470
v 0.270598 0.270598 -0.923880
v -0.179100 0.842839 0.432386
v 0.137950 0.137950 -0.980785
v 0.162212 0.108386 0.980785
v -0.091304 0.842839 0.459018
v 0.318190 0.212608 0.923880
v 0.461940 0.308658 0.831470
v 0.587938 0.392847 0.707107
v 0.691342 0.461940 0.555570
v 0.768178 0.513280 0.382683
v 0.815493 0.544895 0.195090
v 0.815493 0.544895 -0.195090
v 0.768178 0.513280 -0.382683
v 0.691342 0.461940 -0.555570
v 0.587938 0.392847 -0.707107
v 0.461940 0.308658 -0.831470
v 0.318190 0.212608 -0.923880
v 0.162212 0.108386 -0.980785
v 0.180240 0.074658 0.980785
v 0.353553 0.146447 0.923880
v 0.513280 0.212607 0.831470
v 0.653281 0.270598 0.707107
v 0.768178 0.318190 0.555570
v 0.853553 0.353553 0.382683
v 0.906127 0.375330 0.195090
v 0.906127 0.375330 -0.195090
v 0.853553 0.353553 -0.382683
v 0.768178 0.318190 -0.555570
v 0.653281 0.270598 -0.707107
v 0.513280 0.212607 -0.831470
v 0.353553 0.146447 -0.923880
v 0.180240 0.074658 -0.980785
v 0.191342 0.038060 0.980785
v 0.375330 0.074658 0.923880
v 0.544895 0.108386 0.831470
v 0.693520 0.137950 0.707107
v 0.815493 0.162212 0.555570
v 0.906127 0.180240 0.382683
v 0.961940 0.191342 0.195090
v 0.961940 0.191342 -0.195090
v 0.906127 0.180240 -0.382683
v 0.815493 0.162212 -0.555570
v 0.693520 0.137950 -0.707107
v 0.544895 0.108386 -0.831470
v 0.375330 0.074658 -0.923880
v 0.191342 0.038060 -0.980785
v 0.195090 -0.000000 0.980785
v 0.382683 -0.000000 0.923880
v 0.555570 -0.000000 0.831470
v 0.707107 0.000000 0.707107
v 0.831469 -0.000000 0.555570
v 0.923879 0.000000 0.382683
v 0.980785 -0.000000 0.195090
v 0.980785 -0.000000 -0.195090
v 0.923879 0.000000 -0.382683
v 0.831469 -0.000000 -0.555570
v 0.707107 0.000000 -0.707107
v 0.555570 -0.000000 -0.831470
v 0.382683 -0.000000 -0.923880
v 0.195090 -0.000000 -0.980785
v 0.191342 -0.038060 0.980785
v 0.375330 -0.074658 0.923880
v 0.544895 -0.108386 0.831470
v 0.693520 -0.137950 0.707107
v 0.815493 -0.162212 0.555570
v 0.906127 -0.180240 0.382683
v 0.961940 -0.191342 0.195090
v 0.961940 -0.191342 -0.195090
v 0.906127 -0.180240 -0.382683
v 0.815493 -0.162212 -0.555570
v 0.693520 -0.137950 -0.707107
v 0.544895 -0.108386 -0.831470
v 0.375330 -0.074658 -0.923880
v 0.191342 -0.038060 -0.980785
v 0.180240 -0.074658 0.980785
v 0.353553 -0.146447 0.923880
v 0.513280 -0.212608 0.831470
v 0.653281 -0.270598 0.707107
v 0.768178 -0.318190 0.555570
v 0.853553 -0.353553 0.382683
v 0.906127 -0.375330 0.195090
v 0.906127 -0.375330 -0.195090
v 0.853553 -0.353553 -0.382683
v 0.768178 -0.318190 -0.555570
v 0.653281 -0.270598 -0.707107
v 0.513280 -0.212608 -0.831470
v 0.353553 -0.146447 -0.923880
v 0.180240 -0.074658 -0.980785
v 0.162212 -0.108386 0.980785
v 0.318190 -0.212608 0.923880
v 0.461940 -0.308658 0.831470
v 0.587938 -0.392847 0.707107
v 0.691341 -0.461940 0.555570
v 0.768178 -0.513280 0.382683
v 0.815493 -0.544895 0.195090
v 0.815493 -0.544895 -0.195090
v 0.768178 -0.513280 -0.382683
v 0.691341 -0.461940 -0.555570
v 0.587938 -0.392847 -0.707107
v 0.461940 -0.308658 -0.831470
v 0.318190 -0.212608 -0.923880
v 0.162212 -0.108386 -0.980785
v 0.137950 -0.137950 0.980785
v 0.270598 -0.270598 0.923880
v 0.392847 -0.392847 0.831470
v 0.500000 -0.500000 0.707107
v 0.587938 -0.587938 0.555570
v 0.653281 -0.653281 0.382683
v 0.693520 -0.693520 0.195090
v 0.693520 -0.693520 -0.195090
v 0.653281 -0.653281 -0.382683
v 0.587938 -0.587938 -0.555570
v 0.500000 -0.500000 -0.707107
v 0.392847 -0.392847 -0.831470
v 0.270598 -0.270598 -0.923880
v 0.137950 -0.137950 -0.980785
v 0.108386 -0.162212 0.980785
v 0.212607 -0.318190 0.923880
v 0.308658 -0.461940 0.831470
v 0.392847 -0.587938 0.707107
v 0.461940 -0.691342 0.555570
v 0.513280 -0.768178 0.382683
v 0.544895 -0.815493 0.195090
v 0.544895 -0.815493 -0.195090
v 0.513280 -0.768178 -0.382683
v 0.461940 -0.691342 -0.555570
v 0.392847 -0.587938 -0.707107
v 0.308658 -0.461940 -0.831470
v 0.212607 -0.318190 -0.923880
v 0.108386 -0.162212 -0.980785
v 0.074658 -0.180240 0.980785
v 0.146447 -0.353553 0.923880
v 0.212607 -0.513280 0.831470
v 0.270598 -0.653281 0.707107
v 0.318189 -0.768178 0.555570
v 0.353553 -0.853553 0.382683
v 0.375330 -0.906127 0.195090
v 0.375330 -0.906127 -0.195090
v 0.353553 -0.853553 -0.382683
v 0.318189 -0.768178 -0.555570
v 0.270598 -0.653281 -0.707107
v 0.212607 -0.513280 -0.831470
v 0.146447 -0.353553 -0.923880
v 0.074658 -0.180240 -0.980785
v 0.038060 -0.191342 0.980785
v 0.074658 -0.375330 0.923880
v 0.108386 -0.544895 0.831470
v 0.137950 -0.693520 0.707107
v 0.162212 -0.815493 0.555570
v 0.180240 -0.906127 0.382683
v 0.191342 -0.961939 0.195090
v 0.191342 -0.961939 -0.195090
v 0.180240 -0.906127 -0.382683
v 0.162212 -0.815493 -0.555570
v 0.137950 -0.693520 -0.707107
v 0.108386 -0.544895 -0.831470
v 0.074658 -0.375330 -0.923880
v 0.038060 -0.191342 -0.980785
v -0.000000 -0.195090 0.980785
v -0.000000 -0.382683 0.923880
v -0.000000 -0.555570 0.831470
v -0.000000 -0.707107 0.707107
v -0.000000 -0.831469 0.555570
v 0.000000 -0.923879 0.382683
v -0.000000 -0.980785 0.195090
v -0.000000 -0.980785 -0.195090
v 0.000000 -0.923879 -0.382683
v -0.000000 -0.831469 -0.555570
v -0.000000 -0.707107 -0.707107
v -0.000000 -0.555570 -0.831470
v -0.000000 -0.382683 -0.923880
v -0.000000 -0.195090 -0.980785
v -0.038060 -0.191342 0.980785
v -0.074658 -0.375330 0.923880
v -0.108386 -0.544895 0.831470
v -0.137950 -0.693520 0.707107
v -0.162212 -0.815493 0.555570
v -0.180240 -0.906127 0.382683
v -0.191342 -0.961939 0.195090
v -0.191342 -0.961939 -0.195090
v -0.180240 -0.906127 -0.382683
v -0.162212 -0.815493 -0.555570
v -0.137950 -0.693520 -0.707107
v -0.108386 -0.544895 -0.831470
v -0.074658 -0.375330 -0.923880
v -0.038060 -0.191342 -0.980785
v -0.074658 -0.180240 0.980785
v -0.146447 -0.353553 0.923880
v -0.212608 -0.513280 0.831470
v -0.270598 -0.653281 0.707107
v -0.318190 -0.768177 0.555570
v -0.353553 -0.853553 0.382683
v -0.375330 -0.906127 0.195090
v -0.375330 -0.906127 -0.195090
v -0.353553 -0.853553 -0.382683
v -0.318190 -0.768177 -0.555570
v -0.270598 -0.653281 -0.707107
v -0.212608 -0.513280 -0.831470
v -0.146447 -0.353553 -0.923880
v -0.074658 -0.180240 -0.980785
v -0.108386 -0.162212 0.980785
v -0.212608 -0.318190 0.923880
v -0.308658 -0.461939 0.831470
v -0.392847 -0.587938 0.707107
v -0.461940 -0.691341 0.555570
v -0.513280 -0.768178 0.382683
v -0.544895 -0.815493 0.195090
v -0.544895 -0.815493 -0.195090
v -0.513280 -0.768178 -0.382683
v -0.461940 -0.691341 -0.555570
v -0.392847 -0.587938 -0.707107
v -0.308658 -0.461939 -0.831470
v -0.212608 -0.318190 -0.923880
v -0.108386 -0.162212 -0.980785
v -0.137950 -0.137950 0.980785
v -0.270598 -0.270598 0.923880
v -0.392847 -0.392847 0.831470
v -0.500000 -0.500000 0.707107
v -0.587938 -0.587937 0.555570
v -0.653281 -0.653281 0.382683
v -0.693520 -0.693520 0.195090
v -0.693520 -0.693520 -0.195090
v -0.653281 -0.653281 -0.382683
v -0.587938 -0.587937 -0.555570
v -0.500000 -0.500000 -0.707107
v -0.392847 -0.392847 -0.831470
v -0.270598 -0.270598 -0.923880
v -0.137950 -0.137950 -0.980785
v -0.162212 -0.108386 0.980785
v -0.318190 -0.212607 0.923880
v -0.461940 -0.308658 0.831470
v -0.587938 -0.392847 0.707107
v -0.691341 -0.461939 0.555570
v -0.768177 -0.513280 0.382683
v -0.815493 -0.544895 0.195090
v -0.815493 -0.544895 -0.195090
v -0.768177 -0.513280 -0.382683
v -0.691341 -0.461939 -0.555570
v -0.587938 -0.392847 -0.707107
v -0.461940 -0.308658 -0.831470
v -0.318190 -0.212607 -0.923880
v -0.162212 -0.108386 -0.980785
v -0.180240 -0.074658 0.980785
v -0.353553 -0.146447 0.923880
v -0.513280 -0.212607 0.831470
v -0.653281 -0.270598 0.707107
v -0.768177 -0.318189 0.555570
v -0.853553 -0.353553 0.382683
v -0.906127 -0.375330 0.195090
v -0.906127 -0.375330 -0.195090
v -0.853553 -0.353553 -0.382683
v -0.768177 -0.318189 -0.555570
v -0.653281 -0.270598 -0.707107
v -0.513280 -0.212607 -0.831470
v -0.353553 -0.146447 -0.923880
v -0.180240 -0.074658 -0.980785
v -0.191342 -0.038060 0.980785
v -0.375330 -0.074658 0.923880
v -0.544895 -0.108386 0.831470
v -0.693520 -0.137950 0.707107
v -0.815493 -0.162211 0.555570
v -0.906127 -0.180240 0.382683
v -0.961939 -0.191341 0.195090
v -0.961939 -0.191341 -0.195090
v -0.906127 -0.180240 -0.382683
v -0.815493 -0.162211 -0.555570
v -0.693520 -0.137950 -0.707107
v -0.544895 -0.108386 -0.831470
v -0.375330 -0.074658 -0.923880
v -0.191342 -0.038060 -0.980785
v -0.195090 0.000000 0.980785
v -0.382683 0.000000 0.923880
v -0.555570 0.000000 0.831470
v -0.707107 0.000000 0.707107
v -0.831469 0.000000 0.555570
v -0.923879 0.000000 0.382683
v -0.980785 0.000000 0.195090
v -0.980785 0.000000 -0.195090
v -0.923879 0.000000 -0.382683
v -0.831469 0.000000 -0.555570
v -0.707107 0.000000 -0.707107
v -0.555570 0.000000 -0.831470
v -0.382683 0.000000 -0.923880
v -0.195090 0.000000 -0.980785
v -0.191342 0.038060 0.980785
v -0.375330 0.074658 0.923880
v -0.544895 0.108386 0.831470
v -0.693520 0.137950 0.707107
v -0.815493 0.162212 0.555570
v -0.906127 0.180240 0.382683
v -0.961939 0.191342 0.195090
v -0.961939 0.191342 -0.195090
v -0.906127 0.180240 -0.382683
v -0.815493 0.162212 -0.555570
v -0.693520 0.137950 -0.707107
v -0.544895 0.108386 -0.831470
v -0.375330 0.074658 -0.923880
v -0.191342 0.038060 -0.980785
v -0.180240 0.074658 0.980785
v -0.353553 0.146447 0.923880
v -0.513279 0.212607 0.831470
v -0.653281 0.270598 0.707107
v -0.768177 0.318190 0.555570
v -0.853553 0.353553 0.382683
v -0.906127 0.375330 0.195090
v -0.906127 0.375330 -0.195090
v -0.853553 0.353553 -0.382683
v -0.768177 0.318190 -0.555570
v -0.653281 0.270598 -0.707107
v -0.513279 0.212607 -0.831470
v -0.353553 0.146447 -0.923880
v -0.180240 0.074658 -0.980785
v -0.162212 0.108386 0.980785
v -0.318189 0.212607 0.923880
v -0.461939 0.308658 0.831470
v -0.587938 0.392847 0.707107
v -0.691341 0.461940 0.555570
v -0.768177 0.513280 0.382683
v -0.815493 0.544895 0.195090
v -0.815493 0.544895 -0.195090
v -0.768177 0.513280 -0.382683
v -0.691341 0.461940 -0.555570
v -0.587938 0.392847 -0.707107
v -0.461939 0.308658 -0.831470
v -0.318189 0.212607 -0.923880
v -0.162212 0.108386 -0.980785
v -0.137950 0.137950 0.980785
v -0.270598 0.270598 0.923880
v -0.392847 0.392847 0.831470
v -0.500000 0.500000 0.707107
v -0.587937 0.587938 0.555570
v -0.653281 0.653281 0.382683
v -0.693519 0.693520 0.195090
v -0.693519 0.693520 -0.195090
v -0.653281 0.653281 -0.382683
v -0.587937 0.587938 -0.555570
v -0.500000 0.500000 -0.707107
v -0.392847 0.392847 -0.831470
v -0.270598 0.270598 -0.923880
v -0.137950 0.137950 -0.980785
v -0.108386 0.162212 0.980785
v -0.212607 0.318190 0.923880
v -0.308658 0.461939 0.831470
v -0.392847 0.587938 0.707107
v -0.461939 0.691341 0.555570
v -0.513280 0.768177 0.382683
v -0.544895 0.815493 0.195090
v -0.544895 0.815493 -0.195090
v -0.513280 0.768177 -0.382683
v -0.461939 0.691341 -0.555570
v -0.392847 0.587938 -0.707107
v -0.308658 0.461939 -0.831470
v -0.212607 0.318190 -0.923880
v -0.108386 0.162212 -0.980785
v -0.074658 0.180240 0.980785
v -0.146446 0.353553 0.923880
v -0.212607 0.513279 0.831470
v -0.270598 0.653281 0.707107
v -0.318189 0.768177 0.555570
v -0.353553 0.853553 0.382683
v -0.353553 0.853553 -0.382683
v -0.318189 0.768177 -0.555570
v -0.270598 0.653281 -0.707107
v -0.212607 0.513279 -0.831470
v -0.146446 0.353553 -0.923880
v -0.074658 0.180240 -0.980785
v -0.038060 0.191342 0.980785
v -0.074658 0.375330 0.923880
v -0.108386 0.544895 0.831470
v -0.137950 0.693520 0.707107
v -0.162211 0.815493 0.555570
v -0.162211 0.815493 -0.555570
v -0.137950 0.693520 -0.707107
v -0.108386 0.544895 -0.831470
v -0.074658 0.375330 -0.923880
v -0.038060 0.191342 -0.980785
v 0.000000 0.195090 0.980785
v 0.000000 0.382683 0.923880
v 0.000000 0.707107 0.707107
v 0.000000 0.707107 -0.707107
v 0.000000 0.555570 -0.831470
v 0.000000 0.382683 -0.923880
v 0.000000 0.195090 -0.980785
v 0.550233 0.823481 0.097545
v 0.700313 0.700313 0.097545
v 0.823481 0.550233 0.097545
v 0.915003 0.379007 0.097545
v 0.971362 0.193216 0.097545
v 0.990392 -0.000000 0.097545
v 0.971362 -0.193216 0.097545
v 0.915003 -0.379007 0.097545
v 0.823481 -0.550233 0.097545
v 0.700313 -0.700313 0.097545
v 0.550232 -0.823481 0.097545
v 0.379007 -0.915003 0.097545
v 0.193216 -0.971362 0.097545
v -0.000000 -0.990392 0.097545
v -0.193216 -0.971362 0.097545
v -0.379007 -0.915003 0.097545
v -0.550233 -0.823481 0.097545
v -0.700313 -0.700313 0.097545
v -0.823481 -0.550232 0.097545
v -0.915003 -0.379006 0.097545
v -0.971362 -0.193216 0.097545
v -0.990392 0.000000 0.097545
v -0.971362 0.193216 0.097545
v -0.915003 0.379007 0.097545
v -0.823480 0.550233 0.097545
v -0.700312 0.700313 0.097545
v -0.550232 0.823481 0.097545
v 0.550233 0.823481 -0.097545
v 0.700313 0.700313 -0.097545
v 0.823481 0.550233 -0.097545
v 0.915003 0.379007 -0.097545
v 0.971362 0.193216 -0.097545
v 0.990392 -0.000000 -0.097545
v 0.971362 -0.193216 -0.097545
v 0.915003 -0.379007 -0.097545
v 0.823481 -0.550233 -0.097545
v 0.700313 -0.700313 -0.097545
v 0.550232 -0.823481 -0.097545
v 0.379007 -0.915003 -0.097545
v 0.193216 -0.971362 -0.097545
v -0.000000 -0.990392 -0.097545
v -0.193216 -0.971362 -0.097545
v -0.379007 -0.915003 -0.097545
v -0.550233 -0.823481 -0.097545
v -0.700313 -0.700313 -0.097545
v -0.823481 -0.550232 -0.097545
v -0.915003 -0.379006 -0.097545
v -0.971362 -0.193216 -0.097545
v -0.990392 0.000000 -0.097545
v -0.971362 0.193216 -0.097545
v -0.915003 0.379007 -0.097545
v -0.823480 0.550233 -0.097545
v -0.700312 0.700313 -0.097545
v -0.550232 0.823481 -0.097545
v 0.516391 0.772834 0.097545
v 0.521400 0.780331 0.000000
v 0.657241 0.657241 0.097545
v 0.663617 0.663617 0.000000
v 0.772834 0.516391 0.097545
v 0.780331 0.521400 0.000000
v 0.858727 0.355696 0.097545
v 0.867057 0.359147 0.000000
v 0.911620 0.181332 0.097545
v 0.920463 0.183091 0.000000
v 0.929479 -0.000000 0.097545
v 0.938496 -0.000000 0.000000
v 0.911620 -0.181333 0.097545
v 0.920463 -0.183092 0.000000
v 0.858727 -0.355696 0.097545
v 0.867057 -0.359147 0.000000
v 0.772834 -0.516391 0.097545
v 0.780330 -0.521400 0.000000
v 0.657241 -0.657241 0.097545
v 0.663616 -0.663617 0.000000
v 0.516391 -0.772834 0.097545
v 0.521400 -0.780331 0.000000
v 0.355696 -0.858727 0.097545
v 0.359146 -0.867057 0.000000
v 0.181332 -0.911619 0.097545
v 0.183091 -0.920463 0.000000
v -0.000000 -0.929479 0.097545
v -0.000000 -0.938495 0.000000
v -0.181333 -0.911619 0.097545
v -0.183092 -0.920462 0.000000
v -0.355696 -0.858727 0.097545
v -0.359147 -0.867056 0.000000
v -0.516391 -0.772833 0.097545
v -0.521400 -0.780330 0.000000
v -0.657241 -0.657241 0.097545
v -0.663617 -0.663616 0.000000
v -0.772834 -0.516391 0.097545
v -0.780330 -0.521400 0.000000
v -0.858727 -0.355696 0.097545
v -0.867057 -0.359146 0.000000
v -0.911619 -0.181332 0.097545
v -0.920462 -0.183091 0.000000
v -0.929479 0.000000 0.097545
v -0.938495 0.000000 0.000000
v -0.911619 0.181333 0.097545
v -0.920462 0.183092 0.000000
v -0.858726 0.355696 0.097545
v -0.867056 0.359147 0.000000
v -0.772833 0.516391 0.097545
v -0.780330 0.521400 0.000000
v -0.657240 0.657241 0.097545
v -0.663616 0.663616 0.000000
v -0.516390 0.772833 0.097545
v -0.521399 0.780330 0.000000
v 0.516391 0.772834 -0.097545
v 0.657241 0.657241 -0.097545
v 0.772834 0.516391 -0.097545
v 0.858727 0.355696 -0.097545
v 0.911620 0.181332 -0.097545
v 0.929479 -0.000000 -0.097545
v 0.911620 -0.181333 -0.097545
v 0.858727 -0.355696 -0.097545
v 0.772834 -0.516391 -0.097545
v 0.657241 -0.657241 -0.097545
v 0.516391 -0.772834 -0.097545
v 0.355696 -0.858727 -0.097545
v 0.181332 -0.911619 -0.097545
v -0.000000 -0.929479 -0.097545
v -0.181333 -0.911619 -0.097545
v -0.355696 -0.858727 -0.097545
v -0.516391 -0.772833 -0.097545
v -0.657241 -0.657241 -0.097545
v -0.772834 -0.516391 -0.097545
v -0.858727 -0.355696 -0.097545
v -0.911619 -0.181332 -0.097545
v -0.929479 0.000000 -0.097545
v -0.911619 0.181333 -0.097545
v -0.858726 0.355696 -0.097545
v -0.772833 0.516391 -0.097545
v -0.657240 0.657241 -0.097545
v -0.516390 0.772833 -0.097545
v 0.000000 0.878271 -0.468011
v 0.091304 0.874085 -0.459018
v 0.174925 0.879407 -0.433652
v 0.000000 0.878271 0.468011
v 0.174925 0.879407 0.433652
v 0.091304 0.874085 0.459018
v -0.457125 0.842839 -0.097545
v -0.457125 0.873247 -0.097545
v -0.385420 0.842839 -0.097545
v 0.267877 0.879543 -0.382683
v 0.330934 0.876740 -0.330934
v 0.364277 0.879443 -0.290305
v 0.179100 0.878845 -0.432386
v 0.260013 0.878341 -0.389137
v 0.179100 0.878845 0.432386
v 0.260013 0.878341 0.389137
v 0.267877 0.879543 0.382683
v 0.330934 0.876740 0.330934
v 0.364277 0.879443 0.290305
v 0.389137 0.876524 0.260013
v 0.423839 0.880199 0.195090
v 0.432386 0.877408 0.179100
v 0.457125 0.873248 0.097545
v 0.389137 0.876524 -0.260013
v 0.423839 0.880199 -0.195090
v 0.457125 0.842839 0.097545
v 0.385422 0.842839 0.097545
v -0.423839 0.880198 -0.195090
v -0.389137 0.876523 -0.260013
v -0.364277 0.879442 -0.290305
v -0.423839 0.880198 0.195090
v -0.389137 0.876524 0.260013
v -0.364277 0.879442 0.290305
v -0.432386 0.877407 0.179100
v -0.457125 0.873247 0.097545
v -0.267877 0.879543 0.382683
v -0.260013 0.878341 0.389137
v -0.179100 0.878844 0.432386
v -0.174925 0.879407 0.433653
v -0.330934 0.876740 0.330934
v -0.457125 0.842839 0.097545
v -0.385420 0.842839 0.097545
v -0.330934 0.876740 -0.330934
v -0.267877 0.879543 -0.382683
v -0.260013 0.878341 -0.389137
v -0.179100 0.878844 -0.432386
v -0.174925 0.879407 -0.433653
v -0.091304 0.874084 -0.459018
v 0.000000 0.878271 -0.468011
v 0.000000 0.878271 0.468011
v -0.091304 0.874085 0.459018
v 0.457125 0.842839 -0.097545
v 0.457125 0.873248 -0.097545
v 0.385422 0.842839 -0.097545
v -0.432386 0.877407 -0.179100
v 0.432386 0.877408 -0.179100
v 0.404456 0.842839 0.000000
v -0.404454 0.842839 0.000000
v -0.311801 0.842839 0.062021
v -0.317909 0.842839 0.000000
v -0.224796 0.842839 0.224796
v -0.264332 0.842839 0.176621
v -0.293710 0.842839 0.121659
v -0.176621 0.842839 0.264332
v -0.121659 0.842839 0.293710
v 0.000000 0.842839 0.317909
v -0.062021 0.842839 0.311801
v 0.121659 0.842839 0.293710
v 0.176621 0.842839 0.264332
v 0.062021 0.842839 0.311801
v 0.121659 0.842839 -0.293710
v 0.224796 0.842839 -0.224796
v 0.176621 0.842839 -0.264332
v 0.293710 0.842839 -0.121659
v 0.317909 0.842839 0.000000
v 0.311801 0.842839 0.062021
v 0.311801 0.842839 -0.062021
v 0.293710 0.842839 0.121659
v 0.264332 0.842839 -0.176621
v -0.293710 0.842839 -0.121659
v -0.311801 0.842839 -0.062021
v -0.176621 0.842839 -0.264332
v -0.224796 0.842839 -0.224796
v -0.264332 0.842839 -0.176621
v -0.062021 0.842839 -0.311801
v 0.062021 0.842839 -0.311801
v 0.000000 0.842839 -0.317909
v 0.264332 0.842839 0.176621
v 0.224796 0.842839 0.224796
v -0.121659 0.842839 -0.293710
v -0.083929 0.914455 0.202624
v 0.000000 0.914455 0.219318
v -0.042787 0.914455 0.215104
v 0.042787 0.914455 0.215104
v 0.083929 0.914455 0.202624
v 0.121847 0.914455 -0.182356
v 0.121847 0.914455 0.182356
v 0.182356 0.914455 -0.121847
v 0.155081 0.914455 -0.155081
v 0.182356 0.914455 0.121847
v 0.219318 0.914455 0.000000
v 0.215104 0.914455 0.042787
v 0.202624 0.914455 -0.083929
v 0.215104 0.914455 -0.042787
v 0.202624 0.914455 0.083929
v 0.155081 0.914455 0.155081
v -0.219318 0.914455 0.000000
v -0.202624 0.914455 -0.083929
v -0.215104 0.914455 -0.042787
v -0.215104 0.914455 0.042787
v -0.182356 0.914455 -0.121847
v -0.182356 0.914455 0.121847
v -0.155081 0.914455 -0.155081
v -0.202624 0.914455 0.083929
v -0.121847 0.914455 -0.182356
v -0.121847 0.914455 0.182356
v 0.000000 0.914455 -0.219318
v -0.042787 0.914455 -0.215104
v 0.083929 0.914455 -0.202624
v 0.042787 0.914455 -0.215104
v -0.083929 0.914455 -0.202624
v -0.155081 0.914455 0.155081
vn -0.0000 -0.0000 -1.0000
vn -0.0000 0.2010 -0.9796
vn 0.0392 0.1971 -0.9796
vn -0.1484 -0.7459 -0.6494
vn -0.2910 -0.7026 -0.6494
vn -0.2742 -0.6620 -0.6976
vn -0.1398 -0.7027 -0.6976
vn -0.0000 0.3879 0.9217
vn -0.0000 0.2010 0.9796
vn 0.0392 0.1971 0.9796
vn 0.0757 0.3804 0.9217
vn -0.0000 0.5598 0.8286
vn 0.1092 0.5490 0.8286
vn 0.0865 0.8786 -0.4696
vn 0.1907 0.8611 -0.4713
vn 0.1626 0.8173 -0.5528
vn -0.0000 0.8333 -0.5528
vn 0.0018 0.8819 -0.4714
vn -0.0000 0.7101 0.7041
vn 0.1385 0.6965 0.7041
vn -0.0000 0.7101 -0.7041
vn 0.1385 0.6965 -0.7041
vn -0.0000 0.8333 0.5528
vn 0.1626 0.8173 0.5528
vn -0.0000 0.5598 -0.8286
vn 0.1092 0.5490 -0.8286
vn 0.0865 0.8786 0.4696
vn 0.0018 0.8819 0.4714
vn 0.1907 0.8611 0.4713
vn -0.0000 0.3879 -0.9217
vn 0.0757 0.3804 -0.9217
vn -0.0000 -0.0000 1.0000
vn 0.1484 0.3584 -0.9217
vn 0.0769 0.1857 -0.9796
vn 0.0769 0.1857 0.9796
vn -0.4237 0.7927 0.4382
vn -0.4225 0.6323 0.6494
vn -0.3981 0.5958 0.6976
vn -0.4562 0.8536 0.2515
vn 0.1484 0.3584 0.9217
vn 0.4185 0.8608 -0.2898
vn 0.3539 0.8544 -0.3805
vn 0.2623 0.8646 -0.4285
vn 0.2779 0.9161 -0.2890
vn 0.2142 0.5172 0.8286
vn 0.2563 0.8448 -0.4696
vn 0.3189 0.7699 -0.5528
vn 0.2718 0.6561 0.7041
vn 0.2718 0.6561 -0.7041
vn 0.3189 0.7699 0.5528
vn 0.2142 0.5172 -0.8286
vn 0.2563 0.8448 0.4696
vn 0.3539 0.8544 0.3805
vn 0.2623 0.8646 0.4285
vn 0.4185 0.8608 0.2898
vn 0.2779 0.9161 0.2890
vn 0.3110 0.4654 0.8286
vn 0.3945 0.5905 0.7041
vn 0.4630 0.6929 -0.5528
vn 0.3945 0.5905 -0.7041
vn 0.4630 0.6929 0.5528
vn 0.3110 0.4654 -0.8286
vn 0.5138 0.7689 0.3805
vn 0.2155 0.3225 -0.9217
vn 0.4513 0.8443 0.2890
vn 0.5450 0.8157 0.1939
vn 0.4596 0.8598 0.2228
vn 0.1117 0.1671 -0.9796
vn 0.4691 0.8777 0.0975
vn 0.4225 0.6323 -0.6494
vn 0.4237 0.7927 -0.4382
vn 0.1117 0.1671 0.9796
vn 0.5377 0.5377 0.6494
vn 0.4225 0.6323 0.6494
vn 0.3981 0.5958 0.6976
vn 0.5067 0.5066 0.6976
vn 0.2155 0.3225 0.9217
vn 0.4513 0.8443 -0.2890
vn 0.4596 0.8598 -0.2228
vn 0.5450 0.8157 -0.1939
vn 0.5138 0.7689 -0.3805
vn 0.6937 0.6937 0.1939
vn 0.5377 0.5377 -0.6494
vn 0.1421 0.1421 0.9796
vn 0.1421 0.1421 -0.9796
vn -0.4225 -0.6323 -0.6494
vn -0.3981 -0.5958 -0.6976
vn 0.2743 0.2743 0.9217
vn 0.6937 0.6937 -0.1939
vn 0.6539 0.6539 -0.3805
vn 0.3958 0.3958 0.8286
vn 0.5893 0.5893 -0.5528
vn 0.5021 0.5021 0.7041
vn 0.5021 0.5021 -0.7041
vn 0.5893 0.5893 0.5528
vn 0.3958 0.3958 -0.8286
vn 0.6539 0.6539 0.3805
vn 0.2743 0.2743 -0.9217
vn 0.6929 0.4630 -0.5528
vn 0.5905 0.3945 -0.7041
vn 0.5905 0.3945 0.7041
vn 0.6929 0.4630 0.5528
vn 0.4654 0.3110 -0.8286
vn 0.7689 0.5138 0.3805
vn 0.3225 0.2155 -0.9217
vn 0.8157 0.5450 0.1939
vn 0.1671 0.1117 -0.9796
vn 0.6323 0.4225 -0.6494
vn 0.1671 0.1117 0.9796
vn 0.3225 0.2155 0.9217
vn 0.8157 0.5450 -0.1939
vn 0.7689 0.5138 -0.3805
vn 0.4654 0.3110 0.8286
vn 0.1857 0.0769 -0.9796
vn 0.6323 0.4225 0.6494
vn 0.5958 0.3981 0.6976
vn 0.1857 0.0769 0.9796
vn 0.3584 0.1484 0.9217
vn 0.9063 0.3754 -0.1939
vn 0.8544 0.3539 -0.3805
vn 0.5172 0.2142 0.8286
vn 0.7699 0.3189 -0.5528
vn 0.6561 0.2718 0.7041
vn 0.6561 0.2718 -0.7041
vn 0.7699 0.3189 0.5528
vn 0.5172 0.2142 -0.8286
vn 0.8544 0.3539 0.3805
vn 0.3584 0.1484 -0.9217
vn 0.9063 0.3754 0.1939
vn 0.7026 0.2910 -0.6494
vn 0.6965 0.1385 -0.7041
vn 0.5490 0.1092 -0.8286
vn 0.8173 0.1626 0.5528
vn 0.9070 0.1804 0.3805
vn 0.3804 0.0757 -0.9217
vn 0.9622 0.1914 0.1939
vn 0.1971 0.0392 -0.9796
vn 0.7459 0.1484 -0.6494
vn 0.1971 0.0392 0.9796
vn -0.5377 -0.5377 -0.6494
vn -0.5066 -0.5066 -0.6976
vn 0.3804 0.0757 0.9217
vn 0.9622 0.1914 -0.1939
vn 0.9070 0.1804 -0.3805
vn 0.5490 0.1092 0.8286
vn 0.8173 0.1626 -0.5528
vn 0.6965 0.1385 0.7041
vn 0.2010 -0.0000 0.9796
vn 0.3879 -0.0000 0.9217
vn 0.9810 -0.0000 -0.1939
vn 0.9248 -0.0000 -0.3805
vn 0.5598 -0.0000 0.8286
vn 0.8333 -0.0000 -0.5528
vn 0.7101 -0.0000 0.7041
vn 0.7101 -0.0000 -0.7041
vn 0.8333 -0.0000 0.5528
vn 0.5598 -0.0000 -0.8286
vn 0.9248 -0.0000 0.3805
vn 0.3879 -0.0000 -0.9217
vn 0.9810 -0.0000 0.1939
vn 0.2010 -0.0000 -0.9796
vn 0.7605 -0.0000 -0.6494
vn 0.8173 -0.1626 0.5528
vn 0.9070 -0.1804 0.3805
vn 0.5490 -0.1092 -0.8286
vn 0.3804 -0.0757 -0.9217
vn 0.9622 -0.1914 0.1939
vn 0.1971 -0.0392 -0.9796
vn 0.7459 -0.1484 -0.6494
vn 0.1971 -0.0392 0.9796
vn 0.7026 0.2910 0.6494
vn 0.6620 0.2742 0.6976
vn 0.3804 -0.0757 0.9217
vn 0.9622 -0.1914 -0.1939
vn 0.9070 -0.1804 -0.3805
vn 0.5490 -0.1092 0.8286
vn 0.8173 -0.1626 -0.5528
vn 0.6965 -0.1385 0.7041
vn 0.6965 -0.1385 -0.7041
vn 0.9063 -0.3754 -0.1939
vn 0.8544 -0.3539 -0.3805
vn 0.3584 -0.1484 0.9217
vn 0.5172 -0.2142 0.8286
vn 0.7699 -0.3189 -0.5528
vn 0.6561 -0.2718 0.7041
vn 0.6561 -0.2718 -0.7041
vn 0.7699 -0.3189 0.5528
vn 0.5172 -0.2142 -0.8286
vn 0.8544 -0.3539 0.3805
vn 0.3584 -0.1484 -0.9217
vn 0.9063 -0.3754 0.1939
vn 0.1857 -0.0769 -0.9796
vn 0.7026 -0.2910 -0.6494
vn 0.1857 -0.0769 0.9796
vn -0.6323 -0.4225 -0.6494
vn -0.5958 -0.3981 -0.6976
vn 0.4654 -0.3110 -0.8286
vn 0.3225 -0.2155 -0.9217
vn 0.7689 -0.5138 0.3805
vn 0.8157 -0.5450 0.1939
vn 0.1671 -0.1117 -0.9796
vn 0.6323 -0.4225 -0.6494
vn 0.1671 -0.1117 0.9796
vn 0.7459 0.1484 0.6494
vn 0.7027 0.1398 0.6976
vn 0.3225 -0.2155 0.9217
vn 0.8157 -0.5450 -0.1939
vn 0.7689 -0.5138 -0.3805
vn 0.4654 -0.3110 0.8286
vn 0.6929 -0.4630 -0.5528
vn 0.5905 -0.3945 0.7041
vn 0.5905 -0.3945 -0.7041
vn 0.6929 -0.4630 0.5528
vn 0.2743 -0.2743 0.9217
vn 0.3958 -0.3958 0.8286
vn 0.6539 -0.6539 -0.3805
vn 0.5893 -0.5893 -0.5528
vn 0.5021 -0.5021 0.7041
vn 0.5021 -0.5021 -0.7041
vn 0.5893 -0.5893 0.5528
vn 0.3958 -0.3958 -0.8286
vn 0.6539 -0.6539 0.3805
vn 0.2743 -0.2743 -0.9217
vn 0.6937 -0.6937 0.1939
vn 0.1421 -0.1421 -0.9796
vn 0.5377 -0.5377 -0.6494
vn 0.1421 -0.1421 0.9796
vn -0.7026 -0.2910 -0.6494
vn -0.6620 -0.2742 -0.6976
vn 0.6937 -0.6937 -0.1939
vn 0.5138 -0.7689 0.3805
vn 0.5450 -0.8157 0.1939
vn 0.2155 -0.3225 -0.9217
vn 0.1117 -0.1671 -0.9796
vn 0.4225 -0.6323 -0.6494
vn 0.1117 -0.1671 0.9796
vn 0.7605 -0.0000 0.6494
vn 0.7165 -0.0000 0.6976
vn 0.2155 -0.3225 0.9217
vn 0.5450 -0.8157 -0.1939
vn 0.5138 -0.7689 -0.3805
vn 0.3110 -0.4654 0.8286
vn 0.4630 -0.6929 -0.5528
vn 0.3945 -0.5905 0.7041
vn 0.3945 -0.5905 -0.7041
vn 0.4630 -0.6929 0.5528
vn 0.3110 -0.4654 -0.8286
vn 0.3539 -0.8544 -0.3805
vn 0.3189 -0.7699 -0.5528
vn 0.2142 -0.5172 0.8286
vn 0.2718 -0.6561 0.7041
vn 0.2718 -0.6561 -0.7041
vn 0.3189 -0.7699 0.5528
vn 0.2142 -0.5172 -0.8286
vn 0.3539 -0.8544 0.3805
vn 0.1484 -0.3584 -0.9217
vn 0.3754 -0.9063 0.1939
vn 0.0769 -0.1857 -0.9796
vn 0.2910 -0.7026 -0.6494
vn 0.0769 -0.1857 0.9796
vn -0.7459 -0.1484 -0.6494
vn -0.7027 -0.1398 -0.6976
vn 0.1484 -0.3584 0.9217
vn 0.3754 -0.9063 -0.1939
vn 0.0757 -0.3804 -0.9217
vn 0.0392 -0.1971 -0.9796
vn 0.1914 -0.9622 0.1939
vn 0.1484 -0.7459 -0.6494
vn 0.0392 -0.1971 0.9796
vn 0.7459 -0.1484 0.6494
vn 0.7027 -0.1398 0.6976
vn 0.0757 -0.3804 0.9217
vn 0.1914 -0.9622 -0.1939
vn 0.1804 -0.9070 -0.3805
vn 0.1092 -0.5490 0.8286
vn 0.1626 -0.8173 -0.5528
vn 0.1385 -0.6965 0.7041
vn 0.1385 -0.6965 -0.7041
vn 0.1626 -0.8173 0.5528
vn 0.1092 -0.5490 -0.8286
vn 0.1804 -0.9070 0.3805
vn -0.0000 -0.8333 -0.5528
vn -0.0000 -0.7101 -0.7041
vn -0.0000 -0.7101 0.7041
vn -0.0000 -0.8333 0.5528
vn -0.0000 -0.5598 -0.8286
vn -0.0000 -0.9248 0.3805
vn -0.0000 -0.3879 -0.9217
vn -0.0000 -0.9810 0.1939
vn -0.0000 -0.2010 -0.9796
vn -0.0000 -0.7605 -0.6494
vn -0.0000 -0.2010 0.9796
vn -0.7605 -0.0000 -0.6494
vn -0.7165 -0.0000 -0.6976
vn -0.0000 -0.3879 0.9217
vn -0.0000 -0.9810 -0.1939
vn -0.0000 -0.9248 -0.3805
vn -0.0000 -0.5598 0.8286
vn -0.0392 -0.1971 0.9796
vn -0.0392 -0.1971 -0.9796
vn 0.7026 -0.2910 0.6494
vn 0.6620 -0.2742 0.6976
vn -0.0757 -0.3804 0.9217
vn -0.1914 -0.9622 -0.1939
vn -0.1804 -0.9070 -0.3805
vn -0.1092 -0.5490 0.8286
vn -0.1626 -0.8173 -0.5528
vn -0.1385 -0.6965 0.7041
vn -0.1385 -0.6965 -0.7041
vn -0.1626 -0.8173 0.5528
vn -0.1092 -0.5490 -0.8286
vn -0.1804 -0.9070 0.3805
vn -0.0757 -0.3804 -0.9217
vn -0.1914 -0.9622 0.1939
vn -0.2718 -0.6561 0.7041
vn -0.3189 -0.7699 0.5528
vn -0.2718 -0.6561 -0.7041
vn -0.2142 -0.5172 -0.8286
vn -0.3539 -0.8544 0.3805
vn -0.1484 -0.3584 -0.9217
vn -0.3754 -0.9063 0.1939
vn -0.0769 -0.1857 -0.9796
vn -0.0769 -0.1857 0.9796
vn -0.7459 0.1484 -0.6494
vn -0.7027 0.1398 -0.6976
vn -0.1484 -0.3584 0.9217
vn -0.3754 -0.9063 -0.1939
vn -0.3539 -0.8544 -0.3805
vn -0.2142 -0.5172 0.8286
vn -0.3189 -0.7699 -0.5528
vn 0.6323 -0.4225 0.6494
vn 0.5958 -0.3981 0.6976
vn -0.1117 -0.1671 0.9796
vn -0.2155 -0.3225 0.9217
vn -0.5450 -0.8157 -0.1939
vn -0.5138 -0.7689 -0.3805
vn -0.3110 -0.4654 0.8286
vn -0.4630 -0.6929 -0.5528
vn -0.3945 -0.5905 0.7041
vn -0.3945 -0.5905 -0.7041
vn -0.4630 -0.6929 0.5528
vn -0.3110 -0.4654 -0.8286
vn -0.5138 -0.7689 0.3805
vn -0.2155 -0.3225 -0.9217
vn -0.5450 -0.8157 0.1939
vn -0.1117 -0.1671 -0.9796
vn -0.5021 -0.5021 -0.7041
vn -0.3958 -0.3958 -0.8286
vn -0.5893 -0.5893 0.5528
vn -0.6539 -0.6539 0.3805
vn -0.2743 -0.2743 -0.9217
vn -0.6937 -0.6937 0.1939
vn -0.1421 -0.1421 -0.9796
vn -0.1421 -0.1421 0.9796
vn -0.7026 0.2910 -0.6494
vn -0.6620 0.2742 -0.6976
vn -0.2743 -0.2743 0.9217
vn -0.6937 -0.6937 -0.1939
vn -0.6539 -0.6539 -0.3805
vn -0.3958 -0.3958 0.8286
vn -0.5893 -0.5893 -0.5528
vn -0.5021 -0.5021 0.7041
vn -0.1671 -0.1117 0.9796
vn -0.3225 -0.2155 0.9217
vn -0.8157 -0.5450 -0.1939
vn -0.7689 -0.5138 -0.3805
vn -0.4654 -0.3110 0.8286
vn -0.6929 -0.4630 -0.5528
vn -0.5905 -0.3945 0.7041
vn -0.5905 -0.3945 -0.7041
vn -0.6929 -0.4630 0.5528
vn -0.4654 -0.3110 -0.8286
vn -0.7689 -0.5138 0.3805
vn -0.3225 -0.2155 -0.9217
vn -0.8157 -0.5450 0.1939
vn -0.1671 -0.1117 -0.9796
vn 0.5377 -0.5377 0.6494
vn 0.5066 -0.5066 0.6976
vn -0.7699 -0.3189 0.5528
vn -0.8544 -0.3539 0.3805
vn -0.5172 -0.2142 -0.8286
vn -0.3584 -0.1484 -0.9217
vn -0.9063 -0.3754 0.1939
vn -0.1857 -0.0769 -0.9796
vn -0.1857 -0.0769 0.9796
vn -0.6323 0.4225 -0.6494
vn -0.5958 0.3981 -0.6976
vn -0.3584 -0.1484 0.9217
vn -0.9063 -0.3754 -0.1939
vn -0.8544 -0.3539 -0.3805
vn -0.5172 -0.2142 0.8286
vn -0.7699 -0.3189 -0.5528
vn -0.6561 -0.2718 0.7041
vn -0.6561 -0.2718 -0.7041
vn -0.9622 -0.1914 -0.1939
vn -0.9070 -0.1804 -0.3805
vn -0.3804 -0.0757 0.9217
vn -0.5490 -0.1092 0.8286
vn -0.8173 -0.1626 -0.5528
vn -0.6965 -0.1385 0.7041
vn -0.6965 -0.1385 -0.7041
vn -0.8173 -0.1626 0.5528
vn -0.5490 -0.1092 -0.8286
vn -0.9070 -0.1804 0.3805
vn -0.3804 -0.0757 -0.9217
vn -0.9622 -0.1914 0.1939
vn -0.1971 -0.0392 -0.9796
vn -0.1971 -0.0392 0.9796
vn -0.5598 -0.0000 -0.8286
vn -0.3879 -0.0000 -0.9217
vn -0.9248 -0.0000 0.3805
vn -0.9810 -0.0000 0.1939
vn -0.2010 -0.0000 -0.9796
vn -0.2010 -0.0000 0.9796
vn 0.4225 -0.6323 0.6494
vn 0.3981 -0.5958 0.6976
vn -0.3879 -0.0000 0.9217
vn -0.9810 -0.0000 -0.1939
vn -0.9248 -0.0000 -0.3805
vn -0.5598 -0.0000 0.8286
vn -0.8333 -0.0000 -0.5528
vn -0.7101 -0.0000 0.7041
vn -0.7101 -0.0000 -0.7041
vn -0.8333 -0.0000 0.5528
vn -0.9070 0.1804 -0.3805
vn -0.8173 0.1626 -0.5528
vn -0.5490 0.1092 0.8286
vn -0.6965 0.1385 0.7041
vn -0.6965 0.1385 -0.7041
vn -0.8173 0.1626 0.5528
vn -0.5490 0.1092 -0.8286
vn -0.9070 0.1804 0.3805
vn -0.3804 0.0757 -0.9217
vn -0.9622 0.1914 0.1939
vn -0.1971 0.0392 -0.9796
vn -0.1971 0.0392 0.9796
vn -0.5377 0.5377 -0.6494
vn -0.5066 0.5066 -0.6976
vn -0.3804 0.0757 0.9217
vn -0.9622 0.1914 -0.1939
vn -0.3584 0.1484 -0.9217
vn -0.1857 0.0769 -0.9796
vn -0.9063 0.3754 0.1939
vn -0.1857 0.0769 0.9796
vn -0.3584 0.1484 0.9217
vn -0.9063 0.3754 -0.1939
vn -0.8544 0.3539 -0.3805
vn -0.5172 0.2142 0.8286
vn -0.7699 0.3189 -0.5528
vn -0.6561 0.2718 0.7041
vn -0.6561 0.2718 -0.7041
vn -0.7699 0.3189 0.5528
vn -0.5172 0.2142 -0.8286
vn -0.8544 0.3539 0.3805
vn -0.4654 0.3110 0.8286
vn -0.5905 0.3945 0.7041
vn -0.6929 0.4630 -0.5528
vn -0.5905 0.3945 -0.7041
vn -0.6929 0.4630 0.5528
vn -0.4654 0.3110 -0.8286
vn -0.7689 0.5138 0.3805
vn -0.3225 0.2155 -0.9217
vn -0.8157 0.5450 0.1939
vn -0.1671 0.1117 -0.9796
vn -0.1671 0.1117 0.9796
vn 0.2910 -0.7026 0.6494
vn 0.2742 -0.6620 0.6976
vn -0.3225 0.2155 0.9217
vn -0.8157 0.5450 -0.1939
vn -0.7689 0.5138 -0.3805
vn -0.6937 0.6937 0.1939
vn -0.1421 0.1421 0.9796
vn -0.1421 0.1421 -0.9796
vn -0.4225 0.6323 -0.6494
vn -0.3981 0.5958 -0.6976
vn -0.2743 0.2743 0.9217
vn -0.6937 0.6937 -0.1939
vn -0.6539 0.6539 -0.3805
vn -0.3958 0.3958 0.8286
vn -0.5893 0.5893 -0.5528
vn -0.5021 0.5021 0.7041
vn -0.5021 0.5021 -0.7041
vn -0.5893 0.5893 0.5528
vn -0.3958 0.3958 -0.8286
vn -0.6539 0.6539 0.3805
vn -0.2743 0.2743 -0.9217
vn -0.4630 0.6929 -0.5528
vn -0.3945 0.5905 -0.7041
vn -0.3945 0.5905 0.7041
vn -0.4630 0.6929 0.5528
vn -0.3110 0.4654 -0.8286
vn -0.5138 0.7689 0.3805
vn -0.2155 0.3225 -0.9217
vn -0.5450 0.8157 0.1939
vn -0.1117 0.1671 -0.9796
vn -0.1117 0.1671 0.9796
vn 0.3981 0.5958 -0.6976
vn 0.4562 0.8536 -0.2515
vn -0.2155 0.3225 0.9217
vn -0.5450 0.8157 -0.1939
vn -0.5138 0.7689 -0.3805
vn -0.3110 0.4654 0.8286
vn -0.0769 0.1857 0.9796
vn -0.0769 0.1857 -0.9796
vn 0.1484 -0.7459 0.6494
vn 0.1398 -0.7027 0.6976
vn -0.1484 0.3584 0.9217
vn -0.4513 0.8443 -0.2890
vn -0.4185 0.8608 -0.2898
vn -0.3539 0.8544 -0.3805
vn -0.4596 0.8598 -0.2228
vn -0.2142 0.5172 0.8286
vn -0.3189 0.7699 -0.5528
vn -0.2718 0.6561 0.7041
vn -0.2718 0.6561 -0.7041
vn -0.3189 0.7699 0.5528
vn -0.2142 0.5172 -0.8286
vn -0.3539 0.8544 0.3805
vn -0.1484 0.3584 -0.9217
vn -0.4513 0.8443 0.2890
vn -0.4596 0.8598 0.2228
vn -0.4185 0.8608 0.2898
vn -0.4691 0.8777 0.0975
vn -0.4237 0.7927 -0.4382
vn -0.1385 0.6965 0.7041
vn -0.1626 0.8173 0.5528
vn -0.1385 0.6965 -0.7041
vn -0.1092 0.5490 -0.8286
vn -0.2563 0.8448 0.4696
vn -0.2623 0.8646 0.4285
vn -0.1907 0.8611 0.4713
vn -0.0757 0.3804 -0.9217
vn -0.2779 0.9161 0.2890
vn -0.0392 0.1971 -0.9796
vn -0.0392 0.1971 0.9796
vn -0.4562 0.8536 -0.2515
vn -0.0757 0.3804 0.9217
vn -0.2623 0.8646 -0.4285
vn -0.2779 0.9161 -0.2890
vn -0.1092 0.5490 0.8286
vn -0.2563 0.8448 -0.4696
vn -0.1907 0.8611 -0.4713
vn -0.1626 0.8173 -0.5528
vn 0.5067 0.5066 -0.6976
vn -0.0865 0.8786 -0.4696
vn -0.0865 0.8786 0.4696
vn -0.0000 -0.7605 0.6494
vn -0.0000 -0.7165 0.6976
vn 0.5958 0.3981 -0.6976
vn -0.1484 -0.7459 0.6494
vn -0.1398 -0.7027 0.6976
vn 0.6620 0.2742 -0.6976
vn -0.2910 -0.7026 0.6494
vn -0.2742 -0.6620 0.6976
vn 0.7027 0.1398 -0.6976
vn -0.4225 -0.6323 0.6494
vn -0.3981 -0.5958 0.6976
vn 0.7165 -0.0000 -0.6976
vn -0.5377 -0.5377 0.6494
vn -0.5066 -0.5066 0.6976
vn 0.7027 -0.1398 -0.6976
vn -0.6323 -0.4225 0.6494
vn -0.5958 -0.3981 0.6976
vn 0.6620 -0.2742 -0.6976
vn -0.7026 -0.2910 0.6494
vn -0.6620 -0.2742 0.6976
vn 0.5958 -0.3981 -0.6976
vn -0.7459 -0.1484 0.6494
vn -0.7027 -0.1398 0.6976
vn 0.5066 -0.5066 -0.6976
vn -0.7605 -0.0000 0.6494
vn -0.7165 -0.0000 0.6976
vn 0.3981 -0.5958 -0.6976
vn -0.7459 0.1484 0.6494
vn -0.7027 0.1398 0.6976
vn 0.2742 -0.6620 -0.6976
vn -0.7026 0.2910 0.6494
vn -0.6620 0.2742 0.6976
vn 0.1398 -0.7027 -0.6976
vn -0.6323 0.4225 0.6494
vn -0.5958 0.3981 0.6976
vn -0.0000 -0.7165 -0.6976
vn -0.5377 0.5377 0.6494
vn -0.5066 0.5066 0.6976
vn 0.4562 0.8536 0.2515
vn 0.4237 0.7927 0.4382
vn -0.4691 0.8777 -0.0975
vn 0.4691 0.8777 -0.0975
vn 0.4714 0.8819 -0.0000
vn 0.5556 0.8315 -0.0000
vn 0.7071 0.7071 -0.0000
vn 0.8315 0.5556 -0.0000
vn 0.9239 0.3827 -0.0000
vn 0.9808 0.1951 -0.0000
vn 1.0000 -0.0000 -0.0000
vn 0.9808 -0.1951 -0.0000
vn 0.9239 -0.3827 -0.0000
vn 0.8315 -0.5556 -0.0000
vn 0.7071 -0.7071 -0.0000
vn 0.5556 -0.8315 -0.0000
vn 0.3827 -0.9239 -0.0000
vn 0.1951 -0.9808 -0.0000
vn -0.0000 -1.0000 -0.0000
vn -0.1951 -0.9808 -0.0000
vn -0.3827 -0.9239 -0.0000
vn -0.5556 -0.8315 -0.0000
vn -0.7071 -0.7071 -0.0000
vn -0.8315 -0.5556 -0.0000
vn -0.9239 -0.3827 -0.0000
vn -0.9808 -0.1951 -0.0000
vn -1.0000 -0.0000 -0.0000
vn -0.9808 0.1951 -0.0000
vn -0.9239 0.3827 -0.0000
vn -0.8315 0.5556 -0.0000
vn -0.7071 0.7071 -0.0000
vn -0.5556 0.8315 -0.0000
vn -0.4714 0.8819 -0.0000
vn -0.0980 -0.0000 -0.9952
vn -0.2903 -0.0000 -0.9569
vn -0.4714 -0.0000 -0.8819
vn -0.6344 -0.0000 -0.7730
vn -0.7730 -0.0000 -0.6344
vn -0.8819 -0.0000 -0.4714
vn -0.9569 -0.0000 -0.2903
vn -0.9569 -0.0000 0.2903
vn -0.8819 -0.0000 0.4714
vn -0.7730 -0.0000 0.6344
vn -0.6344 -0.0000 0.7730
vn -0.4714 -0.0000 0.8819
vn -0.2903 -0.0000 0.9569
vn -0.0980 -0.0000 0.9952
vn 0.0980 -0.0000 0.9952
vn 0.2903 -0.0000 0.9569
vn 0.4714 -0.0000 0.8819
vn 0.6344 -0.0000 0.7730
vn 0.7730 -0.0000 0.6344
vn 0.8819 -0.0000 0.4714
vn 0.9569 -0.0000 0.2903
vn 0.9569 -0.0000 -0.2903
vn 0.8819 -0.0000 -0.4714
vn 0.7730 -0.0000 -0.6344
vn 0.6344 -0.0000 -0.7730
vn 0.4714 -0.0000 -0.8819
vn -0.0000 1.0000 -0.0000
vn 0.2903 -0.0000 -0.9569
vn 0.0980 -0.0000 -0.9952
vn 0.9952 -0.0000 0.0980
vn 0.9952 -0.0000 -0.0980
vn -0.9952 -0.0000 -0.0980
vn -0.9952 -0.0000 0.0980
vt 0.496002 0.628444
vt 0.533701 0.621533
vt 0.533596 0.627823
vt 0.514748 0.004246
vt 0.545396 0.015444
vt 0.541824 0.026501
vt 0.513061 0.015992
vt 0.866050 0.437117
vt 0.875302 0.473755
vt 0.869169 0.475156
vt 0.854020 0.439865
vt 0.853136 0.403459
vt 0.835671 0.407448
vt 0.855045 0.777541
vt 0.850049 0.761074
vt 0.874058 0.763577
vt 0.874058 0.795521
vt 0.856816 0.795521
vt 0.837058 0.374074
vt 0.814829 0.379152
vt 0.903899 0.795521
vt 0.903899 0.768355
vt 0.214849 0.837450
vt 0.185008 0.837450
vt 0.185008 0.810284
vt 0.214849 0.805506
vt 0.928389 0.795521
vt 0.928389 0.774177
vt 0.233863 0.819470
vt 0.232092 0.837450
vt 0.238858 0.803003
vt 0.569183 0.610739
vt 0.601084 0.596477
vt 0.600784 0.614389
vt 0.568977 0.623077
vt 0.880537 0.511966
vt 0.565907 0.635306
vt 0.532031 0.634057
vt 0.863392 0.477974
vt 0.086861 0.362690
vt 0.086833 0.368674
vt 0.071645 0.359200
vt 0.077228 0.349118
vt 0.098593 0.362445
vt 0.842688 0.445392
vt 0.821821 0.723786
vt 0.840012 0.725897
vt 0.840012 0.742769
vt 0.829822 0.730352
vt 0.819220 0.415472
vt 0.841283 0.744318
vt 0.874058 0.732861
vt 0.849800 0.760252
vt 0.793891 0.389365
vt 0.903899 0.742233
vt 0.185008 0.784163
vt 0.214849 0.774791
vt 0.928389 0.753653
vt 0.239107 0.802181
vt 0.248895 0.767827
vt 0.248895 0.784698
vt 0.247624 0.786247
vt 0.596328 0.632143
vt 0.267087 0.765715
vt 0.259086 0.772281
vt 0.804414 0.427222
vt 0.775046 0.404319
vt 0.874058 0.704554
vt 0.903899 0.718159
vt 0.767673 0.368072
vt 0.745515 0.385657
vt 0.680767 0.050582
vt 0.707743 0.023013
vt 0.719162 0.035880
vt 0.689738 0.060693
vt 0.214849 0.746483
vt 0.248895 0.736373
vt 0.658566 0.082036
vt 0.664746 0.089000
vt 0.273052 0.760819
vt 0.285837 0.730147
vt 0.285837 0.753986
vt 0.560092 0.646955
vt 0.529067 0.639996
vt 0.288985 0.752303
vt 0.305046 0.729096
vt 0.305046 0.747431
vt 0.858193 0.482100
vt 0.276366 0.330687
vt 0.251697 0.355437
vt 0.246207 0.345586
vt 0.269358 0.322358
vt 0.832489 0.453485
vt 0.815856 0.718890
vt 0.803071 0.712057
vt 0.803071 0.688218
vt 0.840012 0.694443
vt 0.285837 0.700879
vt 0.305046 0.699541
vt 0.853772 0.487375
vt 0.524817 0.645410
vt 0.573812 0.033551
vt 0.568493 0.043495
vt 0.823816 0.463834
vt 0.803071 0.658950
vt 0.840012 0.666874
vt 0.791823 0.442246
vt 0.751886 0.015518
vt 0.786654 0.000387
vt 0.799731 0.023013
vt 0.763655 0.035881
vt 0.759021 0.423441
vt 0.729171 0.053198
vt 0.726670 0.408141
vt 0.697602 0.074299
vt 0.716954 0.371952
vt 0.696015 0.396936
vt 0.670163 0.098372
vt 0.248895 0.708803
vt 0.551756 0.657577
vt 0.773314 0.060693
vt 0.737385 0.074298
vt 0.746429 0.445995
vt 0.711864 0.434662
vt 0.704056 0.090877
vt 0.679564 0.426404
vt 0.674608 0.109792
vt 0.668233 0.390255
vt 0.650768 0.421538
vt 0.541219 0.666763
vt 0.519445 0.650094
vt 0.285837 0.676859
vt 0.305046 0.675286
vt 0.850298 0.493598
vt 0.817002 0.476040
vt 0.836011 0.015089
vt 0.847404 0.044357
vt 0.810463 0.050582
vt 0.781930 0.459966
vt 0.513158 0.653865
vt 0.296656 0.300733
vt 0.288401 0.294247
vt 0.847905 0.500528
vt 0.812308 0.489635
vt 0.855870 0.077748
vt 0.818438 0.082036
vt 0.775115 0.479703
vt 0.780491 0.089000
vt 0.737756 0.471114
vt 0.743488 0.098372
vt 0.701666 0.464200
vt 0.708852 0.109792
vt 0.668232 0.459224
vt 0.677912 0.122821
vt 0.638738 0.456380
vt 0.650174 0.130316
vt 0.651858 0.136958
vt 0.594144 0.678078
vt 0.610309 0.679129
vt 0.618775 0.712521
vt 0.602693 0.711797
vt 0.747247 0.124494
vt 0.711805 0.130316
vt 0.696467 0.495619
vt 0.662455 0.494136
vt 0.679946 0.136958
vt 0.632605 0.493441
vt 0.652895 0.144165
vt 0.623988 0.748752
vt 0.607957 0.748383
vt 0.846685 0.507900
vt 0.506196 0.656580
vt 0.598905 0.057872
vt 0.592042 0.066320
vt 0.809915 0.504095
vt 0.861083 0.113980
vt 0.823349 0.116166
vt 0.771641 0.500696
vt 0.784911 0.119716
vt 0.733335 0.497834
vt 0.846685 0.515431
vt 0.809915 0.518866
vt 0.862844 0.151660
vt 0.825007 0.151660
vt 0.771641 0.522141
vt 0.786403 0.151660
vt 0.733335 0.525128
vt 0.748516 0.151660
vt 0.696467 0.527713
vt 0.712802 0.151660
vt 0.662455 0.529796
vt 0.680633 0.151660
vt 0.632605 0.531298
vt 0.653245 0.151660
vt 0.625748 0.786432
vt 0.609735 0.786432
vt 0.498828 0.658134
vt 0.701666 0.559247
vt 0.668232 0.564836
vt 0.711805 0.173004
vt 0.679946 0.166362
vt 0.638738 0.568496
vt 0.652895 0.159155
vt 0.623988 0.824112
vt 0.607957 0.824481
vt 0.847905 0.522830
vt 0.491336 0.658467
vt 0.311788 0.266726
vt 0.302602 0.262332
vt 0.812308 0.533380
vt 0.861083 0.189340
vt 0.823349 0.187153
vt 0.775115 0.543211
vt 0.784911 0.183603
vt 0.737756 0.551945
vt 0.747247 0.178825
vt 0.855870 0.225571
vt 0.818438 0.221283
vt 0.817002 0.547079
vt 0.781930 0.563099
vt 0.780491 0.214319
vt 0.746429 0.577257
vt 0.743488 0.204947
vt 0.711864 0.589011
vt 0.708852 0.193527
vt 0.679564 0.597907
vt 0.677912 0.180499
vt 0.650768 0.603605
vt 0.651858 0.166362
vt 0.618775 0.860344
vt 0.602693 0.861068
vt 0.850298 0.529813
vt 0.484009 0.657567
vt 0.619709 0.087471
vt 0.611567 0.094098
vt 0.704056 0.212442
vt 0.674608 0.193527
vt 0.696015 0.627740
vt 0.668233 0.635275
vt 0.650174 0.173004
vt 0.610309 0.893735
vt 0.594144 0.894786
vt 0.853772 0.536113
vt 0.477128 0.655468
vt 0.321181 0.229974
vt 0.311417 0.227840
vt 0.823816 0.559436
vt 0.847404 0.258963
vt 0.810463 0.252737
vt 0.791823 0.581039
vt 0.773314 0.242627
vt 0.759021 0.600091
vt 0.737385 0.229021
vt 0.726670 0.615860
vt 0.832489 0.569977
vt 0.804414 0.596342
vt 0.799731 0.280307
vt 0.763655 0.267439
vt 0.775046 0.619568
vt 0.729171 0.250122
vt 0.745515 0.638762
vt 0.697602 0.229021
vt 0.716954 0.653188
vt 0.670163 0.204947
vt 0.757597 0.978787
vt 0.720302 0.969860
vt 0.722292 0.944654
vt 0.759710 0.952028
vt 0.458212 0.677305
vt 0.446108 0.670993
vt 0.470958 0.652250
vt 0.776832 0.980385
vt 0.778965 0.953365
vt 0.858193 0.541487
vt 0.635426 0.121211
vt 0.626317 0.125763
vt 0.836011 0.288231
vt 0.723925 0.915011
vt 0.761443 0.920559
vt 0.435863 0.662731
vt 0.465735 0.648038
vt 0.780716 0.921587
vt 0.863392 0.545728
vt 0.324472 0.191888
vt 0.314506 0.192096
vt 0.842688 0.578296
vt 0.380637 0.966320
vt 0.344315 0.972911
vt 0.346276 0.941454
vt 0.382484 0.936689
vt 0.819220 0.608420
vt 0.786654 0.302933
vt 0.751886 0.287802
vt 0.793891 0.634940
vt 0.719162 0.267439
vt 0.767673 0.656838
vt 0.689738 0.242627
vt 0.687407 0.932863
vt 0.688877 0.906184
vt 0.664746 0.214319
vt 0.415408 0.928580
vt 0.383935 0.903756
vt 0.416714 0.898941
vt 0.835672 0.616808
vt 0.814829 0.645617
vt 0.443783 0.917440
vt 0.444894 0.892234
vt 0.657643 0.894418
vt 0.658572 0.869205
vt 0.689969 0.876536
vt 0.707743 0.280307
vt 0.680767 0.252737
vt 0.725139 0.882068
vt 0.407533 0.671958
vt 0.395930 0.657591
vt 0.427871 0.652835
vt 0.762731 0.885587
vt 0.461661 0.642993
vt 0.782017 0.886272
vt 0.869169 0.548674
vt 0.645451 0.157796
vt 0.635726 0.160098
vt 0.854020 0.584075
vt 0.347816 0.906493
vt 0.422438 0.641686
vt 0.458891 0.637310
vt 0.763525 0.848457
vt 0.782818 0.848779
vt 0.875302 0.550211
vt 0.321537 0.153932
vt 0.311751 0.156475
vt 0.866050 0.587090
vt 0.348878 0.869370
vt 0.384935 0.868786
vt 0.853136 0.621186
vt 0.417614 0.867469
vt 0.837058 0.651188
vt 0.445659 0.865469
vt 0.659144 0.842436
vt 0.690641 0.845059
vt 0.467391 0.883892
vt 0.467992 0.862863
vt 0.725886 0.847092
vt 0.388043 0.641406
vt 0.418072 0.835375
vt 0.446049 0.838175
vt 0.659337 0.815139
vt 0.690868 0.812962
vt 0.357028 0.636478
vt 0.352106 0.614354
vt 0.384176 0.624023
vt 0.726139 0.811428
vt 0.419774 0.629713
vt 0.763793 0.810596
vt 0.457533 0.631206
vt 0.783088 0.810547
vt 0.881555 0.550280
vt 0.649400 0.195819
vt 0.639432 0.195783
vt 0.878315 0.587226
vt 0.349418 0.831511
vt 0.385444 0.833125
vt 0.870943 0.621383
vt 0.632605 0.839323
vt 0.632757 0.817876
vt 0.002559 0.561658
vt 0.000387 0.523240
vt 0.008696 0.560920
vt 0.457638 0.624916
vt 0.312487 0.117565
vt 0.303258 0.122345
vt 0.008991 0.598599
vt 0.021030 0.597151
vt 0.349418 0.794373
vt 0.385444 0.798141
vt 0.019436 0.632645
vt 0.036914 0.630543
vt 0.418072 0.803890
vt 0.632605 0.796840
vt 0.659144 0.788365
vt 0.446049 0.811400
vt 0.690641 0.781478
vt 0.352488 0.591556
vt 0.384476 0.606111
vt 0.725886 0.776445
vt 0.419981 0.617375
vt 0.763525 0.773458
vt 0.782818 0.773045
vt 0.658572 0.763141
vt 0.689969 0.751818
vt 0.358160 0.568961
vt 0.388932 0.588357
vt 0.725139 0.743488
vt 0.423050 0.605146
vt 0.762731 0.738472
vt 0.459203 0.618682
vt 0.782017 0.737716
vt 0.014598 0.558733
vt 0.647120 0.233820
vt 0.637292 0.231446
vt 0.032606 0.592863
vt 0.348878 0.759381
vt 0.384935 0.765180
vt 0.053720 0.624317
vt 0.417614 0.774226
vt 0.055738 0.659811
vt 0.077128 0.651887
vt 0.325246 0.574271
vt 0.331915 0.547701
vt 0.297670 0.084185
vt 0.289352 0.091017
vt 0.020036 0.555183
vt 0.043275 0.585899
vt 0.347816 0.727882
vt 0.383935 0.735508
vt 0.069209 0.614207
vt 0.416714 0.747522
vt 0.096841 0.639019
vt 0.344549 0.522391
vt 0.368904 0.547436
vt 0.101931 0.674513
vt 0.125111 0.659382
vt 0.397374 0.571446
vt 0.688877 0.725121
vt 0.723925 0.713824
vt 0.428865 0.593497
vt 0.761443 0.706981
vt 0.462168 0.612743
vt 0.780716 0.705917
vt 0.384307 0.527809
vt 0.409476 0.556025
vt 0.152932 0.674513
vt 0.145429 0.639019
vt 0.175508 0.651887
vt 0.437201 0.582875
vt 0.722292 0.688593
vt 0.759710 0.680195
vt 0.466417 0.607328
vt 0.778965 0.678869
vt 0.024804 0.550405
vt 0.638699 0.270337
vt 0.629389 0.265718
vt 0.052626 0.576527
vt 0.346276 0.701085
vt 0.382484 0.710265
vt 0.082784 0.600601
vt 0.325246 0.497273
vt 0.345371 0.471629
vt 0.362661 0.499312
vt 0.114120 0.621702
vt 0.028716 0.544584
vt 0.060300 0.565107
vt 0.333101 0.445824
vt 0.360107 0.422279
vt 0.370810 0.449451
vt 0.093926 0.584022
vt 0.385556 0.479353
vt 0.128300 0.600601
vt 0.403777 0.510835
vt 0.162103 0.614207
vt 0.424773 0.542688
vt 0.194035 0.624317
vt 0.447738 0.573689
vt 0.203201 0.659811
vt 0.222869 0.630543
vt 0.471789 0.602645
vt 0.757597 0.659144
vt 0.776832 0.657612
vt 0.277656 0.055073
vt 0.270569 0.063696
vt 0.174493 0.585899
vt 0.207802 0.592863
vt 0.442679 0.531948
vt 0.460072 0.566291
vt 0.237484 0.597151
vt 0.478077 0.598873
vt 0.235183 0.631594
vt 0.249942 0.597875
vt 0.031623 0.537942
vt 0.624461 0.303969
vt 0.616026 0.297281
vt 0.066003 0.552079
vt 0.391716 0.403319
vt 0.400586 0.431590
vt 0.102204 0.565107
vt 0.412353 0.463278
vt 0.138837 0.576527
vt 0.426566 0.497165
vt 0.426715 0.389670
vt 0.433554 0.418734
vt 0.069514 0.537942
vt 0.107302 0.544584
vt 0.442023 0.451708
vt 0.145326 0.550406
vt 0.451799 0.487325
vt 0.182123 0.555183
vt 0.462504 0.524217
vt 0.216280 0.558734
vt 0.473727 0.560965
vt 0.246484 0.560920
vt 0.485038 0.596158
vt 0.259030 0.561289
vt 0.033413 0.530735
vt 0.483487 0.519792
vt 0.488181 0.557917
vt 0.219143 0.523240
vt 0.249523 0.523240
vt 0.492406 0.594604
vt 0.262098 0.523240
vt 0.034018 0.523240
vt 0.253214 0.031350
vt 0.247631 0.041432
vt 0.070700 0.523240
vt 0.463757 0.381858
vt 0.468447 0.411375
vt 0.109024 0.523240
vt 0.473426 0.445085
vt 0.147517 0.523240
vt 0.478505 0.481693
vt 0.184699 0.523240
vt 0.503924 0.409797
vt 0.505355 0.443665
vt 0.107302 0.501896
vt 0.145326 0.496074
vt 0.505658 0.480485
vt 0.182123 0.491296
vt 0.504821 0.518843
vt 0.216280 0.487746
vt 0.502876 0.557264
vt 0.246484 0.485560
vt 0.499898 0.594271
vt 0.259030 0.485191
vt 0.033413 0.515745
vt 0.604953 0.333421
vt 0.597718 0.324922
vt 0.069514 0.508538
vt 0.501420 0.380183
vt 0.517248 0.559030
vt 0.507225 0.595172
vt 0.237485 0.449328
vt 0.249942 0.448604
vt 0.031623 0.508538
vt 0.066003 0.494401
vt 0.538255 0.384710
vt 0.538622 0.414061
vt 0.102204 0.481372
vt 0.536583 0.447502
vt 0.138837 0.469953
vt 0.532215 0.483749
vt 0.174493 0.460581
vt 0.525686 0.521407
vt 0.207803 0.453617
vt 0.093926 0.462458
vt 0.128300 0.445879
vt 0.565909 0.456449
vt 0.557155 0.491357
vt 0.162103 0.432273
vt 0.545282 0.527385
vt 0.194035 0.422163
vt 0.530746 0.563148
vt 0.222869 0.415937
vt 0.514106 0.597271
vt 0.235183 0.414886
vt 0.028716 0.501896
vt 0.225284 0.013926
vt 0.221418 0.025079
vt 0.060300 0.481372
vt 0.572848 0.395263
vt 0.571208 0.424002
vt 0.305046 0.999613
vt 0.285837 0.998040
vt 0.285837 0.974021
vt 0.305046 0.975358
vt 0.024804 0.496074
vt 0.520276 0.600488
vt 0.580924 0.357563
vt 0.575167 0.347579
vt 0.052626 0.469952
vt 0.603869 0.411439
vt 0.600429 0.439239
vt 0.082784 0.445879
vt 0.592207 0.470162
vt 0.114120 0.424778
vt 0.579520 0.503019
vt 0.145429 0.407461
vt 0.562853 0.536548
vt 0.175508 0.394593
vt 0.542849 0.569459
vt 0.203201 0.386669
vt 0.614467 0.488114
vt 0.598450 0.518286
vt 0.096842 0.407461
vt 0.125112 0.387098
vt 0.577727 0.548542
vt 0.152932 0.371967
vt 0.553094 0.577721
vt 0.248895 0.966097
vt 0.248895 0.938527
vt 0.285837 0.944753
vt 0.525499 0.604700
vt 0.305046 0.945804
vt 0.020036 0.491296
vt 0.416154 0.360773
vt 0.416285 0.366755
vt 0.400834 0.356909
vt 0.406153 0.346965
vt 0.427888 0.360815
vt 0.043275 0.460581
vt 0.840012 0.924168
vt 0.803071 0.932092
vt 0.803071 0.902824
vt 0.840012 0.896598
vt 0.069209 0.432273
vt 0.874058 0.911300
vt 0.874058 0.886488
vt 0.014598 0.487746
vt 0.529574 0.609745
vt 0.194937 0.003471
vt 0.192938 0.015268
vt 0.032606 0.453617
vt 0.815856 0.872151
vt 0.821821 0.867256
vt 0.840012 0.865144
vt 0.803071 0.878985
vt 0.053720 0.422163
vt 0.874058 0.858180
vt 0.077128 0.394593
vt 0.631832 0.509614
vt 0.613217 0.536571
vt 0.101931 0.371967
vt 0.589330 0.562909
vt 0.214849 0.928417
vt 0.214849 0.900109
vt 0.248895 0.907073
vt 0.561087 0.587617
vt 0.273052 0.914080
vt 0.285837 0.920914
vt 0.267086 0.909185
vt 0.288985 0.922597
vt 0.305046 0.927469
vt 0.185008 0.890737
vt 0.185008 0.864615
vt 0.214849 0.869393
vt 0.623256 0.557171
vt 0.597217 0.579094
vt 0.247624 0.888653
vt 0.248895 0.890201
vt 0.238858 0.871897
vt 0.239107 0.872719
vt 0.566519 0.598766
vt 0.259086 0.902619
vt 0.532343 0.615429
vt 0.008696 0.485560
vt 0.565771 0.361316
vt 0.554036 0.361274
vt 0.565902 0.367299
vt 0.021030 0.449328
vt 0.840012 0.848272
vt 0.829822 0.860690
vt 0.036914 0.415937
vt 0.849800 0.830790
vt 0.850049 0.829968
vt 0.874058 0.827464
vt 0.841283 0.846724
vt 0.055738 0.386669
vt 0.903899 0.848808
vt 0.903899 0.822686
vt 0.375741 0.332589
vt 0.382604 0.324140
vt 0.002559 0.484822
vt 0.008991 0.447880
vt 0.019436 0.413834
vt 0.855045 0.813501
vt 0.033494 0.383993
vt 0.628178 0.579295
vt 0.233863 0.855430
vt 0.881555 0.473824
vt 0.163342 0.000387
vt 0.163286 0.012373
vt 0.354937 0.302989
vt 0.363079 0.296362
vt 0.131711 0.004792
vt 0.133601 0.016508
vt 0.339220 0.269249
vt 0.348329 0.264697
vt 0.101261 0.016518
vt 0.105024 0.027512
vt 0.329194 0.232664
vt 0.338920 0.230362
vt 0.073162 0.035113
vt 0.078652 0.044964
vt 0.325246 0.194641
vt 0.335214 0.194677
vt 0.048493 0.059863
vt 0.055501 0.068191
vt 0.327526 0.156640
vt 0.337354 0.159014
vt 0.028203 0.089817
vt 0.036458 0.096303
vt 0.335947 0.120123
vt 0.345257 0.124742
vt 0.013071 0.123823
vt 0.022257 0.128218
vt 0.350185 0.086491
vt 0.358619 0.093179
vt 0.003679 0.160576
vt 0.013442 0.162710
vt 0.369693 0.057039
vt 0.376928 0.065538
vt 0.000387 0.198661
vt 0.010353 0.198453
vt 0.393722 0.032897
vt 0.399479 0.042881
vt 0.003322 0.236617
vt 0.013108 0.234074
vt 0.421348 0.014993
vt 0.425405 0.026078
vt 0.012372 0.272984
vt 0.021602 0.268205
vt 0.451509 0.004016
vt 0.453712 0.015776
vt 0.027189 0.306365
vt 0.035507 0.299532
vt 0.483046 0.000387
vt 0.483309 0.012371
vt 0.047203 0.335476
vt 0.054290 0.326853
vt 0.236445 0.359564
vt 0.224714 0.359809
vt 0.236417 0.365548
vt 0.799922 0.880668
vt 0.783862 0.903875
vt 0.783862 0.885540
vt 0.783862 0.933429
vt 0.803071 0.956111
vt 0.783862 0.957684
vt 0.536875 0.372643
vt 0.571807 0.383300
vt 0.499679 0.368072
vt 0.461647 0.369764
vt 0.424242 0.377652
vt 0.388901 0.391434
vt 0.356982 0.410581
vt 0.327226 0.699350
vt 0.325246 0.678078
vt 0.344315 0.680019
vt 0.328781 0.726410
vt 0.329853 0.758218
vt 0.330399 0.793552
vt 0.330399 0.831054
vt 0.329853 0.869283
vt 0.328781 0.906770
vt 0.327226 0.942074
vt 0.325246 0.973839
vt 0.865061 0.260014
vt 0.853556 0.289568
vt 0.873610 0.226295
vt 0.878874 0.189709
vt 0.880652 0.151660
vt 0.878874 0.113611
vt 0.873610 0.077024
vt 0.865061 0.043306
vt 0.853556 0.013751
vt 0.783862 0.687167
vt 0.783862 0.657612
vt 0.799922 0.710373
vt 0.783862 0.705502
vt 0.131679 0.886317
vt 0.143062 0.906336
vt 0.125876 0.914973
vt 0.113128 0.892553
vt 0.156905 0.930681
vt 0.139586 0.939085
vt 0.262872 0.373223
vt 0.280378 0.371967
vt 0.291280 0.399973
vt 0.273669 0.400959
vt 0.299381 0.431925
vt 0.281692 0.432604
vt 0.304369 0.466594
vt 0.286633 0.466941
vt 0.306054 0.502649
vt 0.288301 0.502649
vt 0.304369 0.538704
vt 0.286633 0.538358
vt 0.299381 0.573374
vt 0.281692 0.572695
vt 0.291280 0.605326
vt 0.273669 0.604339
vt 0.280378 0.633332
vt 0.262872 0.632076
vt 0.921745 0.279651
vt 0.902677 0.280642
vt 0.904336 0.250529
vt 0.923388 0.249827
vt 0.905568 0.217065
vt 0.924609 0.216685
vt 0.906327 0.181536
vt 0.925361 0.181497
vt 0.906584 0.145308
vt 0.925614 0.145616
vt 0.906327 0.109772
vt 0.925361 0.110422
vt 0.905568 0.076294
vt 0.924609 0.077265
vt 0.904336 0.046160
vt 0.923388 0.047421
vt 0.902677 0.020530
vt 0.921745 0.022037
vt 0.900655 0.000387
vt 0.919743 0.002088
vt 0.882329 0.369636
vt 0.894247 0.368072
vt 0.908435 0.400364
vt 0.896380 0.401617
vt 0.917172 0.435231
vt 0.905033 0.436150
vt 0.920123 0.471336
vt 0.907955 0.471907
vt 0.917172 0.507289
vt 0.905033 0.507515
vt 0.908435 0.541710
vt 0.896380 0.541605
vt 0.894247 0.573275
vt 0.882329 0.572867
vt 0.000387 0.694276
vt 0.016356 0.683498
vt 0.027716 0.703478
vt 0.011638 0.714064
vt 0.041559 0.727823
vt 0.025348 0.738175
vt 0.038097 0.760596
vt 0.052942 0.747842
vt 0.058745 0.719186
vt 0.071493 0.741606
vt 0.045035 0.695074
vt 0.033784 0.675286
vt 0.947116 0.400024
vt 0.934747 0.400703
vt 0.920896 0.369059
vt 0.933131 0.368072
vt 0.955728 0.434693
vt 0.943276 0.435040
vt 0.958636 0.470749
vt 0.946156 0.470749
vt 0.955728 0.506804
vt 0.943276 0.506457
vt 0.947116 0.541473
vt 0.934747 0.540794
vt 0.933131 0.573425
vt 0.920896 0.572438
vt 0.883427 0.021766
vt 0.881425 0.001817
vt 0.885070 0.047150
vt 0.886291 0.076994
vt 0.887043 0.110151
vt 0.887297 0.145345
vt 0.887043 0.181226
vt 0.886291 0.216414
vt 0.885070 0.249556
vt 0.883427 0.279379
vt 0.900655 0.306247
vt 0.881425 0.304738
vt 0.315513 0.572695
vt 0.307490 0.604339
vt 0.320454 0.538358
vt 0.322122 0.502649
vt 0.320454 0.466941
vt 0.315513 0.432604
vt 0.307490 0.400959
vt 0.296693 0.373223
vt 0.159273 0.895984
vt 0.172983 0.920095
vt 0.146525 0.873563
vt 0.531663 0.364810
vt 0.515719 0.364010
vt 0.515584 0.357863
vt 0.531510 0.357840
vt 0.499281 0.365227
vt 0.498457 0.365125
vt 0.498301 0.358041
vt 0.480326 0.358367
vt 0.480480 0.365352
vt 0.478492 0.365639
vt 0.462496 0.365498
vt 0.462350 0.358829
vt 0.452604 0.366362
vt 0.445208 0.366035
vt 0.445063 0.359408
vt 0.432439 0.367299
vt 0.429278 0.366883
vt 0.429129 0.360082
vt 0.592585 0.816665
vt 0.585778 0.816665
vt 0.585778 0.803457
vt 0.591766 0.803457
vt 0.593135 0.819851
vt 0.592411 0.832785
vt 0.585778 0.832785
vt 0.592986 0.840217
vt 0.592454 0.850187
vt 0.585778 0.850187
vt 0.592769 0.868202
vt 0.585778 0.868202
vt 0.593006 0.866204
vt 0.592868 0.886138
vt 0.585778 0.886138
vt 0.592979 0.886954
vt 0.591931 0.903305
vt 0.585778 0.903305
vt 0.592755 0.919045
vt 0.585778 0.919045
vt 0.186297 0.370032
vt 0.186326 0.363883
vt 0.202250 0.363632
vt 0.202217 0.370604
vt 0.169831 0.371193
vt 0.169009 0.371088
vt 0.169043 0.364003
vt 0.151032 0.370974
vt 0.151065 0.363988
vt 0.149037 0.371193
vt 0.133052 0.370508
vt 0.133083 0.363837
vt 0.123142 0.370879
vt 0.115757 0.370185
vt 0.115788 0.363556
vt 0.099814 0.369959
vt 0.099845 0.363157
vt 0.102962 0.370588
vt 0.321266 0.900563
vt 0.321266 0.917012
vt 0.315278 0.917012
vt 0.314459 0.900563
vt 0.313909 0.896992
vt 0.314633 0.882496
vt 0.321266 0.882496
vt 0.314590 0.864764
vt 0.321266 0.864764
vt 0.314058 0.874922
vt 0.314038 0.849903
vt 0.314275 0.848050
vt 0.321266 0.848050
vt 0.321266 0.832994
vt 0.314176 0.832994
vt 0.061366 0.762658
vt 0.051344 0.769740
vt 0.064514 0.729331
vt 0.080883 0.725628
vt 0.098944 0.725156
vt 0.116750 0.728216
vt 0.133617 0.734691
vt 0.148896 0.744333
vt 0.162001 0.756770
vt 0.172428 0.771524
vt 0.179775 0.788030
vt 0.183762 0.805652
vt 0.184234 0.823712
vt 0.181174 0.841518
vt 0.174699 0.858385
vt 0.165057 0.873665
vt 0.153504 0.885838
vt 0.120108 0.904828
vt 0.103738 0.908531
vt 0.085678 0.909003
vt 0.067872 0.905943
vt 0.051005 0.899467
vt 0.035725 0.889826
vt 0.022620 0.877389
vt 0.012194 0.862634
vt 0.037889 0.848024
vt 0.044972 0.858046
vt 0.053874 0.866494
vt 0.064253 0.873044
vt 0.075710 0.877442
vt 0.087805 0.879521
vt 0.100073 0.879200
vt 0.112043 0.876492
vt 0.123255 0.871501
vt 0.133278 0.864418
vt 0.141726 0.855516
vt 0.148275 0.845137
vt 0.152673 0.833680
vt 0.154752 0.821585
vt 0.154432 0.809317
vt 0.151723 0.797347
vt 0.146732 0.786135
vt 0.139650 0.776112
vt 0.130748 0.767664
vt 0.120369 0.761115
vt 0.108912 0.756716
vt 0.096816 0.754638
vt 0.084548 0.754958
vt 0.072578 0.757667
vt 0.004846 0.846129
vt 0.000859 0.828507
vt 0.000387 0.810446
vt 0.003447 0.792640
vt 0.009923 0.775774
vt 0.019564 0.760494
vt 0.031117 0.748321
vt 0.042896 0.778642
vt 0.036346 0.789021
vt 0.031948 0.800478
vt 0.029869 0.812574
vt 0.030190 0.824842
vt 0.032898 0.836812
vt 0.314065 0.832384
vt 0.315113 0.820176
vt 0.321266 0.820176
vt 0.545468 0.357972
vt 0.545603 0.364119
vt 0.584732 0.814272
vt 0.570640 0.814324
vt 0.570378 0.803509
vt 0.584471 0.803457
vt 0.584912 0.826011
vt 0.570820 0.826063
vt 0.585004 0.838223
vt 0.570912 0.838275
vt 0.585004 0.850438
vt 0.570912 0.850490
vt 0.570820 0.862239
vt 0.584912 0.862187
vt 0.570640 0.873071
vt 0.584732 0.873018
vt 0.570378 0.882568
vt 0.584471 0.882516
vt 0.307163 0.741447
vt 0.307163 0.731265
vt 0.321266 0.731265
vt 0.321266 0.741447
vt 0.307163 0.752769
vt 0.321266 0.752769
vt 0.307163 0.764798
vt 0.321266 0.764798
vt 0.307163 0.777070
vt 0.321266 0.777070
vt 0.307163 0.789115
vt 0.321266 0.789115
vt 0.321266 0.800469
vt 0.307163 0.800469
vt 0.321266 0.810696
vt 0.307163 0.810696
vt 0.307163 0.819403
vt 0.321266 0.819403
vt 0.307496 0.720963
vt 0.321589 0.721016
vt 0.321256 0.730491
vt 0.307163 0.730439
vt 0.307758 0.710148
vt 0.321850 0.710201
vt 0.307938 0.698409
vt 0.322030 0.698462
vt 0.308030 0.686198
vt 0.322122 0.686250
vt 0.308030 0.673983
vt 0.322122 0.674035
vt 0.322030 0.662286
vt 0.307938 0.662234
vt 0.321850 0.651454
vt 0.307758 0.651402
vt 0.321589 0.641957
vt 0.307496 0.641904
vt 0.321256 0.634158
vt 0.307163 0.634105
vt 0.569604 0.882660
vt 0.569604 0.890655
vt 0.555501 0.890655
vt 0.555501 0.882660
vt 0.569604 0.873002
vt 0.555501 0.873002
vt 0.569604 0.862052
vt 0.555501 0.862052
vt 0.569604 0.850231
vt 0.555501 0.850231
vt 0.555501 0.837994
vt 0.569604 0.837994
vt 0.555501 0.825810
vt 0.569604 0.825810
vt 0.555501 0.814149
vt 0.569604 0.814149
vt 0.555501 0.803457
vt 0.569604 0.803457
vt 0.551427 0.778470
vt 0.560579 0.795593
vt 0.549241 0.800289
vt 0.537204 0.802683
vt 0.524932 0.802683
vt 0.512895 0.800289
vt 0.501557 0.795593
vt 0.491352 0.788774
vt 0.482674 0.780096
vt 0.475856 0.769892
vt 0.471160 0.758554
vt 0.468765 0.746517
vt 0.468765 0.734245
vt 0.471160 0.722208
vt 0.475856 0.710869
vt 0.482674 0.700665
vt 0.491352 0.691987
vt 0.501557 0.685169
vt 0.510709 0.702291
vt 0.503669 0.706995
vt 0.497682 0.712982
vt 0.492979 0.720022
vt 0.489739 0.727844
vt 0.488087 0.736148
vt 0.488087 0.744614
vt 0.489739 0.752918
vt 0.492979 0.760740
vt 0.497682 0.767780
vt 0.503669 0.773766
vt 0.510709 0.778470
vt 0.518531 0.781710
vt 0.526835 0.783362
vt 0.535301 0.783362
vt 0.543605 0.781710
vt 0.512895 0.680472
vt 0.524932 0.678078
vt 0.537204 0.678078
vt 0.549241 0.680472
vt 0.560579 0.685169
vt 0.570783 0.691987
vt 0.579462 0.700665
vt 0.586280 0.710869
vt 0.590976 0.722208
vt 0.593371 0.734244
vt 0.593371 0.746517
vt 0.590976 0.758554
vt 0.586280 0.769892
vt 0.579462 0.780096
vt 0.570784 0.788774
vt 0.558467 0.773766
vt 0.564454 0.767780
vt 0.569157 0.760740
vt 0.572397 0.752918
vt 0.574049 0.744614
vt 0.574049 0.736147
vt 0.572397 0.727844
vt 0.569157 0.720022
vt 0.564454 0.712982
vt 0.558467 0.706995
vt 0.551427 0.702291
vt 0.543605 0.699051
vt 0.535301 0.697400
vt 0.526835 0.697400
vt 0.518531 0.699051
vt 0.679531 0.311167
vt 0.670326 0.311201
vt 0.670145 0.303740
vt 0.679351 0.303706
vt 0.679655 0.319266
vt 0.670450 0.319300
vt 0.679719 0.327690
vt 0.670513 0.327724
vt 0.679719 0.336117
vt 0.670513 0.336151
vt 0.670450 0.344257
vt 0.679655 0.344223
vt 0.670326 0.351729
vt 0.679531 0.351695
vt 0.670145 0.358281
vt 0.679351 0.358247
vt 0.650174 0.310730
vt 0.650174 0.303706
vt 0.659386 0.303706
vt 0.659386 0.310730
vt 0.650174 0.318541
vt 0.659386 0.318541
vt 0.650174 0.326840
vt 0.659386 0.326840
vt 0.650174 0.335306
vt 0.659386 0.335306
vt 0.650174 0.343616
vt 0.659386 0.343616
vt 0.659386 0.351448
vt 0.650174 0.351448
vt 0.650174 0.358504
vt 0.659386 0.358504
vt 0.659386 0.364510
vt 0.650174 0.364510
vt 0.882558 0.633970
vt 0.891764 0.634004
vt 0.891534 0.640541
vt 0.882329 0.640507
vt 0.882739 0.626509
vt 0.891944 0.626543
vt 0.882863 0.618411
vt 0.892068 0.618445
vt 0.882926 0.609986
vt 0.892132 0.610020
vt 0.882926 0.601559
vt 0.892132 0.601593
vt 0.892068 0.593488
vt 0.882863 0.593454
vt 0.891944 0.586016
vt 0.882739 0.585981
vt 0.891764 0.579463
vt 0.882558 0.579429
vt 0.891534 0.574083
vt 0.882329 0.574049
vt 0.669371 0.358346
vt 0.669371 0.363862
vt 0.660159 0.363862
vt 0.660159 0.358346
vt 0.669371 0.351683
vt 0.660159 0.351683
vt 0.669371 0.344129
vt 0.660159 0.344129
vt 0.669372 0.335975
vt 0.660159 0.335975
vt 0.660159 0.327532
vt 0.669372 0.327532
vt 0.660159 0.319127
vt 0.669372 0.319127
vt 0.660159 0.311082
vt 0.669372 0.311082
vt 0.660159 0.303706
vt 0.669372 0.303706
vt 0.478361 0.819039
vt 0.484348 0.813053
vt 0.491387 0.808349
vt 0.499209 0.805109
vt 0.507513 0.803457
vt 0.515980 0.803457
vt 0.524284 0.805109
vt 0.532106 0.808349
vt 0.539145 0.813053
vt 0.545132 0.819039
vt 0.549836 0.826079
vt 0.553076 0.833901
vt 0.554728 0.842205
vt 0.554728 0.850671
vt 0.553076 0.858975
vt 0.549836 0.866797
vt 0.545132 0.873837
vt 0.539145 0.879824
vt 0.532106 0.884528
vt 0.524284 0.887768
vt 0.515980 0.889419
vt 0.507513 0.889419
vt 0.499209 0.887768
vt 0.491387 0.884528
vt 0.484348 0.879824
vt 0.478361 0.873837
vt 0.473657 0.866797
vt 0.470417 0.858975
vt 0.468765 0.850671
vt 0.468765 0.842205
vt 0.470417 0.833901
vt 0.473657 0.826079
s 1
f 18/1/1 524/2/2 49/3/3
f 539/4/4 540/5/5 609/6/6 607/7/7
f 519/8/8 518/9/9 22/10/10 24/11/11
f 7/12/12 519/8/8 24/11/11 28/13/13
f 661/14/14 662/15/15 41/16/16 16/17/17 660/18/18
f 520/19/19 7/12/12 28/13/13 32/20/20
f 521/21/21 16/17/17 41/16/16 42/22/22
f 9/23/23 520/24/19 32/25/20 34/26/24
f 522/27/25 521/21/21 42/22/22 45/28/26
f 665/29/27 663/30/28 9/23/23 34/26/24 664/31/29
f 523/32/30 522/33/25 45/34/26 47/35/31
f 524/2/2 523/32/30 47/35/31 49/3/3
f 518/9/9 3/36/32 22/10/10
f 49/3/3 47/35/31 87/37/33 91/38/34
f 22/10/10 3/36/32 54/39/35
f 18/1/1 49/3/3 91/38/34
f 666/40/32 667/41/36 578/42/37 659/43/38 668/44/39
f 24/11/11 22/10/10 54/39/35 57/45/40
f 671/46/41 77/47/42 669/48/43 670/49/44
f 28/13/13 24/11/11 57/45/40 60/50/45
f 673/51/46 669/48/43 77/47/42 78/52/47 41/16/16 662/15/15 672/53/46
f 32/20/20 28/13/13 60/50/45 63/54/48
f 42/22/22 41/16/16 78/52/47 82/55/49
f 34/26/24 32/25/20 63/56/48 67/57/50
f 45/28/26 42/22/22 82/55/49 85/58/51
f 674/59/52 664/31/29 34/26/24 67/57/50 70/60/53 676/61/54 675/62/52
f 47/35/31 45/34/26 85/63/51 87/37/33
f 676/61/54 70/60/53 678/64/55 677/65/56
f 63/54/48 60/50/45 101/66/57 102/67/58
f 82/55/49 78/52/47 116/68/59 119/69/60
f 67/70/50 63/54/48 102/67/58 105/71/61
f 85/72/51 82/73/49 119/74/60 120/75/62
f 70/60/53 67/57/50 105/76/61 107/77/63
f 87/78/33 85/72/51 120/75/62 122/79/64
f 679/80/65 678/64/55 70/60/53 107/77/63 110/81/66 680/82/67
f 91/38/34 87/37/33 122/83/64 123/84/68
f 681/85/69 680/82/67 110/81/66 525/86/70 682/87/71
f 54/39/35 3/36/32 96/88/72
f 18/1/1 91/38/34 123/84/68
f 553/89/73 552/90/74 633/91/75 634/92/76
f 57/45/40 54/39/35 96/88/72 98/93/77
f 683/94/78 684/95/79 112/96/80 114/97/81 77/47/42 671/46/41
f 60/50/45 57/45/40 98/93/77 101/66/57
f 78/52/47 77/47/42 114/97/81 116/68/59
f 525/86/70 110/81/66 133/98/82 526/99/83
f 96/88/72 3/36/32 125/100/84
f 18/1/1 123/84/68 144/101/85
f 540/5/5 541/102/86 611/103/87 609/6/6
f 98/93/77 96/88/72 125/100/84 127/104/88
f 114/97/81 112/96/80 135/105/89 137/106/90
f 101/66/57 98/93/77 127/104/88 128/107/91
f 116/108/59 114/109/81 137/110/90 138/111/92
f 102/67/58 101/66/57 128/107/91 129/112/93
f 119/74/60 116/108/59 138/111/92 139/113/94
f 105/71/61 102/67/58 129/112/93 131/114/95
f 120/75/62 119/74/60 139/113/94 141/115/96
f 107/116/63 105/71/61 131/114/95 132/117/97
f 122/79/64 120/75/62 141/115/96 142/118/98
f 110/81/66 107/77/63 132/119/97 133/98/82
f 123/84/68 122/83/64 142/120/98 144/101/85
f 139/113/94 138/111/92 155/121/99 156/122/100
f 131/114/95 129/112/93 149/123/101 150/124/102
f 141/115/96 139/113/94 156/122/100 157/125/103
f 132/117/97 131/114/95 150/124/102 151/126/104
f 142/118/98 141/115/96 157/125/103 158/127/105
f 133/128/82 132/117/97 151/126/104 152/129/106
f 144/101/85 142/120/98 158/130/105 159/131/107
f 526/99/83 133/98/82 152/132/106 527/133/108
f 125/100/84 3/36/32 145/134/109
f 18/1/1 144/101/85 159/131/107
f 127/104/88 125/100/84 145/134/109 147/135/110
f 137/110/90 135/136/89 153/137/111 154/138/112
f 128/107/91 127/104/88 147/135/110 148/139/113
f 138/111/92 137/110/90 154/138/112 155/121/99
f 129/112/93 128/107/91 148/139/113 149/123/101
f 18/1/1 159/131/107 173/140/114
f 554/141/115 553/89/73 634/92/76 635/142/116
f 147/135/110 145/134/109 160/143/117 161/144/118
f 154/138/112 153/137/111 167/145/119 168/146/120
f 148/139/113 147/135/110 161/144/118 162/147/121
f 155/121/99 154/138/112 168/146/120 169/148/122
f 149/123/101 148/139/113 162/147/121 163/149/123
f 156/122/100 155/121/99 169/148/122 170/150/124
f 150/124/102 149/123/101 163/149/123 164/151/125
f 157/125/103 156/122/100 170/150/124 171/152/126
f 151/126/104 150/124/102 164/151/125 165/153/127
f 158/127/105 157/125/103 171/152/126 172/154/128
f 152/129/106 151/126/104 165/153/127 166/155/129
f 159/156/107 158/127/105 172/154/128 173/157/114
f 527/158/108 152/159/106 166/160/129 528/161/130
f 145/134/109 3/36/32 160/143/117
f 171/152/126 170/150/124 184/162/131 185/163/132
f 165/153/127 164/151/125 178/164/133 179/165/134
f 172/154/128 171/152/126 185/163/132 186/166/135
f 166/155/129 165/153/127 179/165/134 180/167/136
f 173/157/114 172/154/128 186/166/135 187/168/137
f 528/161/130 166/160/129 180/169/136 529/170/138
f 160/143/117 3/36/32 174/171/139
f 18/1/1 173/140/114 187/172/137
f 541/102/86 542/173/140 613/174/141 611/103/87
f 161/144/118 160/143/117 174/171/139 175/175/142
f 168/146/120 167/145/119 181/176/143 182/177/144
f 162/147/121 161/144/118 175/175/142 176/178/145
f 169/148/122 168/146/120 182/177/144 183/179/146
f 163/149/123 162/147/121 176/178/145 177/180/147
f 170/150/124 169/148/122 183/179/146 184/162/131
f 164/151/125 163/149/123 177/180/147 178/164/133
f 175/175/142 174/171/139 188/181/148 189/182/149
f 182/177/144 181/176/143 195/183/150 196/184/151
f 176/178/145 175/175/142 189/182/149 190/185/152
f 183/179/146 182/177/144 196/184/151 197/186/153
f 177/180/147 176/178/145 190/185/152 191/187/154
f 184/162/131 183/179/146 197/186/153 198/188/155
f 178/164/133 177/180/147 191/187/154 192/189/156
f 185/163/132 184/162/131 198/188/155 199/190/157
f 179/165/134 178/164/133 192/189/156 193/191/158
f 186/166/135 185/163/132 199/190/157 200/192/159
f 180/167/136 179/165/134 193/191/158 194/193/160
f 187/168/137 186/166/135 200/192/159 201/194/161
f 529/170/138 180/169/136 194/195/160 530/196/162
f 174/171/139 3/36/32 188/181/148
f 18/1/1 187/172/137 201/197/161
f 193/191/158 192/189/156 206/198/163 207/199/164
f 200/192/159 199/190/157 213/200/165 214/201/166
f 194/193/160 193/191/158 207/199/164 208/202/167
f 201/194/161 200/192/159 214/201/166 215/203/168
f 530/196/162 194/195/160 208/204/167 531/205/169
f 188/181/148 3/36/32 202/206/170
f 18/1/1 201/197/161 215/207/168
f 555/208/171 554/141/115 635/142/116 636/209/172
f 189/182/149 188/181/148 202/206/170 203/210/173
f 196/184/151 195/183/150 209/211/174 210/212/175
f 190/185/152 189/182/149 203/210/173 204/213/176
f 197/186/153 196/184/151 210/212/175 211/214/177
f 191/187/154 190/185/152 204/213/176 205/215/178
f 198/188/155 197/186/153 211/214/177 212/216/179
f 192/189/156 191/187/154 205/215/178 206/198/163
f 199/190/157 198/188/155 212/216/179 213/200/165
f 210/212/175 209/211/174 223/217/180 224/218/181
f 204/213/176 203/210/173 217/219/182 218/220/183
f 211/214/177 210/212/175 224/218/181 225/221/184
f 205/215/178 204/213/176 218/220/183 219/222/185
f 212/216/179 211/214/177 225/221/184 226/223/186
f 206/198/163 205/215/178 219/222/185 220/224/187
f 213/200/165 212/216/179 226/223/186 227/225/188
f 207/199/164 206/198/163 220/224/187 221/226/189
f 214/201/166 213/200/165 227/225/188 228/227/190
f 208/202/167 207/199/164 221/226/189 222/228/191
f 215/203/168 214/201/166 228/227/190 229/229/192
f 531/205/169 208/204/167 222/230/191 532/231/193
f 202/206/170 3/36/32 216/232/194
f 18/1/1 215/207/168 229/233/192
f 542/173/140 543/234/195 615/235/196 613/174/141
f 203/210/173 202/206/170 216/232/194 217/219/182
f 228/227/190 227/225/188 241/236/197 242/237/198
f 222/228/191 221/226/189 235/238/199 236/239/200
f 229/229/192 228/227/190 242/237/198 243/240/201
f 532/231/193 222/230/191 236/241/200 533/242/202
f 216/232/194 3/36/32 230/243/203
f 18/1/1 229/233/192 243/244/201
f 556/245/204 555/208/171 636/209/172 637/246/205
f 217/219/182 216/232/194 230/243/203 231/247/206
f 224/218/181 223/217/180 237/248/207 238/249/208
f 218/220/183 217/219/182 231/247/206 232/250/209
f 225/221/184 224/218/181 238/249/208 239/251/210
f 219/222/185 218/220/183 232/250/209 233/252/211
f 226/223/186 225/221/184 239/251/210 240/253/212
f 220/224/187 219/222/185 233/252/211 234/254/213
f 227/225/188 226/223/186 240/253/212 241/236/197
f 221/226/189 220/224/187 234/254/213 235/238/199
f 232/250/209 231/247/206 245/255/214 246/256/215
f 239/251/210 238/249/208 252/257/216 253/258/217
f 233/252/211 232/250/209 246/256/215 247/259/218
f 240/253/212 239/251/210 253/258/217 254/260/219
f 234/254/213 233/252/211 247/259/218 248/261/220
f 241/236/197 240/253/212 254/260/219 255/262/221
f 235/238/199 234/254/213 248/261/220 249/263/222
f 242/237/198 241/236/197 255/262/221 256/264/223
f 236/265/200 235/266/199 249/267/222 250/268/224
f 243/244/201 242/269/198 256/270/223 257/271/225
f 533/272/202 236/265/200 250/268/224 534/273/226
f 230/243/203 3/36/32 244/274/227
f 18/1/1 243/244/201 257/271/225
f 543/234/195 544/275/228 617/276/229 615/235/196
f 231/247/206 230/243/203 244/274/227 245/255/214
f 238/249/208 237/248/207 251/277/230 252/257/216
f 250/268/224 249/267/222 263/278/231 264/279/232
f 257/271/225 256/270/223 270/280/233 271/281/234
f 534/273/226 250/268/224 264/279/232 535/282/235
f 244/274/227 3/36/32 258/283/236
f 18/1/1 257/271/225 271/281/234
f 557/284/237 556/245/204 637/246/205 638/285/238
f 245/255/214 244/274/227 258/283/236 259/286/239
f 252/287/216 251/288/230 265/289/240 266/290/241
f 246/256/215 245/255/214 259/286/239 260/291/242
f 253/258/217 252/257/216 266/292/241 267/293/243
f 247/259/218 246/256/215 260/291/242 261/294/244
f 254/260/219 253/258/217 267/293/243 268/295/245
f 248/261/220 247/259/218 261/294/244 262/296/246
f 255/262/221 254/260/219 268/295/245 269/297/247
f 249/267/222 248/298/220 262/299/246 263/278/231
f 256/264/223 255/262/221 269/297/247 270/300/233
f 267/301/243 266/290/241 280/302/248 281/303/249
f 261/294/244 260/291/242 274/304/250 275/305/251
f 268/306/245 267/301/243 281/303/249 282/307/252
f 262/299/246 261/308/244 275/309/251 276/310/253
f 269/297/247 268/295/245 282/311/252 283/312/254
f 263/278/231 262/299/246 276/310/253 277/313/255
f 270/280/233 269/314/247 283/315/254 284/316/256
f 264/279/232 263/278/231 277/313/255 278/317/257
f 271/281/234 270/280/233 284/316/256 285/318/258
f 535/282/235 264/279/232 278/317/257 536/319/259
f 258/283/236 3/36/32 272/320/260
f 18/1/1 271/281/234 285/318/258
f 544/275/228 545/321/261 619/322/262 617/276/229
f 259/286/239 258/283/236 272/320/260 273/323/263
f 266/290/241 265/289/240 279/324/264 280/302/248
f 260/291/242 259/286/239 273/323/263 274/304/250
f 285/318/258 284/316/256 298/325/265 299/326/266
f 536/319/259 278/317/257 292/327/267 537/328/268
f 272/320/260 3/36/32 286/329/269
f 18/1/1 285/318/258 299/326/266
f 558/330/270 557/284/237 638/285/238 639/331/271
f 273/323/263 272/320/260 286/329/269 287/332/272
f 280/302/248 279/324/264 293/333/273 294/334/274
f 274/304/250 273/323/263 287/332/272 288/335/275
f 281/303/249 280/302/248 294/334/274 295/336/276
f 275/305/251 274/304/250 288/335/275 289/337/277
f 282/307/252 281/303/249 295/336/276 296/338/278
f 276/310/253 275/309/251 289/339/277 290/340/279
f 283/341/254 282/307/252 296/338/278 297/342/280
f 277/313/255 276/310/253 290/340/279 291/343/281
f 284/316/256 283/315/254 297/344/280 298/325/265
f 278/317/257 277/313/255 291/343/281 292/327/267
f 296/338/278 295/336/276 309/345/282 310/346/283
f 290/340/279 289/339/277 303/347/284 304/348/285
f 297/344/280 296/349/278 310/350/283 311/351/286
f 291/343/281 290/340/279 304/348/285 305/352/287
f 298/325/265 297/344/280 311/351/286 312/353/288
f 292/327/267 291/343/281 305/352/287 306/354/289
f 299/326/266 298/325/265 312/353/288 313/355/290
f 537/328/268 292/327/267 306/354/289 538/356/291
f 286/329/269 3/36/32 300/357/292
f 18/1/1 299/326/266 313/355/290
f 545/321/261 546/358/293 621/359/294 619/322/262
f 287/332/272 286/329/269 300/357/292 301/360/295
f 294/334/274 293/333/273 307/361/296 308/362/297
f 288/335/275 287/332/272 301/360/295 302/363/298
f 295/336/276 294/334/274 308/362/297 309/345/282
f 289/339/277 288/364/275 302/365/298 303/347/284
f 300/366/292 3/367/32 314/368/299
f 18/1/1 313/355/290 327/369/300
f 559/370/301 558/330/270 639/331/271 640/371/302
f 301/372/295 300/366/292 314/368/299 315/373/303
f 308/362/297 307/361/296 321/374/304 322/375/305
f 302/376/298 301/372/295 315/373/303 316/377/306
f 309/345/282 308/362/297 322/375/305 323/378/307
f 303/347/284 302/365/298 316/379/306 317/380/308
f 310/346/283 309/345/282 323/378/307 324/381/309
f 304/348/285 303/347/284 317/380/308 318/382/310
f 311/351/286 310/350/283 324/383/309 325/384/311
f 305/352/287 304/348/285 318/382/310 319/385/312
f 312/353/288 311/351/286 325/384/311 326/386/313
f 306/354/289 305/352/287 319/385/312 320/387/314
f 313/355/290 312/353/288 326/386/313 327/369/300
f 538/356/291 306/354/289 320/387/314 539/388/4
f 318/382/310 317/380/308 331/389/315 332/390/316
f 325/384/311 324/383/309 338/391/317 339/392/318
f 319/385/312 318/382/310 332/390/316 333/393/319
f 326/386/313 325/384/311 339/392/318 340/394/320
f 320/387/314 319/385/312 333/393/319 334/395/321
f 327/369/300 326/386/313 340/394/320 341/396/322
f 539/388/4 320/387/314 334/395/321 540/397/5
f 314/368/299 3/367/32 328/398/323
f 18/1/1 327/369/300 341/396/322
f 546/358/293 547/399/324 623/400/325 621/359/294
f 315/373/303 314/368/299 328/398/323 329/401/326
f 322/375/305 321/374/304 335/402/327 336/403/328
f 316/377/306 315/373/303 329/401/326 330/404/329
f 323/378/307 322/375/305 336/403/328 337/405/330
f 317/406/308 316/377/306 330/404/329 331/407/315
f 324/383/309 323/408/307 337/409/330 338/391/317
f 560/410/331 559/370/301 640/371/302 641/411/332
f 329/401/326 328/398/323 342/412/333 343/413/334
f 336/403/328 335/402/327 349/414/335 350/415/336
f 330/404/329 329/401/326 343/413/334 344/416/337
f 337/405/330 336/403/328 350/415/336 351/417/338
f 331/407/315 330/404/329 344/416/337 345/418/339
f 338/391/317 337/409/330 351/419/338 352/420/340
f 332/421/316 331/407/315 345/418/339 346/422/341
f 339/392/318 338/391/317 352/420/340 353/423/342
f 333/393/319 332/390/316 346/424/341 347/425/343
f 340/394/320 339/392/318 353/423/342 354/426/344
f 334/395/321 333/393/319 347/425/343 348/427/345
f 341/396/322 340/394/320 354/426/344 355/428/346
f 540/397/5 334/395/321 348/427/345 541/429/86
f 328/398/323 3/367/32 342/412/333
f 18/1/1 341/396/322 355/428/346
f 353/423/342 352/420/340 366/430/347 367/431/348
f 347/432/343 346/422/341 360/433/349 361/434/350
f 354/426/344 353/423/342 367/431/348 368/435/351
f 348/427/345 347/425/343 361/436/350 362/437/352
f 355/428/346 354/426/344 368/435/351 369/438/353
f 541/429/86 348/427/345 362/437/352 542/439/140
f 342/412/333 3/367/32 356/440/354
f 18/1/1 355/428/346 369/438/353
f 547/399/324 548/441/355 625/442/356 623/400/325
f 343/413/334 342/412/333 356/440/354 357/443/357
f 350/415/336 349/414/335 363/444/358 364/445/359
f 344/416/337 343/413/334 357/443/357 358/446/360
f 351/419/338 350/447/336 364/448/359 365/449/361
f 345/418/339 344/416/337 358/446/360 359/450/362
f 352/420/340 351/419/338 365/449/361 366/430/347
f 346/422/341 345/418/339 359/450/362 360/433/349
f 357/443/357 356/440/354 370/451/363 371/452/364
f 364/448/359 363/453/358 377/454/365 378/455/366
f 358/446/360 357/443/357 371/452/364 372/456/367
f 365/449/361 364/448/359 378/455/366 379/457/368
f 359/450/362 358/446/360 372/456/367 373/458/369
f 366/430/347 365/449/361 379/457/368 380/459/370
f 360/433/349 359/450/362 373/458/369 374/460/371
f 367/431/348 366/430/347 380/459/370 381/461/372
f 361/434/350 360/433/349 374/460/371 375/462/373
f 368/435/351 367/431/348 381/461/372 382/463/374
f 362/464/352 361/434/350 375/462/373 376/465/375
f 369/438/353 368/435/351 382/463/374 383/466/376
f 542/439/140 362/437/352 376/467/375 543/468/195
f 356/440/354 3/367/32 370/451/363
f 18/1/1 369/438/353 383/466/376
f 561/469/377 560/410/331 641/411/332 642/470/378
f 375/462/373 374/460/371 388/471/379 389/472/380
f 382/463/374 381/461/372 395/473/381 396/474/382
f 376/465/375 375/462/373 389/472/380 390/475/383
f 383/466/376 382/463/374 396/474/382 397/476/384
f 543/477/195 376/465/375 390/475/383 544/478/228
f 370/451/363 3/367/32 384/479/385
f 18/1/1 383/466/376 397/476/384
f 548/441/355 549/480/386 627/481/387 625/442/356
f 371/452/364 370/451/363 384/479/385 385/482/388
f 378/455/366 377/454/365 391/483/389 392/484/390
f 372/456/367 371/452/364 385/482/388 386/485/391
f 379/457/368 378/455/366 392/484/390 393/486/392
f 373/458/369 372/456/367 386/485/391 387/487/393
f 380/459/370 379/457/368 393/486/392 394/488/394
f 374/460/371 373/458/369 387/487/393 388/471/379
f 381/461/372 380/459/370 394/488/394 395/473/381
f 392/484/390 391/483/389 405/489/395 406/490/396
f 386/485/391 385/482/388 399/491/397 400/492/398
f 393/486/392 392/484/390 406/490/396 407/493/399
f 387/487/393 386/485/391 400/492/398 401/494/400
f 394/488/394 393/486/392 407/493/399 408/495/401
f 388/471/379 387/487/393 401/494/400 402/496/402
f 395/473/381 394/488/394 408/495/401 409/497/403
f 389/472/380 388/471/379 402/496/402 403/498/404
f 396/474/382 395/473/381 409/497/403 410/499/405
f 390/475/383 389/472/380 403/498/404 404/500/406
f 397/476/384 396/474/382 410/499/405 411/501/407
f 544/478/228 390/475/383 404/500/406 545/502/261
f 384/479/385 3/367/32 398/503/408
f 18/1/1 397/476/384 411/501/407
f 385/482/388 384/479/385 398/503/408 399/491/397
f 410/499/405 409/497/403 423/504/409 424/505/410
f 404/500/406 403/498/404 417/506/411 418/507/412
f 411/501/407 410/499/405 424/505/410 425/508/413
f 545/502/261 404/500/406 418/507/412 546/509/293
f 398/503/408 3/367/32 412/510/414
f 18/1/1 411/501/407 425/508/413
f 562/511/415 561/469/377 642/470/378 643/512/416
f 399/491/397 398/503/408 412/510/414 413/513/417
f 406/490/396 405/489/395 419/514/418 420/515/419
f 400/492/398 399/491/397 413/513/417 414/516/420
f 407/493/399 406/490/396 420/515/419 421/517/421
f 401/494/400 400/492/398 414/516/420 415/518/422
f 408/495/401 407/493/399 421/517/421 422/519/423
f 402/496/402 401/494/400 415/518/422 416/520/424
f 409/497/403 408/495/401 422/519/423 423/504/409
f 403/498/404 402/496/402 416/520/424 417/506/411
f 421/517/421 420/515/419 434/521/425 435/522/426
f 415/518/422 414/516/420 428/523/427 429/524/428
f 422/519/423 421/517/421 435/522/426 436/525/429
f 416/520/424 415/518/422 429/524/428 430/526/430
f 423/504/409 422/519/423 436/525/429 437/527/431
f 417/506/411 416/520/424 430/526/430 431/528/432
f 424/505/410 423/504/409 437/527/431 438/529/433
f 418/507/412 417/506/411 431/528/432 432/530/434
f 425/508/413 424/505/410 438/529/433 439/531/435
f 546/509/293 418/507/412 432/530/434 547/532/324
f 412/510/414 3/367/32 426/533/436
f 18/1/1 425/508/413 439/531/435
f 549/480/386 550/534/437 629/535/438 627/481/387
f 413/513/417 412/510/414 426/533/436 427/536/439
f 420/515/419 419/514/418 433/537/440 434/521/425
f 414/516/420 413/513/417 427/536/439 428/523/427
f 439/531/435 438/529/433 452/538/441 453/539/442
f 547/532/324 432/530/434 446/540/443 548/541/355
f 426/533/436 3/367/32 440/542/444
f 18/1/1 439/531/435 453/539/442
f 427/536/439 426/533/436 440/542/444 441/543/445
f 434/521/425 433/537/440 447/544/446 448/545/447
f 428/523/427 427/536/439 441/543/445 442/546/448
f 435/522/426 434/521/425 448/545/447 449/547/449
f 429/524/428 428/523/427 442/546/448 443/548/450
f 436/525/429 435/522/426 449/547/449 450/549/451
f 430/526/430 429/524/428 443/548/450 444/550/452
f 437/527/431 436/525/429 450/549/451 451/551/453
f 431/528/432 430/526/430 444/550/452 445/552/454
f 438/529/433 437/527/431 451/551/453 452/538/441
f 432/530/434 431/528/432 445/552/454 446/540/443
f 443/548/450 442/546/448 456/553/455 457/554/456
f 450/549/451 449/547/449 463/555/457 464/556/458
f 444/550/452 443/548/450 457/554/456 458/557/459
f 451/551/453 450/549/451 464/556/458 465/558/460
f 445/552/454 444/550/452 458/557/459 459/559/461
f 452/538/441 451/551/453 465/558/460 466/560/462
f 446/540/443 445/552/454 459/559/461 460/561/463
f 453/539/442 452/538/441 466/560/462 467/562/464
f 548/541/355 446/540/443 460/561/463 549/563/386
f 440/542/444 3/367/32 454/564/465
f 18/1/1 453/539/442 467/562/464
f 563/565/466 562/511/415 643/512/416 644/566/467
f 441/543/445 440/542/444 454/564/465 455/567/468
f 448/545/447 447/544/446 461/568/469 462/569/470
f 442/546/448 441/543/445 455/567/468 456/553/455
f 449/547/449 448/545/447 462/569/470 463/555/457
f 549/570/386 460/571/463 474/572/471 550/573/437
f 454/564/465 3/367/32 468/574/472
f 18/1/1 467/562/464 481/575/473
f 550/534/437 551/576/474 631/577/475 629/535/438
f 455/567/468 454/564/465 468/574/472 469/578/476
f 462/569/470 461/568/469 475/579/477 476/580/478
f 456/553/455 455/567/468 469/578/476 470/581/479
f 463/555/457 462/569/470 476/580/478 477/582/480
f 457/554/456 456/553/455 470/581/479 471/583/481
f 464/556/458 463/555/457 477/582/480 478/584/482
f 458/557/459 457/554/456 471/583/481 472/585/483
f 465/558/460 464/556/458 478/584/482 479/586/484
f 459/559/461 458/557/459 472/585/483 473/587/485
f 466/560/462 465/558/460 479/586/484 480/588/486
f 460/561/463 459/559/461 473/587/485 474/589/471
f 467/562/464 466/560/462 480/588/486 481/575/473
f 478/584/482 477/582/480 491/590/487 492/591/488
f 472/585/483 471/583/481 485/592/489 486/593/490
f 479/586/484 478/584/482 492/591/488 493/594/491
f 473/587/485 472/585/483 486/593/490 487/595/492
f 480/588/486 479/586/484 493/594/491 494/596/493
f 474/572/471 473/597/485 487/598/492 488/599/494
f 481/575/473 480/588/486 494/596/493 495/600/495
f 550/573/437 474/572/471 488/599/494 551/601/474
f 468/574/472 3/367/32 482/602/496
f 18/1/1 481/575/473 495/600/495
f 685/603/1 682/604/71 525/605/70 579/606/497 686/607/498
f 469/578/476 468/574/472 482/602/496 483/608/499
f 476/609/478 475/610/477 489/611/500 490/612/501
f 470/581/479 469/578/476 483/608/499 484/613/502
f 477/614/480 476/609/478 490/612/501 491/615/487
f 471/583/481 470/581/479 484/613/502 485/592/489
f 482/602/496 3/367/32 496/616/503
f 18/1/1 495/600/495 507/617/504
f 564/618/505 563/565/466 644/566/467 645/619/506
f 483/608/499 482/602/496 496/616/503 497/620/507
f 688/621/508 689/622/509 502/623/510 490/612/501 489/611/500 687/624/511
f 484/613/502 483/608/499 497/620/507 498/625/512
f 491/615/487 490/612/501 502/623/510 503/626/513
f 485/592/489 484/613/502 498/625/512 499/627/514
f 492/591/488 491/590/487 503/628/513 504/629/515
f 486/593/490 485/592/489 499/627/514 500/630/516
f 493/594/491 492/591/488 504/629/515 505/631/517
f 487/598/492 486/632/490 500/633/516 501/634/518
f 494/596/493 493/594/491 505/631/517 506/635/519
f 691/636/520 690/637/521 488/599/494 487/598/492 501/634/518 692/638/522
f 495/600/495 494/596/493 506/635/519 507/617/504
f 693/639/523 694/640/524 551/601/474 488/599/494 690/637/521
f 500/633/516 499/641/514 511/642/525 512/643/526
f 505/631/517 504/629/515 514/644/527 515/645/528
f 696/646/529 695/647/530 501/634/518 500/633/516 512/643/526 698/648/531 697/649/529
f 506/635/519 505/631/517 515/645/528 516/650/532
f 501/634/518 695/647/530 699/651/533 692/638/522
f 507/617/504 506/635/519 516/650/532 517/652/534
f 496/616/503 3/367/32 508/653/535
f 18/1/1 507/617/504 517/652/534
f 700/654/1 701/655/536 631/577/475 551/576/474 694/656/524
f 497/620/507 496/616/503 508/653/535 509/657/537
f 703/658/538 502/623/510 689/622/509 702/659/539
f 498/625/512 497/620/507 509/657/537 510/660/540
f 705/661/541 706/662/542 513/663/543 503/626/513 502/623/510 703/658/538 704/664/541
f 499/627/514 498/625/512 510/660/540 511/665/525
f 504/666/515 503/626/513 513/663/543 514/667/527
f 525/605/70 526/668/83 581/669/544 579/606/497
f 509/657/537 508/653/535 518/670/9 519/671/8
f 510/660/540 509/657/537 519/671/8 7/672/12
f 708/18/545 660/18/18 16/17/17 513/663/543 706/662/542 707/673/545
f 511/665/525 510/660/540 7/672/12 520/674/19
f 514/667/527 513/663/543 16/17/17 521/21/21
f 512/643/526 511/642/525 520/24/19 9/23/23
f 515/645/528 514/644/527 521/675/21 522/33/25
f 710/676/546 698/648/531 512/643/526 9/23/23 663/30/28 709/30/546
f 516/650/532 515/645/528 522/33/25 523/32/30
f 517/652/534 516/650/532 523/32/30 524/2/2
f 508/677/535 3/36/32 518/9/9
f 18/1/1 517/652/534 524/2/2
f 565/678/547 564/618/505 645/619/506 646/679/548
f 526/668/83 527/680/108 583/681/549 581/669/544
f 566/682/550 565/678/547 646/679/548 647/683/551
f 527/680/108 528/684/130 585/685/552 583/681/549
f 567/686/553 566/682/550 647/683/551 648/687/554
f 528/684/130 529/688/138 587/689/555 585/685/552
f 568/690/556 567/686/553 648/687/554 649/691/557
f 529/688/138 530/692/162 589/693/558 587/689/555
f 569/694/559 568/690/556 649/691/557 650/695/560
f 530/692/162 531/696/169 591/697/561 589/693/558
f 570/698/562 569/694/559 650/695/560 651/699/563
f 531/696/169 532/700/193 593/701/564 591/697/561
f 571/702/565 570/698/562 651/699/563 652/703/566
f 532/700/193 533/704/202 595/705/567 593/701/564
f 572/706/568 571/702/565 652/703/566 653/707/569
f 533/704/202 534/708/226 597/709/570 595/705/567
f 573/710/571 572/706/568 653/707/569 654/711/572
f 534/708/226 535/712/235 599/713/573 597/709/570
f 574/714/574 573/710/571 654/711/572 655/715/575
f 535/712/235 536/716/259 601/717/576 599/713/573
f 575/718/577 574/714/574 655/715/575 656/719/578
f 536/716/259 537/720/268 603/721/579 601/717/576
f 576/722/580 575/718/577 656/719/578 657/723/581
f 537/720/268 538/724/291 605/725/582 603/721/579
f 577/726/583 576/722/580 657/723/581 658/727/584
f 538/724/291 539/4/4 607/7/7 605/725/582
f 578/42/37 577/726/583 658/727/584 659/43/38
f 711/728/32 713/729/585 633/91/75 552/90/74 712/730/586
f 714/731/587 687/624/511 489/611/500 578/732/37 667/733/36
f 475/610/477 577/734/583 578/732/37 489/611/500
f 461/735/469 576/736/580 577/734/583 475/610/477
f 447/544/446 575/737/577 576/738/580 461/568/469
f 433/537/440 574/739/574 575/737/577 447/544/446
f 419/514/418 573/740/571 574/739/574 433/537/440
f 405/489/395 572/741/568 573/740/571 419/514/418
f 391/483/389 571/742/565 572/741/568 405/489/395
f 377/454/365 570/743/562 571/742/565 391/483/389
f 363/444/358 569/744/559 570/745/562 377/746/365
f 349/414/335 568/747/556 569/744/559 363/444/358
f 335/402/327 567/748/553 568/747/556 349/414/335
f 321/374/304 566/749/550 567/748/553 335/402/327
f 307/361/296 565/750/547 566/749/550 321/374/304
f 293/333/273 564/751/505 565/750/547 307/361/296
f 279/324/264 563/752/466 564/751/505 293/333/273
f 265/289/240 562/753/415 563/752/466 279/324/264
f 251/288/230 561/754/377 562/753/415 265/289/240
f 237/248/207 560/755/331 561/756/377 251/277/230
f 223/217/180 559/757/301 560/755/331 237/248/207
f 209/211/174 558/758/270 559/757/301 223/217/180
f 195/183/150 557/759/237 558/758/270 209/211/174
f 181/176/143 556/760/204 557/759/237 195/183/150
f 167/145/119 555/761/171 556/760/204 181/176/143
f 153/137/111 554/762/115 555/761/171 167/145/119
f 135/136/89 553/763/73 554/762/115 153/137/111
f 112/96/80 552/764/74 553/765/73 135/105/89
f 715/766/588 712/767/586 552/764/74 112/96/80 684/95/79
f 716/768/589 580/769/590 633/770/75 713/771/585
f 633/770/75 580/769/590 582/772/591 634/773/76
f 634/774/76 582/775/591 584/776/592 635/777/116
f 635/777/116 584/776/592 586/778/593 636/779/172
f 636/779/172 586/778/593 588/780/594 637/781/205
f 637/781/205 588/780/594 590/782/595 638/783/238
f 638/783/238 590/782/595 592/784/596 639/785/271
f 639/785/271 592/784/596 594/786/597 640/787/302
f 640/787/302 594/786/597 596/788/598 641/789/332
f 641/789/332 596/788/598 598/790/599 642/791/378
f 642/792/378 598/793/599 600/794/600 643/795/416
f 643/795/416 600/794/600 602/796/601 644/797/467
f 644/797/467 602/796/601 604/798/602 645/799/506
f 645/799/506 604/798/602 606/800/603 646/801/548
f 646/801/548 606/800/603 608/802/604 647/803/551
f 647/803/551 608/802/604 610/804/605 648/805/554
f 648/805/554 610/804/605 612/806/606 649/807/557
f 649/807/557 612/806/606 614/808/607 650/809/560
f 650/809/560 614/808/607 616/810/608 651/811/563
f 651/812/563 616/813/608 618/814/609 652/815/566
f 652/815/566 618/814/609 620/816/610 653/817/569
f 653/817/569 620/816/610 622/818/611 654/819/572
f 654/819/572 622/818/611 624/820/612 655/821/575
f 655/821/575 624/820/612 626/822/613 656/823/578
f 656/823/578 626/822/613 628/824/614 657/825/581
f 657/826/581 628/827/614 630/828/615 658/829/584
f 658/829/584 630/828/615 632/830/616 659/831/38
f 668/832/39 659/831/38 632/830/616 717/833/617
f 632/830/616 631/834/475 701/835/536 717/833/617
f 630/828/615 629/836/438 631/834/475 632/830/616
f 628/827/614 627/837/387 629/836/438 630/828/615
f 626/838/613 625/839/356 627/840/387 628/841/614
f 624/842/612 623/843/325 625/839/356 626/838/613
f 622/844/611 621/845/294 623/843/325 624/842/612
f 620/846/610 619/847/262 621/845/294 622/844/611
f 618/848/609 617/849/229 619/847/262 620/846/610
f 616/850/608 615/851/196 617/849/229 618/848/609
f 614/808/607 613/852/141 615/853/196 616/810/608
f 612/806/606 611/854/87 613/852/141 614/808/607
f 610/804/605 609/855/6 611/854/87 612/806/606
f 608/802/604 607/856/7 609/855/6 610/804/605
f 606/800/603 605/857/582 607/856/7 608/802/604
f 604/798/602 603/858/579 605/857/582 606/800/603
f 602/796/601 601/859/576 603/858/579 604/798/602
f 600/794/600 599/860/573 601/859/576 602/796/601
f 598/793/599 597/861/570 599/860/573 600/794/600
f 596/862/598 595/863/567 597/861/570 598/793/599
f 594/786/597 593/864/564 595/865/567 596/788/598
f 592/784/596 591/866/561 593/864/564 594/786/597
f 590/782/595 589/867/558 591/866/561 592/784/596
f 588/780/594 587/868/555 589/867/558 590/782/595
f 586/778/593 585/869/552 587/868/555 588/780/594
f 584/776/592 583/870/549 585/869/552 586/778/593
f 582/775/591 581/871/544 583/870/549 584/776/592
f 580/769/590 579/872/497 581/873/544 582/772/591
f 686/874/498 579/872/497 580/769/590 716/768/589
s 0
f 663/875/618 665/876/618 12/877/618 5/878/618 709/875/618
f 664/879/619 674/880/619 13/881/619 12/877/619 665/876/619
f 21/882/620 13/881/620 674/880/620 675/883/620
f 676/884/621 677/885/621 27/886/621 21/882/621 675/883/621
f 678/887/622 679/888/622 36/889/622 27/886/622 677/885/622
f 680/890/623 681/891/623 37/892/623 36/889/623 679/888/623
f 37/892/624 681/891/624 682/604/624 685/603/624
f 715/893/625 51/894/625 711/895/625 712/896/625
f 684/897/626 683/898/626 58/899/626 51/894/626 715/893/626
f 671/900/627 670/901/627 65/902/627 58/899/627 683/898/627
f 673/903/628 72/904/628 65/902/628 670/901/628 669/905/628
f 672/906/629 75/907/629 72/904/629 673/903/629
f 672/906/630 662/908/630 661/909/630 81/910/630 75/907/630
f 708/911/631 90/912/631 81/910/631 661/909/631 660/911/631
f 707/913/632 94/914/632 90/915/632 708/916/632
f 707/913/633 706/917/633 705/918/633 100/919/633 94/914/633
f 704/920/634 104/921/634 100/919/634 705/918/634
f 704/920/635 703/922/635 702/923/635 109/924/635 104/921/635
f 702/923/636 689/925/636 688/926/636 113/927/636 109/924/636
f 714/928/637 117/929/637 113/927/637 688/926/637 687/930/637
f 667/41/638 666/40/638 117/929/638 714/928/638
f 130/931/639 700/932/639 694/933/639 693/934/639
f 693/934/640 690/935/640 691/936/640 134/937/640 130/931/640
f 699/938/641 136/939/641 134/937/641 691/936/641 692/940/641
f 695/941/642 696/942/642 140/943/642 136/939/642 699/938/642
f 143/944/643 140/943/643 696/942/643 697/945/643
f 719/946/644 740/947/644 668/832/644 717/833/644 701/835/644 700/948/644 130/949/644 134/950/644 136/951/644 140/952/644 143/953/644 146/954/644 5/955/644 12/956/644 13/957/644 21/958/644 27/959/644 36/960/644 37/961/644 685/962/644 686/874/644 716/768/644 713/771/644 711/963/644 51/964/644 58/965/644 65/966/644 72/967/644 75/968/644 81/969/644 90/970/644 746/971/644 745/972/644 730/973/644 732/974/644 731/975/644 738/976/644 733/977/644 736/978/644 734/979/644 735/980/644 737/981/644 747/982/644 748/983/644 728/984/644 727/985/644 729/986/644 725/987/644 726/988/644 724/989/644 723/990/644 720/991/644 721/992/644 722/993/644 718/994/644
f 746/971/644 90/970/644 94/995/644 100/996/644 104/997/644 109/998/644 113/999/644 117/1000/644 666/1001/644 668/832/644 740/947/644 739/1002/644 743/1003/644 742/1004/644 741/1005/644 749/1006/644 744/1007/644
f 698/1008/645 710/1009/645 146/1010/645 143/944/645 697/945/645
f 5/878/646 146/1011/646 710/1012/646 709/875/646
f 729/1013/632 6/1014/632 1/1015/632 725/1016/632
f 727/1017/633 11/1018/633 6/1014/633 729/1013/633
f 728/1019/634 15/1020/634 11/1018/634 727/1017/634
f 748/1021/635 19/1022/635 15/1020/635 728/1019/635
f 26/1023/636 19/1022/636 748/1021/636 747/1024/636
f 30/1025/637 26/1023/637 747/1024/637 737/1026/637
f 33/1027/638 30/1025/638 737/1026/638 735/1028/638
f 39/1029/647 33/1030/647 735/1031/647 734/1032/647
f 43/1033/648 39/1029/648 734/1032/648 736/1034/648
f 48/1035/639 43/1033/639 736/1034/639 733/1036/639
f 52/1037/640 48/1035/640 733/1036/640 738/1038/640
f 55/1039/641 52/1037/641 738/1038/641 731/1040/641
f 732/1041/642 61/1042/642 55/1039/642 731/1040/642
f 730/1043/643 66/1044/643 61/1042/643 732/1041/643
f 69/1045/645 66/1044/645 730/1043/645 745/1046/645
f 746/1047/646 73/1048/646 69/1049/646 745/1050/646
f 744/1051/618 79/1052/618 73/1048/618 746/1047/618
f 749/1053/619 84/1054/619 79/1052/619 744/1051/619
f 741/1055/620 88/1056/620 84/1054/620 749/1053/620
f 742/1057/621 93/1058/621 88/1056/621 741/1055/621
f 97/1059/622 93/1058/622 742/1057/622 743/1060/622
f 99/1061/623 97/1059/623 743/1060/623 739/1062/623
f 103/1063/624 99/1061/624 739/1062/624 740/1064/624
f 106/1065/649 103/1063/649 740/1064/649 719/1066/649
f 108/1067/650 106/1068/650 719/1069/650 718/1070/650
f 111/1071/625 108/1067/625 718/1070/625 722/1072/625
f 115/1073/626 111/1071/626 722/1072/626 721/1074/626
f 118/1075/627 115/1073/627 721/1074/627 720/1076/627
f 723/1077/628 121/1078/628 118/1075/628 720/1076/628
f 724/1079/629 124/1080/629 121/1078/629 723/1077/629
f 726/1081/630 126/1082/630 124/1080/630 724/1079/630
f 725/1083/631 1/1084/631 126/1082/631 726/1081/631
f 764/1085/644 30/1086/644 33/1087/644 39/1088/644 43/1089/644 48/1090/644 52/1091/644 55/1092/644 61/1093/644 66/1094/644 69/1095/644 73/1096/644 79/1097/644 84/1098/644 88/1099/644 93/1100/644 97/1101/644 99/1102/644 767/1103/644 770/1104/644 772/1105/644 774/1106/644 780/1107/644 777/1108/644 776/1109/644 779/1110/644 778/1111/644 755/1112/644 758/1113/644 757/1114/644 762/1115/644 763/1116/644 760/1117/644 761/1118/644
f 767/1103/644 99/1102/644 103/1119/644 106/1120/644 108/1121/644 111/1122/644 115/1123/644 118/1124/644 121/1125/644 124/1126/644 126/1127/644 1/1128/644 6/1129/644 11/1130/644 15/1131/644 19/1132/644 26/1133/644 30/1086/644 764/1085/644 759/1134/644 765/1135/644 756/1136/644 754/1137/644 753/1138/644 751/1139/644 752/1140/644 750/1141/644 775/1142/644 781/1143/644 771/1144/644 773/1145/644 769/1146/644 766/1147/644 768/1148/644
f 753/1149/632 4/1150/632 2/1151/632 751/1152/632
f 754/1153/633 8/1154/633 4/1150/633 753/1149/633
f 756/1155/634 10/1156/634 8/1154/634 754/1153/634
f 765/1157/635 14/1158/635 10/1156/635 756/1155/635
f 17/1159/636 14/1158/636 765/1157/636 759/1160/636
f 20/1161/637 17/1159/637 759/1160/637 764/1162/637
f 23/1163/638 20/1161/638 764/1162/638 761/1164/638
f 25/1165/647 23/1166/647 761/1167/647 760/1168/647
f 29/1169/648 25/1165/648 760/1168/648 763/1170/648
f 31/1171/639 29/1169/639 763/1170/639 762/1172/639
f 35/1173/640 31/1171/640 762/1172/640 757/1174/640
f 38/1175/641 35/1173/641 757/1174/641 758/1176/641
f 755/1177/642 40/1178/642 38/1175/642 758/1176/642
f 44/1179/643 40/1178/643 755/1177/643 778/1180/643
f 779/1181/645 46/1182/645 44/1179/645 778/1180/645
f 776/1183/646 50/1184/646 46/1185/646 779/1186/646
f 777/1187/618 53/1188/618 50/1184/618 776/1183/618
f 780/1189/619 56/1190/619 53/1188/619 777/1187/619
f 774/1191/620 59/1192/620 56/1190/620 780/1189/620
f 772/1193/621 62/1194/621 59/1192/621 774/1191/621
f 64/1195/622 62/1194/622 772/1193/622 770/1196/622
f 68/1197/623 64/1195/623 770/1196/623 767/1198/623
f 71/1199/624 68/1197/624 767/1198/624 768/1200/624
f 74/1201/649 71/1199/649 768/1200/649 766/1202/649
f 76/1203/650 74/1204/650 766/1205/650 769/1206/650
f 80/1207/625 76/1203/625 769/1206/625 773/1208/625
f 83/1209/626 80/1207/626 773/1208/626 771/1210/626
f 86/1211/627 83/1209/627 771/1210/627 781/1212/627
f 775/1213/628 89/1214/628 86/1211/628 781/1212/628
f 750/1215/629 92/1216/629 89/1214/629 775/1213/629
f 752/1217/630 95/1218/630 92/1216/630 750/1215/630
f 751/1219/631 2/1220/631 95/1218/631 752/1217/631
f 95/1221/644 2/1222/644 4/1223/644 8/1224/644 10/1225/644 14/1226/644 17/1227/644 20/1228/644 23/1229/644 25/1230/644 29/1231/644 31/1232/644 35/1233/644 38/1234/644 40/1235/644 44/1236/644 46/1237/644 50/1238/644 53/1239/644 56/1240/644 59/1241/644 62/1242/644 64/1243/644 68/1244/644 71/1245/644 74/1246/644 76/1247/644 80/1248/644 83/1249/644 86/1250/644 89/1251/644 92/1252/644
