# Blender 5.1.2
# www.blender.org
o Ball
v 0.097545 0.915003 -0.379007
v 0.379007 0.915003 0.097545
v 0.097545 0.823481 -0.550233
v 0.550233 0.823481 0.097545
v 0.700313 0.700313 0.097545
v 0.097545 0.700313 -0.700313
v 0.823481 0.550233 0.097545
v 0.097545 0.550233 -0.823481
v 0.915003 0.379007 0.097545
v 0.097545 0.379007 -0.915003
v 0.097545 0.193216 -0.971362
v 0.097545 -0.193216 -0.971362
v 0.915003 -0.379007 0.097545
v 0.097545 -0.379007 -0.915003
v 0.097545 -0.550233 -0.823481
v 0.823481 -0.550233 0.097545
v 0.097545 -0.700313 -0.700313
v 0.700313 -0.700313 0.097545
v 0.550232 -0.823481 0.097545
v 0.097545 -0.823481 -0.550232
v 0.379007 -0.915003 0.097545
v 0.097545 -0.915003 -0.379007
v 0.193216 -0.971362 0.097545
v 0.097545 -0.971362 -0.193216
v -0.193216 -0.971362 0.097545
v 0.097545 -0.971362 0.193216
v 0.097545 -0.915003 0.379007
v -0.379007 -0.915003 0.097545
v -0.550233 -0.823481 0.097545
v 0.097545 -0.823481 0.550233
v -0.700313 -0.700313 0.097545
v 0.097545 -0.700313 0.700313
v 0.097545 -0.550232 0.823481
v -0.823481 -0.550232 0.097545
v 0.097545 -0.379006 0.915003
v -0.915003 -0.379006 0.097545
v -0.971362 -0.193216 0.097545
v 0.097545 -0.193216 0.971362
v -0.971362 0.193216 0.097545
v 0.097545 0.193216 0.971362
v 0.097545 0.379007 0.915003
v -0.915003 0.379007 0.097545
v 0.097545 0.550233 0.823480
v -0.823480 0.550233 0.097545
v -0.700312 0.700313 0.097545
v 0.097545 0.700313 0.700312
v 0.097545 0.823481 0.550232
v -0.550232 0.823481 0.097545
v -0.379006 0.915003 0.097545
v 0.097545 0.915003 0.379006
v 0.097545 0.971362 0.193215
v -0.193215 0.971362 0.097545
v -0.097545 0.915003 -0.379007
v 0.379007 0.915003 -0.097545
v -0.097545 0.823481 -0.550233
v 0.550233 0.823481 -0.097545
v -0.097545 0.700313 -0.700313
v 0.700313 0.700313 -0.097545
v 0.823481 0.550233 -0.097545
v -0.097545 0.550233 -0.823481
v 0.915003 0.379007 -0.097545
v -0.097545 0.379007 -0.915003
v -0.097545 0.193216 -0.971362
v -0.097545 -0.193216 -0.971362
v -0.097545 -0.379007 -0.915003
v 0.915003 -0.379007 -0.097545
v -0.097545 -0.550233 -0.823481
v 0.823481 -0.550233 -0.097545
v -0.097545 -0.700313 -0.700313
v 0.700313 -0.700313 -0.097545
v -0.097545 -0.823481 -0.550232
v 0.550232 -0.823481 -0.097545
v 0.379007 -0.915003 -0.097545
v -0.097545 -0.915003 -0.379007
v -0.097545 -0.971362 -0.193216
v 0.193216 -0.971362 -0.097545
v -0.097545 -0.971362 0.193216
v -0.193216 -0.971362 -0.097545
v -0.097545 -0.915003 0.379007
v -0.379007 -0.915003 -0.097545
v -0.097545 -0.823481 0.550233
v -0.550233 -0.823481 -0.097545
v -0.700313 -0.700313 -0.097545
v -0.097545 -0.700313 0.700313
v -0.823481 -0.550232 -0.097545
v -0.097545 -0.550232 0.823481
v -0.097545 -0.379006 0.915003
v -0.915003 -0.379006 -0.097545
v -0.097545 -0.193216 0.971362
v -0.971362 -0.193216 -0.097545
v -0.097545 0.193216 0.971362
v -0.971362 0.193216 -0.097545
v -0.915003 0.379007 -0.097545
v -0.097545 0.379007 0.915003
v -0.097545 0.550233 0.823480
v -0.823480 0.550233 -0.097545
v -0.097545 0.700313 0.700312
v -0.700312 0.700313 -0.097545
v -0.097545 0.823481 0.550232
v -0.550232 0.823481 -0.097545
v -0.379006 0.915003 -0.097545
v -0.097545 0.915003 0.379006
v -0.097545 0.971362 0.193215
v -0.193215 0.971362 -0.097545
v 0.177386 0.891779 0.089553
v 0.089553 0.891779 -0.177386
v 0.000000 0.900430 -0.179107
v 0.179107 0.900430 0.000000
v 0.089553 0.840038 -0.347955
v 0.347955 0.840038 0.089553
v 0.000000 0.848187 -0.351330
v 0.351330 0.848187 0.000000
v 0.089553 0.756014 -0.505152
v 0.505152 0.756014 0.089553
v 0.000000 0.763348 -0.510053
v 0.510053 0.763348 0.000000
v 0.089553 0.642937 -0.642937
v 0.642937 0.642937 0.089553
v 0.000000 0.649174 -0.649174
v 0.649174 0.649174 0.000000
v 0.089553 0.505152 -0.756014
v 0.756014 0.505152 0.089553
v 0.763348 0.510053 0.000000
v 0.000000 0.510053 -0.763348
v 0.089553 0.347955 -0.840038
v 0.840038 0.347955 0.089553
v 0.848187 0.351330 0.000000
v 0.000000 0.351330 -0.848187
v 0.089553 0.177386 -0.891779
v 0.891779 0.177386 0.089553
v 0.900430 0.179107 0.000000
v 0.000000 0.179107 -0.900430
v 0.891779 -0.177386 0.089553
v 0.089553 -0.177386 -0.891779
v 0.900430 -0.179107 0.000000
v 0.000000 -0.179107 -0.900430
v 0.840038 -0.347955 0.089553
v 0.089553 -0.347955 -0.840038
v 0.848186 -0.351330 0.000000
v 0.000000 -0.351330 -0.848186
v 0.089553 -0.505152 -0.756014
v 0.756014 -0.505152 0.089553
v 0.763347 -0.510053 0.000000
v 0.000000 -0.510053 -0.763347
v 0.089553 -0.642937 -0.642937
v 0.642937 -0.642937 0.089553
v 0.649173 -0.649174 0.000000
v 0.000000 -0.649174 -0.649173
v 0.505152 -0.756014 0.089553
v 0.089553 -0.756014 -0.505152
v 0.510052 -0.763348 0.000000
v 0.000000 -0.763348 -0.510052
v 0.089553 -0.840038 -0.347955
v 0.347955 -0.840038 0.089553
v 0.351330 -0.848186 0.000000
v 0.000000 -0.848186 -0.351330
v 0.089553 -0.891779 -0.177386
v 0.177386 -0.891779 0.089553
v 0.179106 -0.900430 0.000000
v 0.000000 -0.900430 -0.179106
v 0.089553 -0.891779 0.177386
v -0.177386 -0.891779 0.089553
v -0.179107 -0.900429 0.000000
v 0.000000 -0.900429 0.179107
v 0.089553 -0.840037 0.347955
v -0.347955 -0.840037 0.089553
v 0.000000 -0.848186 0.351330
v -0.351330 -0.848186 0.000000
v 0.089553 -0.756014 0.505152
v -0.505152 -0.756014 0.089553
v 0.000000 -0.763347 0.510053
v -0.510053 -0.763347 0.000000
v 0.089553 -0.642937 0.642937
v -0.642937 -0.642937 0.089553
v 0.000000 -0.649173 0.649174
v -0.649174 -0.649173 0.000000
v 0.089553 -0.505152 0.756014
v -0.756014 -0.505152 0.089553
v 0.000000 -0.510052 0.763347
v -0.763347 -0.510052 0.000000
v 0.089553 -0.347955 0.840037
v -0.840037 -0.347955 0.089553
v -0.848186 -0.351330 0.000000
v 0.000000 -0.351330 0.848186
v -0.891779 -0.177386 0.089553
v 0.089553 -0.177386 0.891779
v -0.900429 -0.179106 0.000000
v 0.000000 -0.179106 0.900429
v -0.909250 0.000000 0.089553
v -0.918070 0.000000 0.000000
v -0.891779 0.177386 0.089553
v 0.089553 0.177386 0.891779
v 0.000000 0.179107 0.900429
v -0.900429 0.179107 0.000000
v -0.840037 0.347955 0.089553
v 0.089553 0.347955 0.840037
v -0.848186 0.351330 0.000000
v 0.000000 0.351330 0.848186
v 0.089553 0.505152 0.756013
v -0.756013 0.505152 0.089553
v -0.763347 0.510053 0.000000
v 0.000000 0.510053 0.763347
v -0.642936 0.642937 0.089553
v 0.089553 0.642937 0.642936
v -0.649173 0.649174 0.000000
v 0.000000 0.649174 0.649173
v 0.089553 0.756014 0.505152
v -0.505152 0.756014 0.089553
v -0.510052 0.763347 0.000000
v 0.000000 0.763347 0.510052
v -0.347954 0.840037 0.089553
v 0.089553 0.840037 0.347954
v -0.351330 0.848186 0.000000
v 0.000000 0.848186 0.351330
v -0.177385 0.891779 0.089553
v 0.089553 0.891779 0.177385
v -0.179106 0.900429 0.000000
v 0.000000 0.900429 0.179106
v -0.089553 0.891779 -0.177386
v 0.177386 0.891779 -0.089553
v -0.089553 0.840038 -0.347955
v 0.347955 0.840038 -0.089553
v -0.089553 0.756014 -0.505152
v 0.505152 0.756014 -0.089553
v 0.642937 0.642937 -0.089553
v -0.089553 0.642937 -0.642937
v 0.756014 0.505152 -0.089553
v -0.089553 0.505152 -0.756014
v -0.089553 0.347955 -0.840038
v 0.840038 0.347955 -0.089553
v 0.891779 0.177386 -0.089553
v -0.089553 0.177386 -0.891779
v -0.089553 -0.177386 -0.891779
v 0.891779 -0.177386 -0.089553
v 0.840038 -0.347955 -0.089553
v -0.089553 -0.347955 -0.840038
v -0.089553 -0.505152 -0.756014
v 0.756014 -0.505152 -0.089553
v 0.642937 -0.642937 -0.089553
v -0.089553 -0.642937 -0.642937
v 0.505152 -0.756014 -0.089553
v -0.089553 -0.756014 -0.505152
v -0.089553 -0.840038 -0.347955
v 0.347955 -0.840038 -0.089553
v 0.177386 -0.891779 -0.089553
v -0.089553 -0.891779 -0.177386
v -0.177386 -0.891779 -0.089553
v -0.089553 -0.891779 0.177386
v -0.089553 -0.840037 0.347955
v -0.347955 -0.840037 -0.089553
v -0.089553 -0.756014 0.505152
v -0.505152 -0.756014 -0.089553
v -0.642937 -0.642937 -0.089553
v -0.089553 -0.642937 0.642937
v -0.089553 -0.505152 0.756014
v -0.756014 -0.505152 -0.089553
v -0.840037 -0.347955 -0.089553
v -0.089553 -0.347955 0.840037
v -0.089553 -0.177386 0.891779
v -0.891779 -0.177386 -0.089553
v -0.909250 0.000000 -0.089553
v -0.891779 0.177386 -0.089553
v -0.089553 0.177386 0.891779
v -0.840037 0.347955 -0.089553
v -0.089553 0.347955 0.840037
v -0.756013 0.505152 -0.089553
v -0.089553 0.505152 0.756013
v -0.642936 0.642937 -0.089553
v -0.089553 0.642937 0.642936
v -0.505152 0.756014 -0.089553
v -0.089553 0.756014 0.505152
v -0.089553 0.840037 0.347954
v -0.347954 0.840037 -0.089553
v -0.089553 0.891779 0.177385
v -0.177385 0.891779 -0.089553
v 0.193217 0.971362 0.097545
v 0.153289 0.547182 0.818916
v 0.153284 0.547183 -0.818917
v 0.363402 0.543869 0.750604
v 0.363405 0.543874 -0.750599
v 0.382683 0.837979 0.382690
v 0.483373 0.723428 0.483379
v 0.161289 0.376604 -0.909203
v 0.382683 0.837984 0.382681
v 0.382683 0.837983 -0.382683
v 0.161292 0.376604 0.909202
v 0.483378 0.723426 -0.483378
v 0.695813 0.695813 0.162166
v 0.143231 0.192338 0.966949
v 0.172256 0.172256 0.966068
v 0.218955 0.218955 0.946034
v 0.373005 0.373005 0.846468
v 0.342101 0.342101 0.869830
v 0.576049 0.576048 0.576058
v 0.540861 0.540861 0.636694
v 0.483381 0.723424 0.483377
v 0.680458 0.680458 0.255984
v 0.671069 0.671069 0.299758
v 0.636273 0.425144 -0.636273
v 0.636269 0.425146 0.636275
v 0.526451 0.351763 -0.767796
v -0.915003 0.097545 -0.379007
v -0.823481 0.097545 -0.550233
v -0.700313 0.097545 -0.700313
v -0.550233 0.097545 -0.823481
v -0.379007 0.097545 -0.915003
v -0.193216 0.097545 -0.971362
v 0.193216 0.097545 -0.971362
v 0.379007 0.097545 -0.915003
v 0.550233 0.097545 -0.823481
v 0.700313 0.097545 -0.700313
v 0.823481 0.097545 -0.550232
v 0.750596 0.543876 0.363406
v 0.915003 0.097545 -0.379007
v 0.971362 0.097545 -0.193216
v 0.971362 0.097545 0.193216
v 0.915003 0.097545 0.379007
v 0.823481 0.097545 0.550233
v 0.818917 0.547183 0.153280
v 0.700313 0.097545 0.700313
v 0.550232 0.097545 0.823481
v 0.379006 0.097545 0.915003
v 0.750599 0.543874 -0.363405
v 0.193216 0.097545 0.971362
v -0.193216 0.097545 0.971362
v -0.379007 0.097545 0.915003
v -0.550233 0.097545 0.823480
v -0.700313 0.097545 0.700312
v -0.823481 0.097545 0.550232
v -0.915003 0.097545 0.379006
v -0.971362 0.097545 0.193215
v -0.915003 -0.097545 -0.379007
v 0.526465 0.351772 0.767782
v -0.823481 -0.097545 -0.550233
v -0.700313 -0.097545 -0.700313
v -0.550233 -0.097545 -0.823481
v -0.379007 -0.097545 -0.915003
v -0.193216 -0.097545 -0.971362
v 0.193216 -0.097545 -0.971362
v 0.379007 -0.097545 -0.915003
v 0.550233 -0.097545 -0.823481
v 0.700313 -0.097545 -0.700313
v 0.823481 -0.097545 -0.550232
v 0.915003 -0.097545 -0.379007
v 0.971362 -0.097545 -0.193216
v 0.971362 -0.097545 0.193216
v 0.767796 0.351763 -0.526450
v 0.915003 -0.097545 0.379007
v 0.823481 -0.097545 0.550233
v 0.700313 -0.097545 0.700313
v 0.550232 -0.097545 0.823481
v 0.379006 -0.097545 0.915003
v 0.193216 -0.097545 0.971362
v -0.193216 -0.097545 0.971362
v -0.379007 -0.097545 0.915003
v -0.550233 -0.097545 0.823480
v 0.636275 0.425143 0.636271
v -0.700313 -0.097545 0.700312
v -0.823481 -0.097545 0.550232
v -0.915003 -0.097545 0.379006
v -0.971362 -0.097545 0.193215
v -0.891779 0.089553 -0.177386
v -0.900430 0.000000 -0.179107
v -0.840038 0.089553 -0.347955
v -0.848187 0.000000 -0.351330
v 0.767805 0.351757 0.526441
v -0.756014 0.089553 -0.505152
v -0.763348 0.000000 -0.510053
v -0.642937 0.089553 -0.642937
v -0.649174 0.000000 -0.649174
v -0.505152 0.089553 -0.756014
v -0.510053 0.000000 -0.763348
v -0.347955 0.089553 -0.840038
v -0.351330 0.000000 -0.848187
v -0.177386 0.089553 -0.891779
v -0.179107 0.000000 -0.900430
v 0.177386 0.089553 -0.891779
v 0.179107 0.000000 -0.900430
v 0.909203 0.376604 0.161288
v 0.347955 0.089553 -0.840038
v 0.351330 0.000000 -0.848186
v 0.505152 0.089553 -0.756014
v 0.510053 0.000000 -0.763347
v 0.642937 0.089553 -0.642937
v 0.649174 0.000000 -0.649173
v 0.756014 0.089553 -0.505152
v 0.763348 0.000000 -0.510052
v 0.840038 0.089553 -0.347955
v 0.848186 0.000000 -0.351330
v 0.891779 0.089553 -0.177386
v 0.900430 0.000000 -0.179106
v 0.909250 0.089553 0.000000
v 0.918070 0.000000 0.000000
v 0.891779 0.089553 0.177386
v 0.900429 0.000000 0.179107
v 0.840037 0.089553 0.347955
v 0.848186 0.000000 0.351330
v 0.756014 0.089553 0.505152
v 0.763347 0.000000 0.510053
v 0.642937 0.089553 0.642937
v 0.649173 0.000000 0.649174
v 0.505152 0.089553 0.756014
v 0.510052 0.000000 0.763347
v 0.347955 0.089553 0.840037
v 0.351330 0.000000 0.848186
v 0.177386 0.089553 0.891779
v 0.179106 0.000000 0.900429
v -0.177386 0.089553 0.891779
v -0.179107 0.000000 0.900429
v -0.347955 0.089553 0.840037
v -0.351330 0.000000 0.848186
v -0.505152 0.089553 0.756013
v -0.510053 0.000000 0.763347
v -0.642937 0.089553 0.642936
v -0.649174 0.000000 0.649173
v -0.756014 0.089553 0.505152
v -0.763347 0.000000 0.510052
v -0.840037 0.089553 0.347954
v -0.848186 0.000000 0.351330
v -0.891779 0.089553 0.177385
v -0.900429 0.000000 0.179106
v -0.891779 -0.089553 -0.177386
v -0.840038 -0.089553 -0.347955
v -0.756014 -0.089553 -0.505152
v -0.642937 -0.089553 -0.642937
v -0.505152 -0.089553 -0.756014
v -0.347955 -0.089553 -0.840038
v -0.177386 -0.089553 -0.891779
v 0.177386 -0.089553 -0.891779
v 0.347955 -0.089553 -0.840038
v 0.505152 -0.089553 -0.756014
v 0.642937 -0.089553 -0.642937
v 0.756014 -0.089553 -0.505152
v 0.840038 -0.089553 -0.347955
v 0.891779 -0.089553 -0.177386
v 0.909250 -0.089553 0.000000
v 0.891779 -0.089553 0.177386
v 0.840037 -0.089553 0.347955
v 0.756014 -0.089553 0.505152
v 0.642937 -0.089553 0.642937
v 0.505152 -0.089553 0.756014
v 0.347955 -0.089553 0.840037
v 0.177386 -0.089553 0.891779
v -0.177386 -0.089553 0.891779
v -0.347955 -0.089553 0.840037
v -0.505152 -0.089553 0.756013
v -0.642937 -0.089553 0.642936
v -0.756014 -0.089553 0.505152
v -0.840037 -0.089553 0.347954
v -0.891779 -0.089553 0.177385
v 0.909203 -0.376604 0.161289
v 0.097545 0.980785 -0.097545
v 0.089553 0.900430 -0.089553
v 0.193216 0.971362 -0.097545
v 0.818917 -0.547183 0.153283
v 0.111473 -0.979413 0.097545
v 0.097545 -0.980785 0.097545
v 0.089553 -0.900430 0.089553
v 0.767797 -0.351762 -0.526450
v 0.526460 -0.351769 0.767786
v 0.636273 -0.425144 -0.636273
v 0.636274 -0.425143 0.636272
v 0.526450 -0.351763 -0.767797
v 0.767801 -0.351759 0.526445
v 0.373006 -0.373006 0.846468
v 0.636698 -0.540859 -0.540859
v 0.636271 -0.425144 0.636274
v 0.540860 -0.540860 0.636696
v 0.342098 -0.342098 -0.869832
v 0.373008 -0.373009 -0.846466
v 0.750598 -0.543874 0.363405
v 0.218957 -0.218957 -0.946033
v 0.695813 -0.695813 0.162168
v 0.172255 -0.172255 0.966068
v 0.671068 -0.671068 -0.299760
v 0.680459 -0.680459 -0.255981
v 0.750599 -0.543873 -0.363404
v 0.143227 -0.192338 -0.966950
v 0.143231 -0.192338 0.966949
v 0.483378 -0.723426 -0.483378
v 0.363403 -0.543871 0.750602
v 0.363404 -0.543873 -0.750599
v 0.483379 -0.723426 0.483378
v 0.382683 -0.837983 -0.382683
v 0.299760 -0.671068 -0.671068
v 0.483376 -0.723427 0.483378
v 0.382683 -0.837982 0.382685
v 0.161289 -0.376604 -0.909203
v 0.382683 -0.837983 0.382683
v -0.097545 -0.980785 0.097545
v -0.089553 -0.900430 0.089553
v 0.161291 -0.376604 0.909203
v 0.153287 -0.547182 0.818916
v 0.255981 -0.680459 -0.680459
v 0.162168 -0.695813 -0.695812
v 0.153284 -0.547183 -0.818916
v 0.149739 -0.973482 0.119494
v -0.129431 -0.974442 0.130057
v -0.153283 -0.547183 -0.818917
v -0.153286 -0.547182 0.818916
v -0.255982 -0.680459 -0.680459
v -0.162168 -0.695813 -0.695813
v -0.382683 -0.837983 -0.382683
v -0.382685 -0.837982 -0.382683
v -0.161291 -0.376604 0.909203
v -0.483378 -0.723426 -0.483379
v -0.483378 -0.723427 -0.483376
v -0.363404 -0.543872 0.750601
v -0.299760 -0.671068 -0.671068
v -0.363405 -0.543874 -0.750598
v -0.483378 -0.723426 0.483378
v -0.382683 -0.837983 0.382683
v -0.161289 -0.376604 -0.909203
v -0.373010 -0.373009 -0.846465
v -0.342098 -0.342097 -0.869832
v -0.143226 -0.192338 -0.966950
v -0.172254 -0.172254 -0.966069
v -0.143231 -0.192338 0.966949
v -0.671068 -0.671068 -0.299762
v -0.680459 -0.680459 -0.255979
v -0.576052 -0.576052 -0.576051
v -0.540858 -0.540858 -0.636699
v -0.750602 -0.543871 -0.363403
v -0.636696 -0.540860 -0.540860
v -0.526455 -0.351766 0.767792
v -0.576053 -0.576051 -0.576051
v -0.636274 -0.425144 -0.636271
v -0.636272 -0.425143 -0.636274
v -0.636273 -0.425144 0.636273
v -0.526445 -0.351759 -0.767802
v -0.750601 -0.543872 0.363404
v -0.818916 -0.547182 0.153287
v -0.767791 -0.351766 0.526455
v -0.909203 -0.376604 0.161291
v -0.846468 -0.373006 -0.373006
v -0.767787 -0.351769 -0.526459
v -0.946034 -0.218956 -0.218956
v -0.869830 -0.342100 -0.342100
v -0.966949 -0.192338 0.143231
v -0.097545 0.980785 -0.097545
v -0.089553 0.900430 -0.089553
v 0.000000 0.909250 -0.089553
v 0.000000 0.909250 -0.089553
v -0.966949 0.192338 0.143231
v -0.909202 0.376604 0.161291
v -0.946034 0.218955 -0.218955
v -0.869830 0.342101 -0.342101
v -0.526455 0.351766 0.767792
v -0.636275 0.425146 -0.636269
v -0.636271 0.425143 -0.636275
v -0.636273 0.425144 0.636273
v -0.526441 0.351757 -0.767805
v -0.767791 0.351766 0.526455
v -0.846467 0.373007 0.373007
v -0.818916 0.547183 0.153285
v -0.846468 0.373005 -0.373005
v -0.767783 0.351772 -0.526464
v -0.695812 0.695812 0.162170
v -0.750604 0.543869 -0.363402
v -0.671067 0.671067 -0.299765
v -0.680460 0.680460 -0.255976
v -0.373007 0.373007 0.846467
v -0.636694 0.540861 -0.540861
v -0.576058 0.576048 -0.576049
v -0.540857 0.540857 -0.636701
v -0.636696 0.540860 0.540859
v -0.373010 0.373010 -0.846465
v -0.342097 0.342097 -0.869833
v -0.750601 0.543871 0.363403
v -0.680459 0.680459 0.255978
v -0.363406 0.543876 -0.750596
v -0.483378 0.723426 0.483378
v -0.143226 0.192338 -0.966950
v -0.143231 0.192338 0.966949
v -0.483377 0.723424 -0.483381
v -0.483379 0.723428 -0.483373
v -0.363403 0.543871 0.750601
v -0.382690 0.837979 -0.382683
v -0.382681 0.837984 -0.382683
v -0.161291 0.376604 0.909202
v -0.299758 0.671069 -0.671069
v -0.299762 0.671068 0.671068
v -0.382683 0.837983 0.382683
v -0.161288 0.376604 -0.909203
v -0.255978 0.680459 0.680459
v -0.162170 0.695812 0.695812
v -0.153280 0.547183 -0.818917
v -0.153285 0.547183 0.818916
v -0.255984 0.680458 -0.680458
v -0.162166 0.695813 -0.695813
v -0.119400 0.974962 0.134811
v -0.097545 0.980785 0.097545
v 0.097545 0.980785 0.097545
v 0.193216 0.971362 0.097545
v 0.089553 0.900430 0.089553
v 0.097545 -0.980785 -0.097545
v 0.089553 -0.900430 -0.089553
v -0.097545 -0.980785 -0.097545
v -0.075722 -0.901792 -0.089553
v -0.089553 -0.900430 -0.089553
v -0.089553 0.900430 0.089553
v -0.097545 0.971362 -0.193217
v -0.097545 0.971362 -0.193216
v -0.695812 0.695812 -0.162171
v -0.818916 0.547182 -0.153289
v -0.909202 0.376604 -0.161292
v -0.966949 0.192338 -0.143231
v -0.966068 0.172256 -0.172256
v -0.966068 -0.172255 -0.172255
v -0.966949 -0.192338 -0.143231
v -0.909203 -0.376604 -0.161291
v -0.818916 -0.547182 -0.153287
v -0.695812 -0.695812 -0.162170
v -0.097545 -0.979453 -0.111064
v -0.118732 -0.974995 -0.135149
v 0.122115 -0.973736 -0.144548
v 0.695812 -0.695813 -0.162168
v 0.818916 -0.547183 -0.153284
v 0.909203 -0.376604 -0.161289
v 0.909203 0.376604 -0.161289
v 0.818917 0.547183 -0.153284
v 0.097545 0.971362 -0.193216
v 0.097545 0.972733 -0.179305
v 0.000000 0.918071 -0.000000
v 0.000136 0.918031 -0.000269
v 0.000000 0.917662 -0.004154
v 0.089553 0.908697 -0.005618
v 0.089553 0.909250 -0.000000
v 0.089553 0.909250 0.000000
v -0.000000 -0.918070 0.000000
v 0.056911 -0.906035 -0.065284
v 0.000000 -0.918066 -0.000040
v -0.048341 -0.906869 -0.065383
v -0.026148 -0.915495 0.000000
v -0.000005 0.918070 0.000000
v 0.000000 0.918071 -0.000000
v -0.048260 0.906874 0.065423
v -0.065813 -0.906912 0.047481
v -0.000075 -0.918059 0.000038
v -0.000017 -0.918068 0.000000
v 0.089553 -0.902028 0.073325
v 0.061918 -0.906201 0.058594
v -0.000000 -0.918070 0.000000
v 0.021888 -0.911644 0.043355
v 0.000000 -0.915494 0.026152
v 0.376604 0.909203 0.161287
v 0.192340 0.966949 0.143226
v 0.355241 0.913212 0.185425
v 0.256971 0.942414 0.191354
v 0.185427 0.913212 -0.355239
v 0.191356 0.942413 -0.256974
v 0.342097 0.869832 -0.342097
v 0.218958 0.946033 -0.218958
v 0.255515 0.885856 -0.374559
v 0.249653 0.887305 -0.375602
v 0.175037 0.822356 -0.536226
v 0.186289 0.875221 -0.434983
v 0.286164 0.796618 -0.521884
v 0.237150 0.797913 -0.546302
v 0.225623 0.799300 -0.550097
v 0.225419 0.876625 -0.411103
v 0.225619 0.550098 0.799300
v 0.218954 0.582037 0.775691
v 0.175038 0.536229 0.822353
v 0.175230 0.625508 0.751854
v 0.162167 0.695813 -0.695813
v 0.175226 0.751847 -0.625517
v 0.255982 0.680459 -0.680458
v 0.218958 0.775688 -0.582039
v 0.218953 0.775684 0.582047
v 0.255976 0.680460 0.680459
v 0.162171 0.695813 0.695812
v 0.175231 0.751848 0.625515
v 0.175036 0.536227 -0.822355
v 0.175227 0.625514 -0.751849
v 0.225622 0.550098 -0.799299
v 0.218958 0.582036 -0.775691
v 0.175040 0.822354 0.536226
v 0.186293 0.875220 0.434982
v 0.225408 0.876624 0.411111
v 0.286154 0.796619 0.521888
v 0.237158 0.797913 0.546297
v 0.225620 0.799301 0.550096
v 0.255527 0.885854 0.374554
v 0.249648 0.887307 0.375600
v 0.191359 0.942413 0.256970
v 0.342070 0.869837 0.342107
v 0.218938 0.946030 0.218985
v 0.185430 0.913211 0.355239
v 0.337373 0.509552 0.785680
v 0.286163 0.521887 0.796616
v 0.237170 0.546295 0.797910
v 0.351772 0.526464 0.767783
v 0.382665 0.731635 -0.557816
v 0.299760 0.671069 -0.671068
v 0.382700 0.731618 -0.557814
v 0.425143 0.636274 -0.636272
v 0.426388 0.649294 -0.621494
v 0.382668 0.731633 0.557816
v 0.299766 0.671068 0.671065
v 0.426387 0.649291 0.621497
v 0.382697 0.731619 0.557815
v 0.425143 0.636274 0.636271
v 0.237156 0.546301 -0.797912
v 0.351764 0.526452 -0.767794
v 0.337373 0.509550 -0.785682
v 0.286167 0.521884 -0.796617
v 0.351756 0.767805 0.526441
v 0.399850 0.732492 0.542368
v 0.337375 0.785680 0.509550
v 0.185427 0.355239 -0.913212
v 0.186289 0.434981 -0.875221
v 0.225419 0.411102 -0.876626
v 0.249651 0.375602 -0.887306
v 0.374559 0.885852 0.255526
v 0.521881 0.796616 0.286175
v 0.411094 0.876627 0.225426
v 0.375604 0.887304 0.249652
v 0.373010 0.846465 0.373008
v 0.509549 0.785683 0.337370
v 0.547183 0.818917 0.153281
v 0.536227 0.822355 0.175033
v 0.434979 0.875223 0.186287
v -0.980785 -0.097545 -0.097545
v -0.909250 0.000000 -0.089553
v -0.909250 0.000000 -0.089553
v -0.900430 -0.089553 -0.089553
v 0.373010 0.846465 -0.373009
v 0.373010 0.846465 -0.373010
v 0.509549 0.785682 -0.337373
v 0.374559 0.885856 -0.255516
v 0.411103 0.876625 -0.225419
v 0.521884 0.796618 -0.286164
v 0.375602 0.887305 -0.249653
v 0.249647 0.375602 0.887307
v 0.225414 0.411102 0.876627
v 0.186291 0.434977 0.875223
v 0.185428 0.355241 0.913211
v 0.337373 0.785682 -0.509549
v 0.351760 0.767800 -0.526447
v 0.399850 0.732491 -0.542370
v 0.625514 0.751850 0.175225
v 0.218953 0.218959 0.946034
v 0.191357 0.256968 0.942414
v 0.550097 0.799300 -0.225623
v 0.546303 0.797913 -0.237147
v 0.582040 0.775688 -0.218958
v 0.680458 0.680459 -0.255982
v 0.680458 0.680458 -0.255983
v 0.671069 0.671069 -0.299759
v 0.543875 0.750598 -0.363405
v 0.671067 0.671069 -0.299761
v 0.557816 0.731635 -0.382665
v 0.255538 0.374554 0.885850
v 0.342096 0.342102 0.869831
v 0.542370 0.732491 -0.399850
v 0.621494 0.649294 -0.426388
v 0.557814 0.731618 -0.382700
v 0.540858 0.636699 -0.540858
v 0.540858 0.636699 -0.540858
v 0.382667 0.557814 0.731635
v 0.399839 0.542378 0.732492
v 0.382698 0.557813 0.731620
v 0.540859 0.540859 -0.636697
v 0.576051 0.576051 -0.576054
v 0.425144 0.636271 -0.636273
v 0.426389 0.621494 -0.649293
v 0.540858 0.540859 -0.636698
v 0.425145 0.636270 0.636275
v 0.426389 0.621498 0.649289
v 0.576049 0.576050 0.576056
v 0.382665 0.557815 -0.731636
v 0.399845 0.542374 -0.732491
v 0.382700 0.557814 -0.731619
v 0.542380 0.732490 0.399839
v 0.540859 0.636700 0.540855
v 0.557813 0.731618 0.382702
v 0.621492 0.649295 0.426389
v 0.255524 0.374558 -0.885854
v 0.373008 0.373009 -0.846466
v 0.373008 0.373008 -0.846467
v 0.342098 0.342098 -0.869831
v 0.557814 0.731637 0.382663
v 0.582031 0.775695 0.218961
v 0.550099 0.799298 0.225624
v 0.546304 0.797911 0.237152
v 0.543875 0.750597 0.363406
v 0.143227 0.192338 -0.966950
v 0.191356 0.256973 -0.942413
v 0.172254 0.172254 -0.966069
v 0.218957 0.218957 -0.946033
v 0.621495 0.426388 -0.649292
v 0.576052 0.576051 -0.576052
v 0.540861 0.540860 0.636695
v 0.621496 0.426390 0.649291
v 0.542372 0.399847 -0.732491
v 0.543873 0.363404 -0.750600
v 0.557815 0.382666 -0.731635
v 0.557814 0.382699 -0.731619
v 0.649296 0.621492 0.426388
v 0.636701 0.540858 0.540856
v 0.723425 0.483379 0.483377
v 0.731618 0.557814 0.382701
v 0.732490 0.542373 0.399848
v 0.342099 0.342096 -0.869832
v 0.374557 0.255523 -0.885854
v 0.799299 0.550098 0.225624
v 0.775689 0.582038 0.218959
v 0.680459 0.680458 0.255983
v 0.671069 0.671068 0.299759
v 0.731636 0.557815 0.382664
v 0.797913 0.546305 0.237144
v 0.256973 0.191357 -0.942413
v 0.218959 0.218956 -0.946033
v 0.192338 0.143227 -0.966950
v 0.751846 0.625518 0.175225
v 0.695813 0.695812 0.162167
v -0.980785 0.097545 -0.097545
v -0.900430 0.089553 -0.089553
v 0.192338 0.143231 0.966949
v 0.187104 0.150796 0.966719
v 0.256969 0.191356 0.942414
v 0.799299 0.550098 -0.225622
v 0.797911 0.546300 -0.237157
v 0.775692 0.582035 -0.218958
v 0.731636 0.557815 -0.382665
v 0.373006 0.373006 0.846468
v 0.374555 0.255538 0.885850
v 0.723426 0.483379 -0.483378
v 0.731619 0.557813 -0.382700
v 0.732491 0.542375 -0.399844
v 0.636698 0.540859 -0.540858
v 0.649293 0.621494 -0.426389
v 0.557814 0.382666 0.731636
v 0.557813 0.382699 0.731620
v 0.542380 0.399836 0.732492
v 0.543870 0.363402 0.750602
v 0.785682 0.509550 -0.337372
v 0.796616 0.521884 -0.286169
v 0.846466 0.373009 -0.373008
v 0.876626 0.411100 -0.225420
v 0.885853 0.374557 -0.255526
v 0.887305 0.375602 -0.249651
v 0.837983 0.382683 -0.382683
v 0.434977 0.186290 0.875223
v 0.411100 0.225416 0.876627
v 0.376604 0.161291 0.909203
v 0.355241 0.185427 0.913211
v 0.375602 0.249647 0.887306
v 0.837982 0.382683 -0.382685
v 0.785681 0.337373 -0.509550
v 0.732491 0.399847 -0.542372
v 0.723427 0.483376 -0.483378
v 0.509551 0.337372 0.785681
v 0.521886 0.286167 0.796616
v 0.546296 0.237168 0.797910
v 0.671068 0.299761 -0.671068
v 0.671068 0.299761 -0.671068
v 0.649292 0.426388 -0.621496
v 0.731619 0.382699 -0.557814
v 0.731635 0.382666 -0.557815
v 0.731634 0.382667 0.557816
v 0.731619 0.382698 0.557815
v 0.649293 0.426387 0.621495
v 0.671069 0.299765 0.671065
v 0.509550 0.337373 -0.785681
v 0.521885 0.286163 -0.796617
v 0.546299 0.237157 -0.797912
v 0.723427 0.483375 0.483379
v 0.732492 0.399852 0.542368
v 0.785681 0.337375 0.509549
v 0.837981 0.382683 0.382687
v 0.355239 0.185428 -0.913212
v 0.375602 0.249651 -0.887306
v 0.434981 0.186290 -0.875221
v 0.411103 0.225417 -0.876625
v 0.376604 0.161289 -0.909203
v 0.785682 0.509548 0.337372
v 0.796617 0.521882 0.286169
v 0.837983 0.382683 0.382682
v 0.885855 0.374559 0.255519
v 0.846465 0.373010 0.373009
v 0.887305 0.375602 0.249653
v 0.876625 0.411100 0.225422
v 0.822356 0.536226 0.175036
v 0.875221 0.434982 0.186288
v 0.536227 0.175037 -0.822355
v 0.550098 0.225621 -0.799300
v 0.625514 0.175228 -0.751849
v 0.582039 0.218957 -0.775689
v 0.547183 0.153285 -0.818916
v 0.875220 0.186291 0.434982
v 0.876624 0.225414 0.411107
v 0.797913 0.237152 0.546300
v 0.796618 0.286158 0.521886
v 0.822355 0.175038 0.536226
v 0.799300 0.225622 0.550097
v 0.913211 0.185429 0.355239
v 0.887306 0.249651 0.375601
v 0.869835 0.342084 0.342101
v 0.885855 0.255519 0.374557
v 0.946032 0.218950 0.218968
v 0.942413 0.191357 0.256972
v 0.971362 0.193217 0.097545
v 0.913212 0.355239 0.185426
v 0.966949 0.192339 0.143226
v 0.942413 0.256973 0.191355
v 0.942413 0.191357 -0.256972
v 0.946032 0.218950 -0.218967
v 0.887306 0.249650 -0.375601
v 0.913211 0.185428 -0.355239
v 0.885854 0.255526 -0.374556
v 0.869833 0.342090 -0.342101
v 0.797912 0.237159 -0.546299
v 0.796617 0.286162 -0.521886
v 0.875221 0.186290 -0.434981
v 0.876625 0.225415 -0.411105
v 0.799300 0.225621 -0.550098
v 0.822355 0.175037 -0.536227
v 0.625509 0.175229 0.751853
v 0.582035 0.218956 0.775693
v 0.536228 0.175037 0.822354
v 0.547182 0.153288 0.818916
v 0.550099 0.225619 0.799300
v 0.695813 0.162169 -0.695812
v 0.695813 0.162169 -0.695813
v 0.680459 0.255980 -0.680459
v 0.680459 0.255980 -0.680459
v 0.751850 0.175228 -0.625513
v 0.775689 0.218956 -0.582039
v 0.751847 0.175229 0.625517
v 0.775686 0.218956 0.582043
v 0.695813 0.162170 0.695812
v 0.680460 0.255977 0.680459
v 0.942413 -0.191357 -0.256972
v 0.946033 -0.218952 -0.218964
v 0.885854 -0.255525 -0.374556
v 0.869833 -0.342090 -0.342101
v 0.887306 -0.249650 -0.375601
v 0.913211 -0.185428 -0.355239
v 0.799300 -0.225621 -0.550097
v 0.822355 -0.175037 -0.536227
v 0.876625 -0.225415 -0.411105
v 0.875221 -0.186290 -0.434981
v 0.797912 -0.237157 -0.546299
v 0.796617 -0.286163 -0.521885
v 0.547182 -0.153288 0.818916
v 0.536228 -0.175037 0.822354
v 0.550098 -0.225620 0.799300
v 0.582036 -0.218956 0.775691
v 0.625511 -0.175229 0.751851
v 0.680459 -0.255981 -0.680459
v 0.680459 -0.255981 -0.680459
v 0.695813 -0.162168 -0.695812
v 0.695813 -0.162168 -0.695813
v 0.751849 -0.175228 -0.625514
v 0.775689 -0.218957 -0.582039
v 0.751848 -0.175229 0.625515
v 0.775687 -0.218956 0.582042
v 0.680459 -0.255979 0.680459
v 0.695813 -0.162170 0.695812
v 0.582038 -0.218957 -0.775689
v 0.625514 -0.175228 -0.751849
v 0.536227 -0.175037 -0.822355
v 0.550098 -0.225621 -0.799300
v 0.547183 -0.153284 -0.818916
v 0.796618 -0.286160 0.521886
v 0.797913 -0.237153 0.546300
v 0.822355 -0.175038 0.536226
v 0.799300 -0.225622 0.550097
v 0.876624 -0.225414 0.411106
v 0.875221 -0.186291 0.434982
v 0.942413 -0.191358 0.256972
v 0.946032 -0.218952 0.218965
v 0.887306 -0.249651 0.375601
v 0.913211 -0.185429 0.355239
v 0.885854 -0.255522 0.374557
v 0.869834 -0.342086 0.342102
v 0.913211 -0.355240 0.185427
v 0.971362 -0.193216 0.097545
v 0.966949 -0.192339 0.143227
v 0.942413 -0.256972 0.191356
v 0.376604 -0.161289 -0.909203
v 0.411103 -0.225417 -0.876625
v 0.434981 -0.186290 -0.875221
v 0.355239 -0.185428 -0.913211
v 0.375602 -0.249652 -0.887306
v 0.876626 -0.411100 0.225420
v 0.846466 -0.373009 0.373008
v 0.885853 -0.374558 0.255524
v 0.887305 -0.375602 0.249651
v 0.837983 -0.382683 0.382683
v 0.796617 -0.521884 0.286167
v 0.785682 -0.509549 0.337373
v 0.822355 -0.536227 0.175036
v 0.875222 -0.434980 0.186289
v 0.846466 -0.373009 -0.373008
v 0.885853 -0.374558 -0.255525
v 0.887306 -0.375602 -0.249651
v 0.876626 -0.411101 -0.225419
v 0.785681 -0.509550 -0.337373
v 0.796617 -0.521884 -0.286166
v 0.837983 -0.382683 -0.382683
v 0.411101 -0.225416 0.876626
v 0.434978 -0.186290 0.875223
v 0.376604 -0.161291 0.909203
v 0.355241 -0.185427 0.913211
v 0.375602 -0.249648 0.887306
v 0.732491 -0.399847 -0.542372
v 0.785681 -0.337373 -0.509550
v 0.837982 -0.382683 -0.382684
v 0.723426 -0.483377 -0.483378
v 0.509551 -0.337372 0.785681
v 0.521886 -0.286165 0.796616
v 0.546297 -0.237166 0.797911
v 0.543871 -0.363403 0.750602
v 0.731635 -0.382666 -0.557815
v 0.731619 -0.382699 -0.557814
v 0.649293 -0.426388 -0.621495
v 0.671068 -0.299760 -0.671068
v 0.671068 -0.299760 -0.671068
v 0.649293 -0.426388 0.621495
v 0.671068 -0.299763 0.671067
v 0.731619 -0.382698 0.557814
v 0.731634 -0.382667 0.557815
v 0.543873 -0.363405 -0.750599
v 0.509550 -0.337373 -0.785681
v 0.521885 -0.286163 -0.796617
v 0.546300 -0.237157 -0.797912
v 0.837981 -0.382683 0.382686
v 0.732491 -0.399849 0.542370
v 0.785681 -0.337374 0.509550
v 0.723427 -0.483376 0.483378
v 0.342100 -0.342100 0.869830
v 0.342100 -0.342100 0.869830
v 0.374555 -0.255535 0.885851
v 0.373007 -0.373007 0.846467
v 0.636698 -0.540859 -0.540859
v 0.723426 -0.483378 -0.483378
v 0.731619 -0.557814 -0.382700
v 0.732491 -0.542374 -0.399846
v 0.649293 -0.621494 -0.426388
v 0.557813 -0.382699 0.731619
v 0.557814 -0.382666 0.731636
v 0.542377 -0.399841 0.732492
v 0.576052 -0.576052 -0.576052
v 0.621494 -0.426388 -0.649293
v 0.576052 -0.576052 -0.576052
v 0.540859 -0.540859 -0.636698
v 0.621496 -0.426389 0.649292
v 0.540859 -0.540859 0.636697
v 0.576051 -0.576051 0.576053
v 0.576051 -0.576051 0.576053
v 0.542372 -0.399847 -0.732491
v 0.557814 -0.382699 -0.731619
v 0.557815 -0.382666 -0.731635
v 0.731618 -0.557814 0.382700
v 0.732491 -0.542374 0.399845
v 0.723425 -0.483379 0.483377
v 0.649294 -0.621494 0.426388
v 0.636699 -0.540859 0.540858
v 0.374558 -0.255521 -0.885854
v 0.373009 -0.373009 -0.846466
v 0.775690 -0.582038 0.218958
v 0.799299 -0.550098 0.225622
v 0.797912 -0.546301 0.237153
v 0.731636 -0.557815 0.382665
v 0.680459 -0.680459 0.255982
v 0.671068 -0.671068 0.299760
v 0.172254 -0.172254 -0.966069
v 0.192338 -0.143227 -0.966949
v 0.256973 -0.191357 -0.942413
v 0.695813 -0.695813 0.162168
v 0.751849 -0.625515 0.175227
v 0.192338 -0.143231 0.966949
v 0.174945 -0.168368 0.966186
v 0.218956 -0.218956 0.946034
v 0.218957 -0.218955 0.946034
v 0.256969 -0.191357 0.942414
v 0.671068 -0.671068 -0.299761
v 0.731636 -0.557815 -0.382665
v 0.775691 -0.582037 -0.218957
v 0.799299 -0.550098 -0.225622
v 0.797912 -0.546301 -0.237156
v 0.680459 -0.680459 -0.255981
v 0.582038 -0.775690 0.218957
v 0.680459 -0.680459 0.255982
v 0.671068 -0.671068 0.299760
v 0.557815 -0.731636 0.382665
v 0.543874 -0.750598 0.363405
v 0.546301 -0.797912 0.237155
v 0.550098 -0.799300 0.225622
v 0.164654 -0.177513 -0.966299
v 0.218957 -0.218957 -0.946033
v 0.191356 -0.256973 -0.942413
v 0.547182 -0.818917 0.153284
v 0.625514 -0.751849 0.175227
v 0.191357 -0.256969 0.942414
v 0.557815 -0.731636 -0.382665
v 0.546300 -0.797912 -0.237157
v 0.550098 -0.799300 -0.225621
v 0.582038 -0.775690 -0.218957
v 0.543873 -0.750600 -0.363404
v 0.255534 -0.374555 0.885851
v 0.621495 -0.649293 -0.426388
v 0.557814 -0.731619 -0.382700
v 0.540859 -0.636698 -0.540859
v 0.540859 -0.636698 -0.540859
v 0.542374 -0.732491 -0.399846
v 0.351768 -0.526458 0.767788
v 0.382666 -0.557814 0.731635
v 0.382699 -0.557813 0.731619
v 0.399842 -0.542376 0.732492
v 0.425144 -0.636273 -0.636272
v 0.425144 -0.636272 -0.636273
v 0.426388 -0.621494 -0.649293
v 0.540859 -0.540859 -0.636698
v 0.425144 -0.636271 0.636274
v 0.426389 -0.621496 0.649292
v 0.382699 -0.557814 -0.731619
v 0.399847 -0.542372 -0.732491
v 0.351762 -0.526450 -0.767797
v 0.382666 -0.557815 -0.731635
v 0.542374 -0.732491 0.399845
v 0.621494 -0.649294 0.426388
v 0.557814 -0.731618 0.382700
v 0.540859 -0.636698 0.540858
v 0.255522 -0.374558 -0.885854
v 0.342098 -0.342098 -0.869832
v 0.337373 -0.785681 -0.509550
v 0.351765 -0.767793 -0.526454
v 0.399846 -0.732491 -0.542374
v 0.337373 -0.509551 0.785681
v 0.286164 -0.521886 0.796616
v 0.237163 -0.546297 0.797911
v 0.299760 -0.671068 -0.671068
v 0.382700 -0.731619 -0.557814
v 0.426388 -0.649293 -0.621495
v 0.382665 -0.731636 -0.557815
v 0.382699 -0.731619 0.557814
v 0.426388 -0.649293 0.621496
v 0.425143 -0.636274 0.636272
v 0.382666 -0.731635 0.557815
v 0.299763 -0.671068 0.671067
v 0.237154 -0.546301 -0.797912
v 0.337373 -0.509550 -0.785681
v 0.286164 -0.521885 -0.796617
v 0.351761 -0.767798 0.526448
v 0.399847 -0.732491 0.542372
v 0.337374 -0.785681 0.509550
v 0.225417 -0.411104 -0.876625
v 0.249651 -0.375602 -0.887306
v 0.186290 -0.434982 -0.875221
v 0.185427 -0.355239 -0.913212
v 0.411102 -0.876626 0.225418
v 0.521884 -0.796617 0.286166
v 0.373009 -0.846466 0.373008
v 0.509549 -0.785682 0.337373
v 0.374557 -0.885853 0.255526
v 0.375602 -0.887306 0.249651
v 0.536227 -0.822355 0.175037
v 0.434980 -0.875222 0.186289
v 0.376604 -0.909203 0.161289
v 0.509550 -0.785681 -0.337373
v 0.374556 -0.885853 -0.255528
v 0.521885 -0.796617 -0.286165
v 0.411103 -0.876626 -0.225417
v 0.375602 -0.887306 -0.249650
v 0.373008 -0.846467 -0.373008
v 0.373008 -0.846466 -0.373008
v 0.185427 -0.355241 0.913211
v 0.186290 -0.434978 0.875223
v 0.225416 -0.411101 0.876626
v 0.249648 -0.375602 0.887306
v 0.355240 -0.913211 0.185427
v 0.355240 -0.913211 0.185427
v 0.256971 -0.942413 0.191356
v 0.256971 -0.942414 0.191357
v 0.192338 -0.966949 0.143229
v 0.342099 -0.869831 -0.342099
v 0.255528 -0.885853 -0.374556
v 0.218956 -0.946034 -0.218956
v 0.249650 -0.887306 -0.375602
v 0.185427 -0.913211 -0.355240
v 0.191357 -0.942414 -0.256971
v 0.225417 -0.876626 -0.411102
v 0.286165 -0.796617 -0.521885
v 0.237158 -0.797912 -0.546299
v 0.225621 -0.799300 -0.550098
v 0.175037 -0.822355 -0.536227
v 0.186290 -0.875222 -0.434980
v 0.175229 -0.625511 0.751851
v 0.218956 -0.582037 0.775691
v 0.225620 -0.550098 0.799300
v 0.175037 -0.536228 0.822354
v 0.162168 -0.695812 -0.695813
v 0.255981 -0.680459 -0.680459
v 0.218957 -0.775690 -0.582038
v 0.175228 -0.751850 -0.625513
v 0.175229 -0.751849 0.625514
v 0.162170 -0.695813 0.695812
v 0.255979 -0.680459 0.680459
v 0.218956 -0.775688 0.582040
v 0.175037 -0.536227 -0.822355
v 0.218957 -0.582038 -0.775689
v 0.225622 -0.550098 -0.799300
v 0.175227 -0.625515 -0.751848
v 0.175038 -0.822355 0.536227
v 0.186290 -0.875221 0.434981
v 0.237155 -0.797912 0.546300
v 0.286162 -0.796617 0.521886
v 0.225415 -0.876625 0.411104
v 0.225622 -0.799300 0.550097
v 0.185428 -0.913211 0.355240
v 0.185428 -0.913211 0.355240
v 0.191358 -0.942414 0.256969
v 0.191357 -0.942413 0.256971
v 0.218956 -0.946034 0.218956
v 0.342093 -0.869832 0.342100
v 0.218956 -0.946034 0.218956
v 0.255526 -0.885853 0.374556
v 0.249650 -0.887306 0.375601
v 0.183070 -0.966543 0.156624
v -0.172255 -0.966068 0.172255
v -0.192338 -0.966949 0.143229
v -0.172140 -0.966072 0.172335
v -0.218957 -0.775688 0.582040
v -0.255979 -0.680459 0.680459
v -0.175229 -0.751849 0.625514
v -0.162170 -0.695812 0.695812
v -0.225623 -0.550097 -0.799300
v -0.218957 -0.582041 -0.775687
v -0.175227 -0.625516 -0.751847
v -0.175037 -0.536226 -0.822355
v -0.286163 -0.796617 0.521885
v -0.225417 -0.876625 0.411103
v -0.186290 -0.875221 0.434981
v -0.175038 -0.822355 0.536226
v -0.237154 -0.797912 0.546301
v -0.225622 -0.799300 0.550097
v -0.342098 -0.869831 0.342098
v -0.255525 -0.885853 0.374557
v -0.218957 -0.946033 0.218957
v -0.249651 -0.887306 0.375602
v -0.191357 -0.942413 0.256971
v -0.185428 -0.913211 0.355240
v -0.376604 -0.909203 0.161290
v -0.355240 -0.913211 0.185428
v -0.256971 -0.942413 0.191357
v -0.249649 -0.887306 -0.375602
v -0.255532 -0.885852 -0.374556
v -0.185427 -0.913211 -0.355240
v -0.191357 -0.942414 -0.256970
v -0.342101 -0.869832 -0.342094
v -0.342100 -0.869830 -0.342100
v -0.218956 -0.946034 -0.218956
v -0.175037 -0.822355 -0.536227
v -0.186290 -0.875222 -0.434979
v -0.286167 -0.796616 -0.521885
v -0.225417 -0.876626 -0.411101
v -0.237162 -0.797911 -0.546298
v -0.225620 -0.799300 -0.550098
v -0.225621 -0.550098 0.799300
v -0.218956 -0.582036 0.775691
v -0.175037 -0.536228 0.822354
v -0.175228 -0.625511 0.751851
v -0.255980 -0.680459 -0.680459
v -0.162169 -0.695812 -0.695813
v -0.175228 -0.751851 -0.625512
v -0.218957 -0.775692 -0.582036
v -0.373007 -0.846468 -0.373004
v -0.373007 -0.846468 -0.373007
v -0.373007 -0.846467 -0.373008
v -0.509551 -0.785680 -0.337373
v -0.411103 -0.876626 -0.225415
v -0.521887 -0.796617 -0.286162
v -0.374555 -0.885852 -0.255532
v -0.375602 -0.887306 -0.249648
v -0.249648 -0.375602 0.887306
v -0.225417 -0.411101 0.876626
v -0.186290 -0.434978 0.875223
v -0.185427 -0.355241 0.913211
v -0.399842 -0.732491 -0.542377
v -0.351768 -0.767788 -0.526458
v -0.337372 -0.785681 -0.509551
v -0.351768 -0.526458 0.767789
v -0.237162 -0.546298 0.797911
v -0.337372 -0.509550 0.785681
v -0.286166 -0.521885 0.796616
v -0.299762 -0.671066 -0.671069
v -0.382665 -0.731636 -0.557814
v -0.426389 -0.649292 -0.621495
v -0.425145 -0.636274 -0.636270
v -0.382700 -0.731619 -0.557813
v -0.425143 -0.636271 -0.636274
v -0.426388 -0.649293 0.621495
v -0.299762 -0.671068 0.671067
v -0.382666 -0.731635 0.557815
v -0.382699 -0.731619 0.557814
v -0.425143 -0.636274 0.636272
v -0.237151 -0.546301 -0.797913
v -0.286162 -0.521885 -0.796618
v -0.351759 -0.526444 -0.767803
v -0.337374 -0.509549 -0.785682
v -0.399847 -0.732491 0.542372
v -0.351762 -0.767798 0.526448
v -0.337373 -0.785681 0.509549
v -0.186290 -0.434982 -0.875221
v -0.185428 -0.355239 -0.913212
v -0.225417 -0.411105 -0.876624
v -0.249652 -0.375601 -0.887306
v -0.411103 -0.876625 0.225417
v -0.521885 -0.796618 0.286163
v -0.374557 -0.885854 0.255524
v -0.375602 -0.887306 0.249651
v -0.509549 -0.785681 0.337373
v -0.373008 -0.846466 0.373008
v -0.373008 -0.846466 0.373008
v -0.434981 -0.875221 0.186290
v -0.547183 -0.818916 0.153283
v -0.536226 -0.822355 0.175038
v -0.382666 -0.557816 -0.731635
v -0.382699 -0.557814 -0.731618
v -0.399851 -0.542369 -0.732491
v -0.542372 -0.732491 0.399847
v -0.540859 -0.636698 0.540858
v -0.540858 -0.636698 0.540858
v -0.621495 -0.649293 0.426388
v -0.557814 -0.731619 0.382699
v -0.255518 -0.374558 -0.885855
v -0.342096 -0.342098 -0.869832
v -0.680459 -0.680459 0.255980
v -0.557815 -0.731635 0.382666
v -0.671067 -0.671069 0.299763
v -0.671068 -0.671068 0.299760
v -0.680459 -0.680459 0.255979
v -0.582040 -0.775688 0.218957
v -0.546301 -0.797912 0.237152
v -0.550097 -0.799300 0.225622
v -0.543873 -0.750600 0.363404
v -0.218957 -0.218957 -0.946033
v -0.191357 -0.256973 -0.942413
v -0.695812 -0.695812 0.162169
v -0.695812 -0.695812 0.162169
v -0.625515 -0.751848 0.175228
v -0.191356 -0.256969 0.942414
v -0.218956 -0.218956 0.946034
v -0.172256 -0.172256 0.966068
v -0.154441 -0.184581 0.966609
v -0.550098 -0.799300 -0.225620
v -0.546297 -0.797911 -0.237164
v -0.582037 -0.775691 -0.218955
v -0.543870 -0.750602 -0.363403
v -0.557815 -0.731635 -0.382667
v -0.373007 -0.373007 0.846467
v -0.373006 -0.373006 0.846468
v -0.342100 -0.342100 0.869830
v -0.255534 -0.374556 0.885851
v -0.540859 -0.636697 -0.540860
v -0.540860 -0.636696 -0.540860
v -0.540861 -0.636695 -0.540860
v -0.540860 -0.636695 -0.540860
v -0.542375 -0.732492 -0.399843
v -0.621497 -0.649291 -0.426389
v -0.557813 -0.731620 -0.382698
v -0.382665 -0.557814 0.731636
v -0.382699 -0.557813 0.731619
v -0.399840 -0.542378 0.732491
v -0.549968 -0.586464 -0.586458
v -0.426387 -0.621494 -0.649294
v -0.549970 -0.586463 -0.586457
v -0.576051 -0.576054 -0.576051
v -0.576050 -0.576055 -0.576050
v -0.540858 -0.540860 0.636697
v -0.425144 -0.636271 0.636273
v -0.426389 -0.621495 0.649292
v -0.576050 -0.576050 0.576055
v -0.540860 -0.540860 0.636696
v -0.192338 -0.143231 0.966949
v -0.218957 -0.218955 0.946034
v -0.256969 -0.191357 0.942414
v -0.671068 -0.671067 -0.299764
v -0.680460 -0.680459 -0.255978
v -0.775686 -0.582044 -0.218954
v -0.799301 -0.550096 -0.225620
v -0.797913 -0.546298 -0.237158
v -0.731634 -0.557816 -0.382668
v -0.374555 -0.255533 0.885852
v -0.342102 -0.342093 0.869832
v -0.732492 -0.542369 -0.399849
v -0.731619 -0.557814 -0.382697
v -0.723425 -0.483377 -0.483379
v -0.723427 -0.483379 -0.483375
v -0.649292 -0.621497 -0.426388
v -0.636699 -0.540857 -0.540859
v -0.557813 -0.382698 0.731619
v -0.557815 -0.382667 0.731635
v -0.542375 -0.399843 0.732492
v -0.543871 -0.363403 0.750602
v -0.540858 -0.540857 -0.636700
v -0.621172 -0.426843 -0.649245
v -0.621173 -0.426842 -0.649245
v -0.621493 -0.426388 -0.649295
v -0.576052 -0.576051 0.576052
v -0.621497 -0.426388 0.649291
v -0.557814 -0.382700 -0.731618
v -0.557815 -0.382665 -0.731636
v -0.542371 -0.399850 -0.732490
v -0.543875 -0.363406 -0.750597
v -0.649292 -0.621495 0.426389
v -0.636697 -0.540860 0.540858
v -0.731619 -0.557813 0.382700
v -0.732491 -0.542379 0.399839
v -0.723425 -0.483379 0.483377
v -0.374559 -0.255517 -0.885855
v -0.373010 -0.373009 -0.846465
v -0.799299 -0.550099 0.225620
v -0.775693 -0.582034 0.218957
v -0.731636 -0.557814 0.382665
v -0.797910 -0.546298 0.237163
v -0.256974 -0.191356 -0.942413
v -0.218957 -0.218957 -0.946033
v -0.192338 -0.143226 -0.966950
v -0.751852 -0.625510 0.175228
v -0.785680 -0.337373 0.509551
v -0.837981 -0.382683 0.382685
v -0.723427 -0.483376 0.483378
v -0.732492 -0.399843 0.542375
v -0.355239 -0.185427 -0.913212
v -0.375602 -0.249653 -0.887305
v -0.411104 -0.225419 -0.876624
v -0.434983 -0.186289 -0.875220
v -0.376604 -0.161288 -0.909203
v -0.796616 -0.521884 0.286168
v -0.785681 -0.509551 0.337372
v -0.837983 -0.382683 0.382683
v -0.876627 -0.411099 0.225418
v -0.846467 -0.373007 0.373007
v -0.885850 -0.374556 0.255536
v -0.887306 -0.375603 0.249648
v -0.822354 -0.536228 0.175036
v -0.875223 -0.434977 0.186289
v -0.785680 -0.509550 -0.337375
v -0.796618 -0.521888 -0.286156
v -0.876624 -0.411108 -0.225411
v -0.887307 -0.375600 -0.249649
v -0.885854 -0.374555 -0.255525
v -0.837980 -0.382688 -0.382683
v -0.837984 -0.382682 -0.382683
v -0.846466 -0.373008 -0.373009
v -0.434979 -0.186290 0.875222
v -0.411103 -0.225415 0.876626
v -0.376604 -0.161291 0.909202
v -0.375602 -0.249648 0.887306
v -0.355241 -0.185428 0.913211
v -0.732490 -0.399843 -0.542377
v -0.785682 -0.337371 -0.509550
v -0.546298 -0.237161 0.797911
v -0.521886 -0.286162 0.796617
v -0.509551 -0.337373 0.785681
v -0.671069 -0.299759 -0.671069
v -0.671067 -0.299760 -0.671069
v -0.649294 -0.426389 -0.621493
v -0.731637 -0.382663 -0.557814
v -0.731618 -0.382701 -0.557813
v -0.731635 -0.382667 0.557815
v -0.731619 -0.382698 0.557813
v -0.649291 -0.426388 0.621497
v -0.671068 -0.299763 0.671067
v -0.671067 -0.299763 0.671067
v -0.509549 -0.337373 -0.785682
v -0.546303 -0.237147 -0.797913
v -0.521883 -0.286165 -0.796618
v -0.942414 -0.191355 -0.256972
v -0.887305 -0.249652 -0.375603
v -0.913212 -0.185425 -0.355240
v -0.885853 -0.255526 -0.374559
v -0.869836 -0.342105 -0.342079
v -0.946031 -0.218976 -0.218944
v -0.799299 -0.225623 -0.550099
v -0.822355 -0.175034 -0.536227
v -0.797911 -0.237155 -0.546302
v -0.796616 -0.286172 -0.521882
v -0.875223 -0.186287 -0.434979
v -0.876627 -0.225424 -0.411096
v -0.625511 -0.175230 0.751851
v -0.582039 -0.218955 0.775689
v -0.536227 -0.175038 0.822354
v -0.547183 -0.153287 0.818916
v -0.550098 -0.225620 0.799300
v -0.680458 -0.255984 -0.680458
v -0.680458 -0.255983 -0.680459
v -0.695813 -0.162166 -0.695813
v -0.695812 -0.162167 -0.695813
v -0.751850 -0.175225 -0.625514
v -0.775693 -0.218960 -0.582033
v -0.680459 -0.255978 0.680459
v -0.680459 -0.255978 0.680459
v -0.695812 -0.162170 0.695812
v -0.695812 -0.162171 0.695812
v -0.775689 -0.218954 0.582040
v -0.751851 -0.175230 0.625511
v -0.582039 -0.218958 -0.775688
v -0.625518 -0.175226 -0.751846
v -0.547183 -0.153281 -0.818917
v -0.536226 -0.175036 -0.822356
v -0.550097 -0.225623 -0.799299
v -0.876626 -0.225413 0.411104
v -0.875222 -0.186291 0.434979
v -0.796617 -0.286161 0.521887
v -0.797911 -0.237163 0.546297
v -0.822354 -0.175038 0.536227
v -0.799300 -0.225620 0.550097
v -0.869832 -0.342093 0.342102
v -0.885851 -0.255535 0.374554
v -0.913211 -0.185428 0.355241
v -0.887307 -0.249647 0.375601
v -0.946033 -0.218949 0.218965
v -0.942414 -0.191358 0.256968
v -0.913211 -0.355241 0.185426
v -0.942414 -0.256968 0.191356
v -0.980785 -0.097545 0.097545
v -0.966992 -0.173435 0.161696
v -0.966275 -0.176980 0.165428
v -0.977390 -0.097545 0.132015
v -0.980785 0.097545 0.097545
v -0.966216 0.175635 0.167372
v -0.967002 0.168772 0.166252
v -0.977151 0.097545 0.134439
v -0.974123 0.126131 0.136594
v -0.942414 0.256968 0.191356
v -0.913211 0.355241 0.185427
v -0.887305 0.249651 -0.375604
v -0.913212 0.185425 -0.355240
v -0.942414 0.191354 -0.256972
v -0.946031 0.218977 -0.218943
v -0.885852 0.255530 -0.374558
v -0.869837 0.342107 -0.342071
v -0.875223 0.186287 -0.434979
v -0.876627 0.225424 -0.411095
v -0.797910 0.237157 -0.546302
v -0.796615 0.286174 -0.521882
v -0.822355 0.175034 -0.536228
v -0.799298 0.225622 -0.550099
v -0.547183 0.153286 0.818916
v -0.536227 0.175038 0.822354
v -0.550098 0.225621 0.799300
v -0.625512 0.175230 0.751850
v -0.582039 0.218956 0.775689
v -0.695812 0.162167 -0.695813
v -0.680458 0.255982 -0.680459
v -0.680458 0.255981 -0.680459
v -0.695812 0.162168 -0.695813
v -0.775695 0.218960 -0.582031
v -0.751851 0.175226 -0.625512
v -0.695813 0.162166 -0.695813
v -0.680458 0.255984 -0.680458
v -0.775689 0.218955 0.582040
v -0.751851 0.175230 0.625511
v -0.695812 0.162170 0.695812
v -0.695812 0.162171 0.695812
v -0.680459 0.255979 0.680459
v -0.680459 0.255978 0.680459
v -0.625519 0.175226 -0.751845
v -0.582040 0.218959 -0.775687
v -0.536226 0.175036 -0.822356
v -0.547183 0.153281 -0.818917
v -0.550097 0.225624 -0.799299
v -0.876626 0.225414 0.411104
v -0.875222 0.186291 0.434978
v -0.799300 0.225620 0.550097
v -0.822354 0.175038 0.536227
v -0.797911 0.237163 0.546297
v -0.796617 0.286162 0.521886
v -0.942414 0.191358 0.256968
v -0.946033 0.218951 0.218962
v -0.887307 0.249648 0.375602
v -0.913211 0.185428 0.355241
v -0.885851 0.255534 0.374555
v -0.869831 0.342098 0.342100
v -0.543871 0.363403 0.750601
v -0.546298 0.237160 0.797911
v -0.509550 0.337373 0.785681
v -0.521886 0.286163 0.796617
v -0.727839 0.377465 -0.564916
v -0.727839 0.377465 -0.564916
v -0.731637 0.382663 -0.557814
v -0.649293 0.426390 -0.621493
v -0.731619 0.382701 -0.557812
v -0.671069 0.299758 -0.671069
v -0.671066 0.299761 -0.671070
v -0.731635 0.382667 0.557814
v -0.731619 0.382698 0.557813
v -0.649292 0.426388 0.621496
v -0.671068 0.299762 0.671068
v -0.671068 0.299762 0.671068
v -0.546304 0.237145 -0.797913
v -0.521883 0.286164 -0.796618
v -0.543876 0.363406 -0.750596
v -0.509548 0.337374 -0.785682
v -0.785681 0.337373 0.509550
v -0.732492 0.399841 0.542376
v -0.723426 0.483377 0.483378
v -0.837982 0.382683 0.382684
v -0.376604 0.161288 -0.909203
v -0.434983 0.186289 -0.875220
v -0.411104 0.225419 -0.876624
v -0.355238 0.185427 -0.913212
v -0.375601 0.249654 -0.887305
v -0.885851 0.374556 0.255533
v -0.846467 0.373007 0.373007
v -0.837983 0.382683 0.382683
v -0.785681 0.509550 0.337372
v -0.796616 0.521885 0.286165
v -0.887306 0.375602 0.249648
v -0.876626 0.411101 0.225417
v -0.875222 0.434978 0.186290
v -0.822354 0.536227 0.175037
v 0.971362 0.193217 -0.097545
v 0.971362 0.193216 -0.097545
v -0.876625 0.411109 -0.225409
v -0.885853 0.374554 -0.255529
v -0.887307 0.375600 -0.249648
v -0.785680 0.509551 -0.337375
v -0.796618 0.521889 -0.286156
v -0.837979 0.382689 -0.382683
v -0.846466 0.373007 -0.373009
v -0.837984 0.382681 -0.382683
v -0.355241 0.185428 0.913211
v -0.375602 0.249649 0.887306
v -0.434979 0.186290 0.875222
v -0.411102 0.225415 0.876626
v -0.376604 0.161291 0.909202
v -0.785682 0.337371 -0.509550
v -0.732491 0.399838 -0.542381
v -0.723425 0.483377 -0.483380
v -0.723428 0.483379 -0.483373
v -0.751851 0.625511 0.175229
v -0.695812 0.695812 0.162171
v -0.218956 0.218956 0.946034
v -0.192338 0.143231 0.966949
v -0.172256 0.172256 0.966068
v -0.256969 0.191357 0.942414
v -0.218956 0.218955 0.946034
v -0.731634 0.557815 -0.382669
v -0.775686 0.582044 -0.218953
v -0.797912 0.546295 -0.237165
v -0.799301 0.550097 -0.225619
v -0.680460 0.680460 -0.255976
v -0.671067 0.671067 -0.299765
v -0.373007 0.373007 0.846467
v -0.342099 0.342100 0.869830
v -0.374555 0.255532 0.885851
v -0.342100 0.342098 0.869831
v -0.636698 0.540856 -0.540860
v -0.732493 0.542371 -0.399846
v -0.731620 0.557814 -0.382696
v -0.649290 0.621499 -0.426388
v -0.557814 0.382666 0.731635
v -0.557813 0.382699 0.731619
v -0.542376 0.399842 0.732491
v -0.540857 0.540857 -0.636701
v -0.621172 0.426842 -0.649246
v -0.621493 0.426387 -0.649296
v -0.621170 0.426845 -0.649245
v -0.576052 0.576053 -0.576051
v -0.576053 0.576052 -0.576050
v -0.621496 0.426388 0.649292
v -0.540859 0.540860 0.636696
v -0.576051 0.576052 0.576052
v -0.576052 0.576052 0.576052
v -0.557816 0.382665 -0.731635
v -0.557815 0.382700 -0.731618
v -0.542368 0.399853 -0.732490
v -0.723426 0.483378 0.483377
v -0.731619 0.557813 0.382699
v -0.732491 0.542378 0.399840
v -0.636696 0.540859 0.540859
v -0.649292 0.621496 0.426388
v -0.374559 0.255514 -0.885856
v -0.373011 0.373011 -0.846464
v -0.731636 0.557814 0.382666
v -0.797911 0.546299 0.237158
v -0.671068 0.671068 0.299762
v -0.680459 0.680459 0.255978
v -0.799299 0.550098 0.225621
v -0.775690 0.582038 0.218956
v -0.256974 0.191356 -0.942413
v -0.218958 0.218957 -0.946033
v -0.218957 0.218957 -0.946033
v -0.192338 0.143226 -0.966950
v -0.172254 0.172254 -0.966069
v -0.425142 0.636271 -0.636275
v -0.425146 0.636276 -0.636268
v -0.426387 0.621493 -0.649296
v -0.576049 0.576057 -0.576049
v -0.426388 0.621496 0.649292
v -0.540859 0.540860 0.636696
v -0.425144 0.636273 0.636273
v -0.425144 0.636273 0.636272
v -0.399853 0.542368 -0.732490
v -0.382700 0.557815 -0.731618
v -0.382665 0.557816 -0.731635
v -0.351756 0.526440 -0.767806
v -0.621496 0.649292 0.426388
v -0.557813 0.731619 0.382699
v -0.540860 0.636696 0.540860
v -0.540859 0.636696 0.540859
v -0.542378 0.732491 0.399839
v -0.342095 0.342097 -0.869833
v -0.255513 0.374559 -0.885856
v -0.582038 0.775690 0.218956
v -0.671068 0.671068 0.299762
v -0.557814 0.731636 0.382666
v -0.543871 0.750602 0.363403
v -0.546298 0.797911 0.237162
v -0.550098 0.799300 0.225620
v -0.164234 0.177803 -0.966312
v -0.191356 0.256974 -0.942413
v -0.547182 0.818916 0.153286
v -0.625511 0.751851 0.175229
v 0.980785 0.097545 -0.097545
v 0.900430 0.089553 -0.089553
v -0.191357 0.256969 0.942414
v -0.169959 0.173845 0.966138
v -0.557815 0.731634 -0.382669
v -0.582044 0.775686 -0.218952
v -0.550096 0.799302 -0.225618
v -0.546294 0.797912 -0.237169
v -0.543868 0.750604 -0.363401
v -0.255531 0.374556 0.885852
v -0.540856 0.636698 -0.540860
v -0.540859 0.636696 -0.540861
v -0.540862 0.636694 -0.540859
v -0.540861 0.636694 -0.540861
v -0.542371 0.732493 -0.399846
v -0.621498 0.649290 -0.426388
v -0.557814 0.731620 -0.382696
v -0.399842 0.542376 0.732491
v -0.382699 0.557813 0.731619
v -0.351765 0.526453 0.767793
v -0.382666 0.557815 0.731635
v -0.373007 0.846467 -0.373009
v -0.373005 0.846473 -0.372993
v -0.373005 0.846469 -0.373005
v -0.373005 0.846475 -0.372988
v -0.509552 0.785679 -0.337375
v -0.521890 0.796618 -0.286154
v -0.411110 0.876625 -0.225407
v -0.374553 0.885853 -0.255532
v -0.375600 0.887308 -0.249647
v -0.185428 0.355241 0.913211
v -0.249649 0.375602 0.887306
v -0.225416 0.411102 0.876626
v -0.186290 0.434979 0.875222
v -0.337370 0.785682 -0.509550
v -0.351775 0.767778 -0.526469
v -0.399834 0.732491 -0.542383
v -0.399835 0.732491 -0.542383
v -0.337373 0.509550 0.785681
v -0.286164 0.521885 0.796617
v -0.237157 0.546299 0.797912
v -0.299761 0.671066 -0.671070
v -0.426390 0.649293 -0.621493
v -0.382702 0.731619 -0.557812
v -0.382663 0.731638 -0.557814
v -0.382666 0.731636 0.557814
v -0.299762 0.671068 0.671068
v -0.426388 0.649292 0.621496
v -0.382699 0.731619 0.557813
v -0.337374 0.509548 -0.785682
v -0.286164 0.521883 -0.796618
v -0.237142 0.546305 -0.797913
v -0.399839 0.732491 0.542378
v -0.351769 0.767787 0.526459
v -0.337372 0.785681 0.509550
v -0.185427 0.355238 -0.913212
v -0.225419 0.411104 -0.876624
v -0.249653 0.375601 -0.887305
v -0.186289 0.434984 -0.875220
v -0.375602 0.887306 0.249647
v -0.373007 0.846467 0.373007
v -0.373007 0.846467 0.373007
v -0.374555 0.885851 0.255535
v -0.521885 0.796616 0.286165
v -0.411102 0.876626 0.225415
v -0.509550 0.785681 0.337372
v -0.376604 0.909202 0.161292
v -0.434978 0.875222 0.186290
v -0.536227 0.822354 0.175037
v -0.175229 0.751851 0.625511
v -0.255978 0.680459 0.680459
v -0.218955 0.775690 0.582038
v -0.162171 0.695812 0.695812
v -0.175036 0.536225 -0.822356
v -0.218959 0.582041 -0.775687
v -0.225624 0.550097 -0.799299
v -0.175226 0.625520 -0.751845
v -0.286165 0.796616 0.521885
v -0.237163 0.797911 0.546297
v -0.225414 0.876626 0.411102
v -0.225620 0.799300 0.550098
v -0.186290 0.875223 0.434977
v -0.175037 0.822354 0.536228
v -0.342099 0.869830 0.342099
v -0.255535 0.885851 0.374555
v -0.218955 0.946034 0.218955
v -0.249648 0.887306 0.375602
v -0.191357 0.942414 0.256967
v -0.185428 0.913210 0.355241
v -0.192338 0.966948 0.143233
v -0.256967 0.942414 0.191357
v -0.355241 0.913210 0.185428
v 0.980785 -0.097545 -0.097545
v 0.900430 -0.089553 -0.089553
v 0.971362 -0.193216 -0.097545
v -0.185425 0.913211 -0.355241
v -0.191354 0.942414 -0.256971
v -0.255530 0.885851 -0.374558
v -0.249651 0.887305 -0.375604
v -0.218985 0.946030 -0.218938
v -0.342108 0.869837 -0.342071
v -0.342101 0.869829 -0.342101
v -0.218955 0.946034 -0.218955
v -0.237159 0.797910 -0.546301
v -0.286176 0.796615 -0.521882
v -0.225426 0.876628 -0.411093
v -0.225622 0.799298 -0.550100
v -0.175033 0.822355 -0.536228
v -0.186287 0.875224 -0.434978
v -0.175229 0.625512 0.751850
v -0.218956 0.582039 0.775689
v -0.225621 0.550098 0.799300
v -0.175038 0.536227 0.822354
v -0.255981 0.680458 -0.680459
v -0.218960 0.775697 -0.582029
v -0.162167 0.695812 -0.695813
v -0.175225 0.751852 -0.625511
v -0.909250 0.000000 0.089553
v -0.909250 0.000000 0.089553
v -0.900430 -0.089553 0.089553
v -0.172256 0.966068 0.172256
v -0.169482 0.966152 0.174175
v 0.971362 -0.193216 -0.097545
v -0.900430 0.089553 0.089553
v 0.971362 0.193216 0.097545
v 0.980785 0.097545 0.097545
v 0.900430 0.089553 0.089553
v 0.980785 -0.097545 0.097545
v 0.971362 -0.193216 0.097545
v 0.900430 -0.089553 0.089553
v -0.192338 0.966948 -0.143233
v -0.143227 0.966949 -0.192340
v -0.172256 0.966068 -0.172256
v -0.355240 0.913211 -0.185430
v -0.256970 0.942413 -0.191360
v -0.376604 0.909202 -0.161293
v -0.547182 0.818916 -0.153291
v -0.536228 0.822354 -0.175040
v -0.434980 0.875221 -0.186293
v -0.625511 0.751851 -0.175232
v -0.695812 0.695812 -0.162172
v -0.751851 0.625511 -0.175231
v -0.875221 0.434980 -0.186292
v -0.822354 0.536227 -0.175040
v -0.942413 0.256971 -0.191359
v -0.913211 0.355240 -0.185430
v -0.971362 0.097545 -0.193216
v -0.971362 0.097545 -0.193218
v -0.966949 0.143227 -0.192341
v -0.971362 -0.097545 -0.193216
v -0.971362 -0.097545 -0.193218
v -0.966949 -0.143226 -0.192340
v -0.942413 -0.256971 -0.191358
v -0.913211 -0.355239 -0.185429
v -0.875221 -0.434982 -0.186291
v -0.822355 -0.536227 -0.175039
v -0.695813 -0.695812 -0.162170
v -0.751848 -0.625515 -0.175230
v -0.547182 -0.818916 -0.153287
v -0.625511 -0.751851 -0.175229
v -0.536228 -0.822354 -0.175037
v -0.434979 -0.875222 -0.186290
v -0.376604 -0.909203 -0.161291
v -0.355240 -0.913211 -0.185428
v -0.256970 -0.942414 -0.191357
v -0.192338 -0.966949 -0.143229
v -0.158190 -0.966495 -0.181986
v -0.172255 -0.966068 -0.172255
v 0.192338 -0.966949 -0.143229
v 0.172255 -0.966068 -0.172255
v 0.167722 -0.966206 -0.175391
v 0.256971 -0.942414 -0.191357
v 0.355240 -0.913211 -0.185427
v 0.376604 -0.909203 -0.161290
v 0.434980 -0.875222 -0.186290
v 0.536227 -0.822355 -0.175037
v 0.547182 -0.818917 -0.153284
v 0.625514 -0.751850 -0.175228
v 0.751849 -0.625514 -0.175227
v 0.695813 -0.695812 -0.162168
v 0.875221 -0.434981 -0.186289
v 0.822355 -0.536227 -0.175036
v 0.942413 -0.256972 -0.191356
v 0.966949 -0.192339 -0.143227
v 0.913211 -0.355240 -0.185427
v 0.913211 0.355240 -0.185427
v 0.966949 0.192339 -0.143227
v 0.942413 0.256972 -0.191356
v 0.822355 0.536227 -0.175036
v 0.875222 0.434980 -0.186289
v 0.751850 0.625514 -0.175226
v 0.695813 0.695813 -0.162167
v 0.547183 0.818917 -0.153281
v 0.625518 0.751846 -0.175226
v 0.695812 0.695813 -0.162167
v 0.376604 0.909203 -0.161287
v 0.536226 0.822356 -0.175037
v 0.434983 0.875220 -0.186289
v 0.192338 0.966950 -0.143225
v 0.355238 0.913212 -0.185427
v 0.256974 0.942413 -0.191356
v 0.151924 0.966686 -0.186319
v 0.143225 0.966950 -0.192338
v 0.909250 0.089553 0.000000
v 0.909250 -0.089553 0.000000
v 0.909250 -0.089553 0.000000
v 0.909250 0.089553 0.000000
v 0.172254 0.966069 -0.172254
v 0.161287 0.909203 -0.376604
v 0.218958 0.946033 -0.218958
v 0.342097 0.869832 -0.342097
v 0.767790 0.526456 -0.351767
v -0.636272 0.636273 -0.425144
v 0.636272 0.636274 -0.425143
v -0.767796 0.526450 -0.351763
v 0.526446 0.767800 -0.351760
v 0.153282 0.818917 -0.547183
v -0.097545 -0.097545 0.980785
v -0.089553 -0.089553 0.900430
v -0.089553 -0.087558 0.900626
v -0.526449 0.767798 -0.351762
v 0.162167 0.695813 -0.695813
v 0.946034 0.218956 -0.218956
v 0.966068 0.172255 -0.172255
v -0.363405 0.750599 -0.543874
v 0.846467 0.373008 -0.373008
v 0.869831 0.342099 -0.342099
v -0.636273 0.636272 -0.425144
v 0.636697 0.540859 -0.540860
v 0.576054 0.576051 -0.576051
v 0.636274 0.636271 -0.425144
v 0.299760 0.671068 -0.671068
v 0.255983 0.680459 -0.680459
v 0.363405 0.750598 -0.543874
v 0.576052 0.576051 -0.576052
v -0.750599 0.363405 -0.543874
v 0.483378 0.483379 -0.723426
v -0.097545 0.097545 0.980785
v -0.089553 0.089553 0.900430
v 0.966949 0.143229 -0.192338
v -0.483378 0.483378 -0.723426
v 0.750600 0.363404 -0.543872
v -0.382683 0.382683 -0.837983
v 0.909203 0.161290 -0.376604
v -0.382684 0.382683 -0.837983
v -0.483378 0.483378 -0.723426
v 0.382684 0.382683 -0.837982
v 0.483378 0.483376 -0.723427
v -0.909203 0.161288 -0.376604
v 0.382683 0.382683 -0.837983
v -0.818917 0.153283 -0.547183
v 0.112643 0.192926 -0.969904
v 0.818916 0.153286 -0.547182
v -0.695812 0.162168 -0.695813
v -0.680457 0.255981 -0.680460
v 0.102440 0.149769 -0.975159
v 0.097545 0.140606 -0.976544
v 0.135569 -0.160098 -0.970879
v 0.115714 -0.136672 -0.975142
v 0.097545 -0.097545 -0.980785
v 0.158571 -0.176631 -0.966985
v 0.818916 -0.153286 -0.547182
v -0.818917 -0.153282 -0.547183
v -0.909203 -0.161288 -0.376604
v 0.382683 -0.382684 -0.837983
v 0.382683 -0.382683 -0.837983
v -0.382683 -0.382685 -0.837982
v -0.382683 -0.382683 -0.837983
v 0.909203 -0.161290 -0.376604
v -0.483377 -0.483378 -0.723427
v -0.483379 -0.483378 -0.723426
v 0.750599 -0.363404 -0.543873
v -0.750598 -0.363406 -0.543875
v 0.483378 -0.483378 -0.723426
v 0.846466 -0.373008 -0.373008
v 0.869831 -0.342099 -0.342099
v 0.576052 -0.576052 -0.576052
v 0.483378 -0.483378 -0.723426
v 0.966949 -0.143229 -0.192338
v 0.946034 -0.218956 -0.218956
v 0.966068 -0.172255 -0.172255
v 0.363404 -0.750600 -0.543873
v 0.153285 -0.818917 -0.547182
v -0.363404 -0.750600 -0.543872
v 0.767794 -0.526452 -0.351764
v -0.636271 -0.636274 -0.425144
v -0.636274 -0.636272 -0.425143
v -0.576052 -0.576054 -0.576049
v 0.576052 -0.576052 -0.576052
v 0.636273 -0.636273 -0.425144
v 0.636273 -0.636273 -0.425144
v -0.767801 -0.526445 -0.351759
v -0.526456 -0.767790 -0.351767
v 0.526453 -0.767793 -0.351765
v 0.161290 -0.909203 -0.376604
v 0.143229 -0.966949 -0.192338
v -0.218956 -0.946034 -0.218956
v -0.256968 -0.942414 -0.191358
v -0.355240 -0.913211 -0.185428
v 0.218956 -0.946034 -0.218956
v 0.342099 -0.869831 -0.342099
v 0.143229 -0.966949 0.192338
v 0.172255 -0.966068 0.172255
v 0.342099 -0.869831 0.342099
v 0.161290 -0.909203 0.376604
v -0.342099 -0.869831 0.342098
v -0.218957 -0.946033 0.218957
v -0.526447 -0.767799 0.351760
v 0.767794 -0.526452 0.351764
v -0.636272 -0.636274 0.425143
v 0.636273 -0.636273 0.425144
v -0.767784 -0.526463 0.351771
v 0.526451 -0.767795 0.351763
v 0.542374 -0.732491 0.399845
v 0.373005 -0.846467 0.373008
v 0.373008 -0.846467 0.373008
v 0.153285 -0.818916 0.547183
v 0.540859 -0.636698 0.540858
v 0.540859 -0.636697 0.540860
v 0.540859 -0.636697 0.540859
v -0.846468 -0.373006 0.373006
v -0.869830 -0.342100 0.342100
v 0.255980 -0.680459 0.680459
v 0.299761 -0.671068 0.671068
v 0.363404 -0.750600 0.543872
v -0.966068 -0.172256 0.172256
v -0.946034 -0.218955 0.218955
v 0.162169 -0.695812 0.695813
v 0.946034 -0.218956 0.218956
v 0.966068 -0.172255 0.172255
v -0.363404 -0.750599 0.543873
v -0.255981 -0.680459 0.680459
v -0.299761 -0.671068 0.671068
v 0.846467 -0.373007 0.373007
v 0.869831 -0.342099 0.342099
v -0.636274 -0.636271 0.425144
v -0.636696 -0.540860 0.540860
v -0.576054 -0.576051 0.576051
v 0.636273 -0.636273 0.425144
v 0.636697 -0.540859 0.540859
v 0.576052 -0.576052 0.576052
v 0.966949 -0.143229 0.192338
v -0.483378 -0.483378 0.723425
v 0.750600 -0.363404 0.543872
v -0.576052 -0.576051 0.576052
v 0.576052 -0.576052 0.576052
v 0.636697 -0.540859 0.540859
v 0.576051 -0.576051 0.576053
v 0.649243 -0.426842 0.621175
v 0.649243 -0.426843 0.621174
v -0.750602 -0.363402 0.543870
v 0.483377 -0.483378 0.723426
v 0.483378 -0.483378 0.723426
v -0.966948 -0.143233 0.192338
v 0.382684 -0.382683 0.837982
v -0.909202 -0.161292 0.376604
v 0.382683 -0.382683 0.837983
v -0.382683 -0.382683 0.837983
v 0.909203 -0.161290 0.376604
v -0.483378 -0.483376 0.723426
v -0.382685 -0.382683 0.837982
v 0.671068 -0.299762 0.671068
v 0.818916 -0.153285 0.547183
v 0.680459 -0.255979 0.680459
v 0.695813 -0.162170 0.695812
v 0.695812 -0.162169 0.695813
v 0.680459 -0.255980 0.680459
v -0.818916 -0.153288 0.547182
v 0.171182 -0.163726 0.967014
v 0.097545 -0.097545 0.980785
v 0.185540 0.149029 0.967047
v 0.125444 0.117455 0.976076
v 0.097545 0.100517 0.980492
v 0.137501 0.125673 0.974079
v 0.818916 0.153284 0.547183
v 0.680459 0.255980 0.680459
v 0.695812 0.162169 0.695813
v -0.818916 0.153288 0.547182
v 0.750600 0.363404 0.543873
v 0.671068 0.299761 0.671068
v 0.564918 0.377466 0.727837
v 0.564917 0.377466 0.727837
v -0.750602 0.363403 0.543871
v 0.483376 0.483378 0.723426
v 0.483378 0.483378 0.723425
v 0.382683 0.382683 0.837983
v 0.382683 0.382684 0.837982
v -0.909202 0.161292 0.376604
v -0.382683 0.382683 0.837983
v -0.382683 0.382684 0.837982
v 0.909203 0.161290 0.376604
v -0.483377 0.483378 0.723426
v -0.483378 0.483378 0.723426
v 0.162171 0.695812 0.695812
v 0.966068 0.172255 0.172255
v 0.946034 0.218956 0.218956
v 0.966949 0.143228 0.192338
v 0.869831 0.342098 0.342098
v 0.846466 0.373008 0.373008
v -0.576052 0.576052 0.576052
v 0.636698 0.540859 0.540858
v 0.576051 0.576052 0.576052
v -0.869830 0.342100 0.342099
v 0.299763 0.671068 0.671067
v 0.255977 0.680460 0.680459
v -0.966948 0.143233 0.192338
v -0.966068 0.172256 0.172256
v -0.946034 0.218955 0.218955
v -0.636273 0.636273 0.425144
v -0.636273 0.636273 0.425144
v -0.576052 0.576052 0.576052
v 0.576051 0.576053 0.576051
v 0.636274 0.636272 0.425143
v 0.636271 0.636274 0.425145
v -0.767788 0.526458 0.351768
v 0.540860 0.636697 0.540858
v 0.540858 0.636696 0.540861
v 0.540860 0.636695 0.540860
v 0.363402 0.750602 0.543870
v 0.153288 0.818916 0.547182
v -0.097545 0.097545 -0.980785
v -0.089553 0.089553 -0.900430
v -0.363403 0.750601 0.543871
v 0.767799 0.526447 0.351761
v -0.526457 0.767789 0.351767
v 0.526463 0.767783 0.351772
v 0.509550 0.785682 0.337371
v 0.372995 0.846472 0.373006
v 0.373006 0.846468 0.373006
v 0.372989 0.846474 0.373006
v 0.161292 0.909202 0.376604
v 0.218955 0.946034 0.218955
v 0.342100 0.869830 0.342100
v 0.143233 0.966948 0.192338
v -0.097545 -0.097545 -0.980785
v -0.089553 -0.089553 -0.900430
v -0.089553 -0.056079 -0.903727
v -0.218955 0.946034 0.218955
v -0.342100 0.869830 0.342099
v 0.089553 -0.089553 0.900430
v 0.172256 0.966068 0.172256
v 0.097545 0.097545 0.980785
v 0.089553 0.089553 0.900430
v 0.097545 0.097545 -0.980785
v 0.089553 0.089553 -0.900430
v 0.089553 -0.089553 -0.900430
v -0.143233 0.966948 0.192338
v -0.161292 0.909202 0.376604
v -0.153287 0.818916 0.547182
v -0.169332 0.165620 0.967010
v -0.126844 0.123351 0.975357
v -0.155001 -0.180289 0.966976
v -0.100533 -0.097545 0.980490
v -0.130530 -0.138868 0.973466
v -0.162169 -0.695812 0.695812
v -0.153284 -0.818916 0.547183
v -0.161290 -0.909203 0.376604
v -0.143229 -0.966949 0.192338
v -0.143229 -0.966949 -0.192338
v -0.161290 -0.909203 -0.376604
v -0.153286 -0.818916 -0.547182
v -0.192828 -0.117722 -0.969413
v -0.174471 -0.109814 -0.972000
v -0.150210 -0.097545 -0.975598
v -0.147039 0.179329 -0.967855
v -0.129641 0.129641 -0.974463
v -0.153283 0.818917 -0.547183
v -0.161288 0.909203 -0.376604
v 0.000000 -0.000000 -0.918070
v -0.000084 0.000000 -0.918062
v -0.070528 0.054289 -0.905777
v 0.000000 -0.020067 -0.916094
v -0.068950 -0.041207 -0.907221
v 0.000000 -0.000013 0.918068
v -0.000000 0.000000 0.918070
v -0.068084 -0.055511 0.905897
v -0.000000 0.000000 0.918070
v -0.000011 0.000000 0.918069
v -0.025834 0.000000 0.915525
v -0.000020 0.000010 0.918067
v 0.000000 0.025837 0.915525
v -0.058992 0.061124 0.906240
v 0.087737 0.089553 0.900608
v 0.019657 0.038937 0.912299
v 0.053369 0.062868 0.906622
v 0.059030 -0.061047 0.906243
v 0.052917 -0.063095 -0.906644
v 0.000037 -0.000073 -0.918060
v 0.000000 -0.000025 -0.918068
v 0.046440 0.086226 -0.905004
v 0.047936 0.089553 -0.904529
v 0.027327 0.013796 -0.914020
v 0.020072 0.000000 -0.916094
v 0.000000 -0.000000 -0.918070
vn -0.6136 0.7295 -0.3022
vn 0.3022 0.7295 -0.6136
vn -0.6136 0.6566 -0.4387
vn 0.4387 0.6566 -0.6136
vn 0.5584 0.5584 -0.6136
vn -0.6136 0.5584 -0.5584
vn 0.6566 0.4387 -0.6136
vn -0.6136 0.4387 -0.6566
vn 0.7295 0.3022 -0.6136
vn -0.6136 0.3022 -0.7295
vn -0.6136 0.1541 -0.7745
vn -0.6136 -0.1541 -0.7745
vn 0.7295 -0.3022 -0.6136
vn -0.6136 -0.3022 -0.7295
vn -0.6136 -0.4387 -0.6566
vn 0.6566 -0.4387 -0.6136
vn -0.6136 -0.5584 -0.5584
vn 0.5584 -0.5584 -0.6136
vn 0.4387 -0.6566 -0.6136
vn -0.6136 -0.6566 -0.4387
vn 0.3022 -0.7295 -0.6136
vn -0.6136 -0.7295 -0.3022
vn 0.1541 -0.7745 -0.6136
vn -0.6136 -0.7745 -0.1541
vn -0.1541 -0.7745 -0.6136
vn -0.6136 -0.7745 0.1541
vn -0.6136 -0.7295 0.3022
vn -0.3022 -0.7295 -0.6136
vn -0.4387 -0.6566 -0.6136
vn -0.6136 -0.6566 0.4387
vn -0.5584 -0.5584 -0.6136
vn -0.6136 -0.5584 0.5584
vn -0.6136 -0.4387 0.6566
vn -0.6566 -0.4387 -0.6136
vn -0.6136 -0.3022 0.7295
vn -0.7295 -0.3022 -0.6136
vn -0.7745 -0.1541 -0.6136
vn -0.6136 -0.1541 0.7745
vn -0.7745 0.1541 -0.6136
vn -0.6136 0.1541 0.7745
vn -0.6136 0.3022 0.7295
vn -0.7295 0.3022 -0.6136
vn -0.6136 0.4387 0.6566
vn -0.6566 0.4387 -0.6136
vn -0.5584 0.5584 -0.6136
vn -0.6136 0.5584 0.5584
vn -0.6136 0.6566 0.4387
vn -0.4387 0.6566 -0.6136
vn -0.3022 0.7295 -0.6136
vn -0.6136 0.7295 0.3022
vn -0.6136 0.7745 0.1541
vn -0.1541 0.7745 -0.6136
vn 0.6136 0.7295 -0.3022
vn 0.3022 0.7295 0.6136
vn 0.6136 0.6566 -0.4387
vn 0.4387 0.6566 0.6136
vn 0.6136 0.5584 -0.5584
vn 0.5584 0.5584 0.6136
vn 0.6566 0.4387 0.6136
vn 0.6136 0.4387 -0.6566
vn 0.7295 0.3022 0.6136
vn 0.6136 0.3022 -0.7295
vn 0.6136 0.1541 -0.7745
vn 0.6136 -0.1541 -0.7745
vn 0.6136 -0.3022 -0.7295
vn 0.7295 -0.3022 0.6136
vn 0.6136 -0.4387 -0.6566
vn 0.6566 -0.4387 0.6136
vn 0.6136 -0.5584 -0.5584
vn 0.5584 -0.5584 0.6136
vn 0.6136 -0.6566 -0.4387
vn 0.4387 -0.6566 0.6136
vn 0.3022 -0.7295 0.6136
vn 0.6136 -0.7295 -0.3022
vn 0.6136 -0.7745 -0.1541
vn 0.1541 -0.7745 0.6136
vn 0.6136 -0.7745 0.1541
vn -0.1541 -0.7745 0.6136
vn 0.6136 -0.7295 0.3022
vn -0.3022 -0.7295 0.6136
vn 0.6136 -0.6566 0.4387
vn -0.4387 -0.6566 0.6136
vn -0.5584 -0.5584 0.6136
vn 0.6136 -0.5584 0.5584
vn -0.6566 -0.4387 0.6136
vn 0.6136 -0.4387 0.6566
vn 0.6136 -0.3022 0.7295
vn -0.7295 -0.3022 0.6136
vn 0.6136 -0.1541 0.7745
vn -0.7745 -0.1541 0.6136
vn 0.6136 0.1541 0.7745
vn -0.7745 0.1541 0.6136
vn -0.7295 0.3022 0.6136
vn 0.6136 0.3022 0.7295
vn 0.6136 0.4387 0.6566
vn -0.6566 0.4387 0.6136
vn 0.6136 0.5584 0.5584
vn -0.5584 0.5584 0.6136
vn 0.6136 0.6566 0.4387
vn -0.4387 0.6566 0.6136
vn -0.3022 0.7295 0.6136
vn 0.6136 0.7295 0.3022
vn 0.6136 0.7745 0.1541
vn -0.1541 0.7745 0.6136
vn 0.1471 0.7395 -0.6569
vn -0.6569 0.7395 -0.1471
vn -0.0000 0.9808 -0.1951
vn 0.1951 0.9808 -0.0000
vn -0.6569 0.6966 -0.2885
vn 0.2885 0.6966 -0.6569
vn -0.0000 0.9239 -0.3827
vn 0.3827 0.9239 -0.0000
vn -0.6569 0.6269 -0.4189
vn 0.4189 0.6269 -0.6569
vn -0.0000 0.8315 -0.5556
vn 0.5556 0.8315 -0.0000
vn -0.6569 0.5331 -0.5331
vn 0.5331 0.5331 -0.6569
vn -0.0000 0.7071 -0.7071
vn 0.7071 0.7071 -0.0000
vn -0.6569 0.4189 -0.6269
vn 0.6269 0.4189 -0.6569
vn 0.8315 0.5556 -0.0000
vn -0.0000 0.5556 -0.8315
vn -0.6569 0.2885 -0.6966
vn 0.6966 0.2885 -0.6569
vn 0.9239 0.3827 -0.0000
vn -0.0000 0.3827 -0.9239
vn -0.6569 0.1471 -0.7395
vn 0.7395 0.1471 -0.6569
vn 0.9808 0.1951 -0.0000
vn -0.0000 0.1951 -0.9808
vn 0.7395 -0.1471 -0.6569
vn -0.6569 -0.1471 -0.7395
vn 0.9808 -0.1951 -0.0000
vn -0.0000 -0.1951 -0.9808
vn 0.6966 -0.2885 -0.6569
vn -0.6569 -0.2885 -0.6966
vn 0.9239 -0.3827 -0.0000
vn -0.0000 -0.3827 -0.9239
vn -0.6569 -0.4189 -0.6269
vn 0.6269 -0.4189 -0.6569
vn 0.8315 -0.5556 -0.0000
vn -0.0000 -0.5556 -0.8315
vn -0.6569 -0.5331 -0.5331
vn 0.5331 -0.5331 -0.6569
vn 0.7071 -0.7071 -0.0000
vn -0.0000 -0.7071 -0.7071
vn 0.4189 -0.6269 -0.6569
vn -0.6569 -0.6269 -0.4189
vn 0.5556 -0.8315 -0.0000
vn -0.0000 -0.8315 -0.5556
vn -0.6569 -0.6966 -0.2885
vn 0.2885 -0.6966 -0.6569
vn 0.3827 -0.9239 -0.0000
vn -0.0000 -0.9239 -0.3827
vn -0.6569 -0.7395 -0.1471
vn 0.1471 -0.7395 -0.6569
vn 0.1951 -0.9808 -0.0000
vn -0.0000 -0.9808 -0.1951
vn -0.6569 -0.7395 0.1471
vn -0.1471 -0.7395 -0.6569
vn -0.1951 -0.9808 -0.0000
vn -0.0000 -0.9808 0.1951
vn -0.6569 -0.6966 0.2885
vn -0.2885 -0.6966 -0.6569
vn -0.0000 -0.9239 0.3827
vn -0.3827 -0.9239 -0.0000
vn -0.6569 -0.6269 0.4189
vn -0.4189 -0.6269 -0.6569
vn -0.0000 -0.8315 0.5556
vn -0.5556 -0.8315 -0.0000
vn -0.6569 -0.5331 0.5331
vn -0.5331 -0.5331 -0.6569
vn -0.0000 -0.7071 0.7071
vn -0.7071 -0.7071 -0.0000
vn -0.6569 -0.4189 0.6269
vn -0.6269 -0.4189 -0.6569
vn -0.0000 -0.5556 0.8315
vn -0.8315 -0.5556 -0.0000
vn -0.6569 -0.2885 0.6966
vn -0.6966 -0.2885 -0.6569
vn -0.9239 -0.3827 -0.0000
vn -0.0000 -0.3827 0.9239
vn -0.7395 -0.1471 -0.6569
vn -0.6569 -0.1471 0.7395
vn -0.9808 -0.1951 -0.0000
vn -0.0000 -0.1951 0.9808
vn -0.7540 -0.0000 -0.6568
vn -1.0000 -0.0000 -0.0000
vn -0.7395 0.1471 -0.6569
vn -0.6569 0.1471 0.7395
vn -0.0000 0.1951 0.9808
vn -0.9808 0.1951 -0.0000
vn -0.6966 0.2885 -0.6569
vn -0.6569 0.2885 0.6966
vn -0.9239 0.3827 -0.0000
vn -0.0000 0.3827 0.9239
vn -0.6569 0.4189 0.6269
vn -0.6269 0.4189 -0.6569
vn -0.8315 0.5556 -0.0000
vn -0.0000 0.5556 0.8315
vn -0.5331 0.5331 -0.6569
vn -0.6569 0.5331 0.5331
vn -0.7071 0.7071 -0.0000
vn -0.0000 0.7071 0.7071
vn -0.6569 0.6269 0.4189
vn -0.4189 0.6269 -0.6569
vn -0.5556 0.8315 -0.0000
vn -0.0000 0.8315 0.5556
vn -0.2885 0.6966 -0.6569
vn -0.6569 0.6966 0.2885
vn -0.3827 0.9239 -0.0000
vn -0.0000 0.9239 0.3827
vn -0.1471 0.7395 -0.6569
vn -0.6569 0.7395 0.1471
vn -0.1951 0.9808 -0.0000
vn -0.0000 0.9808 0.1951
vn 0.6569 0.7395 -0.1471
vn 0.1471 0.7395 0.6569
vn 0.6569 0.6966 -0.2885
vn 0.2885 0.6966 0.6569
vn 0.6569 0.6269 -0.4189
vn 0.4189 0.6269 0.6569
vn 0.5331 0.5331 0.6569
vn 0.6569 0.5331 -0.5331
vn 0.6269 0.4189 0.6569
vn 0.6569 0.4189 -0.6269
vn 0.6569 0.2885 -0.6966
vn 0.6966 0.2885 0.6569
vn 0.7395 0.1471 0.6569
vn 0.6569 0.1471 -0.7395
vn 0.6569 -0.1471 -0.7395
vn 0.7395 -0.1471 0.6569
vn 0.6966 -0.2885 0.6569
vn 0.6569 -0.2885 -0.6966
vn 0.6569 -0.4189 -0.6269
vn 0.6269 -0.4189 0.6569
vn 0.5331 -0.5331 0.6569
vn 0.6569 -0.5331 -0.5331
vn 0.4189 -0.6269 0.6569
vn 0.6569 -0.6269 -0.4189
vn 0.6569 -0.6966 -0.2885
vn 0.2885 -0.6966 0.6569
vn 0.1471 -0.7395 0.6569
vn 0.6569 -0.7395 -0.1471
vn -0.1472 -0.7395 0.6569
vn 0.6569 -0.7395 0.1471
vn 0.6569 -0.6966 0.2885
vn -0.2885 -0.6966 0.6569
vn 0.6569 -0.6269 0.4189
vn -0.4189 -0.6269 0.6569
vn -0.5331 -0.5331 0.6569
vn 0.6569 -0.5331 0.5331
vn 0.6569 -0.4189 0.6269
vn -0.6269 -0.4189 0.6569
vn -0.6966 -0.2885 0.6569
vn 0.6569 -0.2885 0.6966
vn 0.6569 -0.1471 0.7395
vn -0.7395 -0.1471 0.6569
vn -0.7540 -0.0000 0.6569
vn -0.7395 0.1471 0.6569
vn 0.6569 0.1471 0.7395
vn -0.6966 0.2885 0.6569
vn 0.6569 0.2885 0.6966
vn -0.6269 0.4189 0.6569
vn 0.6569 0.4189 0.6269
vn -0.5331 0.5331 0.6569
vn 0.6569 0.5331 0.5331
vn -0.4189 0.6269 0.6569
vn 0.6569 0.6269 0.4189
vn 0.6569 0.6966 0.2885
vn -0.2885 0.6966 0.6569
vn 0.6569 0.7395 0.1471
vn -0.1471 0.7395 0.6569
vn 0.1599 0.7726 -0.6145
vn 0.1233 0.5585 0.8203
vn 0.1233 0.5585 -0.8203
vn 0.3440 0.5496 0.7613
vn 0.3440 0.5496 -0.7613
vn 0.3820 0.8115 0.4423
vn 0.4594 0.7399 0.4914
vn 0.1365 0.3858 -0.9124
vn 0.3950 0.8321 0.3893
vn 0.3960 0.8285 -0.3960
vn 0.1365 0.3858 0.9124
vn 0.4850 0.7277 -0.4850
vn 0.6918 0.7086 0.1390
vn 0.1194 0.1964 0.9732
vn 0.1581 0.1581 0.9747
vn 0.2409 0.2369 0.9412
vn 0.3251 0.3761 0.8677
vn 0.3181 0.3160 0.8938
vn 0.5634 0.5433 0.6224
vn 0.5326 0.5431 0.6492
vn 0.4968 0.7208 0.4834
vn 0.6755 0.6851 0.2728
vn 0.6706 0.6747 0.3084
vn 0.6397 0.4261 -0.6397
vn 0.6263 0.4358 0.6464
vn 0.5173 0.3596 -0.7766
vn -0.7295 -0.6136 -0.3022
vn -0.6566 -0.6136 -0.4387
vn -0.5584 -0.6136 -0.5584
vn -0.4387 -0.6136 -0.6566
vn -0.3022 -0.6136 -0.7295
vn -0.1541 -0.6136 -0.7745
vn 0.1541 -0.6136 -0.7745
vn 0.3022 -0.6136 -0.7295
vn 0.4387 -0.6136 -0.6566
vn 0.5584 -0.6136 -0.5584
vn 0.6566 -0.6136 -0.4387
vn 0.7613 0.5496 0.3440
vn 0.7295 -0.6136 -0.3022
vn 0.7745 -0.6136 -0.1541
vn 0.7745 -0.6136 0.1541
vn 0.7295 -0.6136 0.3022
vn 0.6566 -0.6136 0.4387
vn 0.8203 0.5585 0.1233
vn 0.5584 -0.6136 0.5584
vn 0.4387 -0.6136 0.6566
vn 0.3022 -0.6136 0.7295
vn 0.7613 0.5496 -0.3440
vn 0.1541 -0.6136 0.7745
vn -0.1541 -0.6136 0.7745
vn -0.3022 -0.6136 0.7295
vn -0.4387 -0.6136 0.6566
vn -0.5584 -0.6136 0.5584
vn -0.6566 -0.6136 0.4387
vn -0.7295 -0.6136 0.3022
vn -0.7745 -0.6136 0.1541
vn -0.7295 0.6136 -0.3022
vn 0.5173 0.3596 0.7766
vn -0.6566 0.6136 -0.4387
vn -0.5584 0.6136 -0.5584
vn -0.4387 0.6136 -0.6566
vn -0.3022 0.6136 -0.7295
vn -0.1541 0.6136 -0.7745
vn 0.1541 0.6136 -0.7745
vn 0.3022 0.6136 -0.7295
vn 0.4387 0.6136 -0.6566
vn 0.5584 0.6136 -0.5584
vn 0.6566 0.6136 -0.4387
vn 0.7295 0.6136 -0.3022
vn 0.7745 0.6136 -0.1541
vn 0.7745 0.6136 0.1541
vn 0.7766 0.3596 -0.5173
vn 0.7295 0.6136 0.3022
vn 0.6566 0.6136 0.4387
vn 0.5584 0.6136 0.5584
vn 0.4387 0.6136 0.6566
vn 0.3022 0.6136 0.7295
vn 0.1541 0.6136 0.7745
vn -0.1541 0.6136 0.7745
vn -0.3022 0.6136 0.7295
vn -0.4387 0.6136 0.6566
vn 0.6477 0.4197 0.6359
vn -0.5584 0.6136 0.5584
vn -0.6566 0.6136 0.4387
vn -0.7295 0.6136 0.3022
vn -0.7745 0.6136 0.1541
vn -0.7395 -0.6569 -0.1471
vn -0.9808 -0.0000 -0.1951
vn -0.6966 -0.6569 -0.2885
vn -0.9239 -0.0000 -0.3827
vn 0.7766 0.3596 0.5173
vn -0.6269 -0.6569 -0.4189
vn -0.8315 -0.0000 -0.5556
vn -0.5331 -0.6569 -0.5331
vn -0.7071 -0.0000 -0.7071
vn -0.4189 -0.6569 -0.6269
vn -0.5556 -0.0000 -0.8315
vn -0.2885 -0.6569 -0.6966
vn -0.3827 -0.0000 -0.9239
vn -0.1471 -0.6569 -0.7395
vn -0.1951 -0.0000 -0.9808
vn 0.1471 -0.6569 -0.7395
vn 0.1951 -0.0000 -0.9808
vn 0.9124 0.3858 0.1365
vn 0.2885 -0.6569 -0.6966
vn 0.3827 -0.0000 -0.9239
vn 0.4189 -0.6569 -0.6269
vn 0.5556 -0.0000 -0.8315
vn 0.5331 -0.6569 -0.5331
vn 0.7071 -0.0000 -0.7071
vn 0.6269 -0.6569 -0.4189
vn 0.8315 -0.0000 -0.5556
vn 0.6966 -0.6569 -0.2885
vn 0.9239 -0.0000 -0.3827
vn 0.7395 -0.6569 -0.1471
vn 0.9808 -0.0000 -0.1951
vn 0.7540 -0.6569 -0.0000
vn 1.0000 -0.0000 -0.0000
vn 0.7395 -0.6569 0.1471
vn 0.9808 -0.0000 0.1951
vn 0.6966 -0.6569 0.2885
vn 0.9239 -0.0000 0.3827
vn 0.6269 -0.6569 0.4189
vn 0.8315 -0.0000 0.5556
vn 0.5331 -0.6569 0.5331
vn 0.7071 -0.0000 0.7071
vn 0.4189 -0.6569 0.6269
vn 0.5556 -0.0000 0.8315
vn 0.2885 -0.6569 0.6966
vn 0.3827 -0.0000 0.9239
vn 0.1471 -0.6569 0.7395
vn 0.1951 -0.0000 0.9808
vn -0.1471 -0.6569 0.7395
vn -0.1951 -0.0000 0.9808
vn -0.2885 -0.6569 0.6966
vn -0.3827 -0.0000 0.9239
vn -0.4189 -0.6569 0.6269
vn -0.5556 -0.0000 0.8315
vn -0.5331 -0.6569 0.5331
vn -0.7071 -0.0000 0.7071
vn -0.6269 -0.6569 0.4189
vn -0.8315 -0.0000 0.5556
vn -0.6966 -0.6569 0.2885
vn -0.9239 -0.0000 0.3827
vn -0.7395 -0.6569 0.1471
vn -0.9808 -0.0000 0.1951
vn -0.7395 0.6569 -0.1471
vn -0.6966 0.6569 -0.2885
vn -0.6269 0.6569 -0.4189
vn -0.5331 0.6569 -0.5331
vn -0.4189 0.6569 -0.6269
vn -0.2885 0.6569 -0.6966
vn -0.1471 0.6569 -0.7395
vn 0.1471 0.6569 -0.7395
vn 0.2885 0.6569 -0.6966
vn 0.4189 0.6569 -0.6269
vn 0.5331 0.6569 -0.5331
vn 0.6269 0.6569 -0.4189
vn 0.6966 0.6569 -0.2885
vn 0.7395 0.6569 -0.1471
vn 0.7540 0.6569 -0.0000
vn 0.7395 0.6569 0.1471
vn 0.6966 0.6569 0.2885
vn 0.6269 0.6569 0.4189
vn 0.5331 0.6569 0.5331
vn 0.4189 0.6569 0.6269
vn 0.2885 0.6569 0.6966
vn 0.1471 0.6569 0.7395
vn -0.1471 0.6569 0.7395
vn -0.2885 0.6569 0.6966
vn -0.4189 0.6569 0.6269
vn -0.5331 0.6569 0.5331
vn -0.6269 0.6569 0.4189
vn -0.6966 0.6569 0.2885
vn -0.7395 0.6569 0.1471
vn 0.9124 -0.3858 0.1365
vn -0.5155 0.6845 0.5155
vn -0.2083 0.9556 0.2083
vn 0.1541 0.7745 0.6136
vn 0.8203 -0.5585 0.1233
vn 0.0758 -0.7693 -0.6344
vn -0.5155 -0.6845 -0.5155
vn 0.6267 0.0066 -0.7793
vn 0.7766 -0.3596 -0.5173
vn 0.5173 -0.3596 0.7766
vn 0.6397 -0.4261 -0.6397
vn 0.6477 -0.4196 0.6359
vn 0.5173 -0.3596 -0.7766
vn 0.7766 -0.3596 0.5173
vn 0.3254 -0.3754 0.8678
vn 0.6498 -0.5439 -0.5310
vn 0.6263 -0.4358 0.6464
vn 0.5333 -0.5427 0.6489
vn 0.3182 -0.3170 -0.8935
vn 0.3254 -0.3754 -0.8678
vn 0.7613 -0.5496 0.3440
vn 0.2403 -0.2366 -0.9414
vn 0.6923 -0.7082 0.1385
vn 0.1581 -0.1581 0.9747
vn 0.6714 -0.6741 -0.3078
vn 0.6791 -0.6801 -0.2762
vn 0.7613 -0.5496 -0.3440
vn 0.1194 -0.1964 -0.9732
vn 0.1194 -0.1964 0.9732
vn 0.4850 -0.7277 -0.4850
vn 0.3440 -0.5496 0.7613
vn 0.3440 -0.5496 -0.7613
vn 0.4968 -0.7208 0.4833
vn 0.3960 -0.8285 -0.3960
vn 0.3083 -0.6751 -0.6703
vn 0.4594 -0.7399 0.4914
vn 0.3819 -0.8115 0.4423
vn 0.1365 -0.3858 -0.9124
vn 0.3950 -0.8321 0.3893
vn 0.5155 -0.6845 -0.5155
vn 0.2083 -0.9556 -0.2083
vn 0.1365 -0.3858 0.9124
vn 0.1233 -0.5585 0.8203
vn 0.2698 -0.7012 -0.6600
vn 0.1401 -0.7095 -0.6906
vn 0.1233 -0.5585 -0.8203
vn 0.0975 -0.9904 0.0975
vn -0.0975 -0.9904 0.0976
vn -0.1233 -0.5585 -0.8203
vn -0.1233 -0.5585 0.8203
vn -0.2732 -0.6844 -0.6760
vn -0.1398 -0.7093 -0.6910
vn -0.3893 -0.8321 -0.3950
vn -0.4423 -0.8115 -0.3819
vn -0.1365 -0.3858 0.9124
vn -0.4833 -0.7208 -0.4968
vn -0.4914 -0.7399 -0.4594
vn -0.3440 -0.5496 0.7613
vn -0.3082 -0.6745 -0.6709
vn -0.3440 -0.5496 -0.7613
vn -0.4850 -0.7277 0.4850
vn -0.3960 -0.8285 0.3960
vn -0.1365 -0.3858 -0.9124
vn -0.3212 -0.3832 -0.8660
vn -0.3181 -0.3160 -0.8939
vn -0.1194 -0.1964 -0.9732
vn -0.1581 -0.1581 -0.9747
vn -0.1194 -0.1964 0.9732
vn -0.6707 -0.6746 -0.3083
vn -0.6759 -0.6845 -0.2731
vn -0.5785 -0.5699 -0.5835
vn -0.5330 -0.5429 -0.6490
vn -0.7613 -0.5496 -0.3440
vn -0.6490 -0.5429 -0.5329
vn -0.5173 -0.3596 0.7766
vn -0.6224 -0.5432 -0.5635
vn -0.6464 -0.4358 -0.6263
vn -0.6359 -0.4196 -0.6477
vn -0.6397 -0.4261 0.6397
vn -0.5173 -0.3596 -0.7766
vn -0.7613 -0.5496 0.3440
vn -0.8203 -0.5585 0.1233
vn -0.7766 -0.3596 0.5173
vn -0.9124 -0.3858 0.1365
vn -0.8677 -0.3758 -0.3253
vn -0.7766 -0.3596 -0.5173
vn -0.9412 -0.2369 -0.2408
vn -0.8939 -0.3160 -0.3181
vn -0.9732 -0.1964 0.1194
vn 0.5155 0.6845 0.5155
vn 0.5122 0.6889 0.5129
vn -0.0006 0.9978 -0.0668
vn -0.0065 0.7805 0.6251
vn -0.9732 0.1964 0.1194
vn -0.9124 0.3858 0.1365
vn -0.9412 0.2369 -0.2408
vn -0.8939 0.3160 -0.3181
vn -0.5173 0.3596 0.7766
vn -0.6464 0.4358 -0.6263
vn -0.6359 0.4197 -0.6477
vn -0.6397 0.4261 0.6397
vn -0.5173 0.3596 -0.7766
vn -0.7766 0.3596 0.5173
vn -0.8674 0.3771 0.3246
vn -0.8203 0.5585 0.1233
vn -0.8677 0.3759 -0.3252
vn -0.7766 0.3596 -0.5173
vn -0.6910 0.7092 0.1397
vn -0.7613 0.5496 -0.3440
vn -0.6710 0.6744 -0.3082
vn -0.6751 0.6855 -0.2726
vn -0.3254 0.3756 0.8678
vn -0.6491 0.5430 -0.5328
vn -0.6224 0.5431 -0.5636
vn -0.5288 0.5451 -0.6506
vn -0.6498 0.5439 0.5310
vn -0.3254 0.3756 -0.8678
vn -0.3181 0.3160 -0.8939
vn -0.7613 0.5496 0.3440
vn -0.6759 0.6846 0.2731
vn -0.3440 0.5496 -0.7613
vn -0.4850 0.7277 0.4850
vn -0.1194 0.1964 -0.9732
vn -0.1194 0.1964 0.9732
vn -0.4834 0.7208 -0.4968
vn -0.4914 0.7399 -0.4594
vn -0.3440 0.5496 0.7613
vn -0.4423 0.8115 -0.3820
vn -0.3893 0.8321 -0.3950
vn -0.1365 0.3858 0.9124
vn -0.3083 0.6745 -0.6708
vn -0.3065 0.6730 0.6731
vn -0.3960 0.8285 0.3960
vn -0.1365 0.3858 -0.9124
vn -0.2723 0.6861 0.6746
vn -0.1396 0.7091 0.6912
vn -0.1233 0.5585 -0.8203
vn -0.1233 0.5585 0.8203
vn -0.2729 0.6848 -0.6756
vn -0.1399 0.7093 -0.6909
vn -0.0976 0.9904 0.0976
vn 0.5155 0.6845 -0.5155
vn -0.5155 0.6845 -0.5155
vn 0.0828 0.7674 -0.6358
vn -0.5129 0.6889 -0.5122
vn -0.5155 -0.6845 0.5155
vn -0.2083 -0.9556 0.2083
vn 0.5155 -0.6845 0.5155
vn -0.0975 -0.9904 -0.0975
vn -0.5995 -0.6422 0.4776
vn 0.2083 0.9556 -0.2083
vn 0.6155 0.7717 -0.1598
vn 0.6354 0.7677 -0.0828
vn -0.6908 0.7093 -0.1399
vn -0.8203 0.5585 -0.1233
vn -0.9124 0.3858 -0.1365
vn -0.9732 0.1964 -0.1194
vn -0.9747 0.1581 -0.1581
vn -0.9747 -0.1581 -0.1581
vn -0.9732 -0.1964 -0.1194
vn -0.9124 -0.3858 -0.1365
vn -0.8203 -0.5585 -0.1233
vn -0.6937 -0.7071 -0.1372
vn 0.6344 -0.7693 -0.0758
vn 0.0975 -0.9904 -0.0975
vn 0.6919 -0.7085 -0.1389
vn 0.8203 -0.5585 -0.1233
vn 0.9124 -0.3858 -0.1365
vn 0.9124 0.3858 -0.1365
vn 0.8203 0.5585 -0.1233
vn -0.6136 0.7745 -0.1541
vn -0.6344 0.7693 -0.0758
vn 0.0245 0.9994 -0.0245
vn 0.0975 0.9904 -0.0976
vn -0.0000 0.9952 -0.0980
vn 0.0668 0.9978 0.0006
vn -0.6251 0.7805 0.0065
vn 0.0245 -0.9994 -0.0245
vn -0.0000 -0.9952 -0.0980
vn -0.0980 -0.9952 -0.0000
vn -0.0980 0.9952 -0.0000
vn -0.0245 0.9994 0.0245
vn -0.0975 -0.9904 0.0975
vn 0.0976 -0.9904 0.0976
vn -0.0245 -0.9994 0.0245
vn -0.0000 -0.9952 0.0980
vn 0.3858 0.9124 0.1365
vn 0.1964 0.9732 0.1194
vn 0.3320 0.9232 0.1935
vn 0.2772 0.9420 0.1889
vn 0.1935 0.9232 -0.3320
vn 0.1889 0.9420 -0.2772
vn 0.2924 0.9011 -0.3204
vn 0.2348 0.9381 -0.2547
vn 0.2855 0.8835 -0.3714
vn 0.2706 0.8861 -0.3762
vn 0.1774 0.8344 -0.5219
vn 0.1813 0.8698 -0.4589
vn 0.2866 0.8131 -0.5067
vn 0.2755 0.7952 -0.5401
vn 0.2461 0.7945 -0.5551
vn 0.2533 0.8607 -0.4416
vn 0.2461 0.5551 0.7945
vn 0.2362 0.6128 0.7541
vn 0.1774 0.5219 0.8344
vn 0.1626 0.6296 0.7597
vn 0.1776 0.7126 -0.6787
vn 0.1626 0.7597 -0.6296
vn 0.2485 0.6961 -0.6736
vn 0.2362 0.7541 -0.6128
vn 0.2362 0.7541 0.6128
vn 0.2483 0.6957 0.6740
vn 0.1782 0.7118 0.6794
vn 0.1626 0.7597 0.6296
vn 0.1774 0.5219 -0.8344
vn 0.1626 0.6296 -0.7597
vn 0.2461 0.5551 -0.7945
vn 0.2362 0.6128 -0.7541
vn 0.1774 0.8344 0.5219
vn 0.1813 0.8698 0.4589
vn 0.2533 0.8607 0.4416
vn 0.2866 0.8131 0.5067
vn 0.2755 0.7952 0.5401
vn 0.2461 0.7945 0.5551
vn 0.2855 0.8835 0.3714
vn 0.2706 0.8861 0.3762
vn 0.1889 0.9420 0.2772
vn 0.2927 0.9003 0.3221
vn 0.2371 0.9372 0.2557
vn 0.1935 0.9232 0.3320
vn 0.3383 0.4955 0.8000
vn 0.2866 0.5067 0.8131
vn 0.2755 0.5401 0.7952
vn 0.3596 0.5173 0.7766
vn 0.3601 0.7383 -0.5703
vn 0.3323 0.6894 -0.6437
vn 0.4088 0.7180 -0.5634
vn 0.4195 0.6477 -0.6360
vn 0.4336 0.6684 -0.6044
vn 0.3601 0.7383 0.5703
vn 0.3326 0.6890 0.6440
vn 0.4336 0.6684 0.6044
vn 0.4089 0.7180 0.5633
vn 0.4198 0.6477 0.6358
vn 0.2755 0.5401 -0.7952
vn 0.3596 0.5173 -0.7766
vn 0.3383 0.4955 -0.8000
vn 0.2866 0.5067 -0.8131
vn 0.3596 0.7766 0.5173
vn 0.4401 0.7336 0.5178
vn 0.3383 0.8000 0.4955
vn 0.1935 0.3320 -0.9232
vn 0.1813 0.4589 -0.8698
vn 0.2533 0.4416 -0.8607
vn 0.2706 0.3762 -0.8861
vn 0.3714 0.8835 0.2855
vn 0.5067 0.8131 0.2866
vn 0.4416 0.8607 0.2533
vn 0.3762 0.8861 0.2706
vn 0.3667 0.8559 0.3646
vn 0.4952 0.8000 0.3386
vn 0.5585 0.8203 0.1233
vn 0.5219 0.8344 0.1774
vn 0.4589 0.8698 0.1813
vn -0.6845 0.5155 0.5155
vn -0.7993 -0.0062 0.6009
vn -0.7534 0.0666 0.6542
vn -0.6889 0.5122 0.5129
vn 0.3773 0.8674 -0.3245
vn 0.3631 0.8563 -0.3674
vn 0.4955 0.8000 -0.3383
vn 0.3714 0.8835 -0.2855
vn 0.4416 0.8607 -0.2533
vn 0.5067 0.8131 -0.2866
vn 0.3762 0.8861 -0.2706
vn 0.2706 0.3762 0.8861
vn 0.2533 0.4416 0.8607
vn 0.1813 0.4589 0.8698
vn 0.1935 0.3320 0.9232
vn 0.3383 0.8000 -0.4955
vn 0.3596 0.7766 -0.5173
vn 0.4401 0.7336 -0.5178
vn 0.6296 0.7597 0.1626
vn 0.2370 0.2556 0.9373
vn 0.1889 0.2772 0.9420
vn 0.5551 0.7945 -0.2461
vn 0.5401 0.7952 -0.2755
vn 0.6128 0.7541 -0.2362
vn 0.6740 0.6958 -0.2483
vn 0.6851 0.6754 -0.2728
vn 0.6745 0.6708 -0.3083
vn 0.5496 0.7613 -0.3440
vn 0.6440 0.6889 -0.3326
vn 0.5703 0.7383 -0.3601
vn 0.2855 0.3714 0.8835
vn 0.2927 0.3220 0.9004
vn 0.5178 0.7336 -0.4401
vn 0.6044 0.6684 -0.4336
vn 0.5633 0.7180 -0.4089
vn 0.5409 0.6475 -0.5367
vn 0.5197 0.6684 -0.5321
vn 0.3601 0.5703 0.7383
vn 0.4401 0.5178 0.7336
vn 0.4088 0.5634 0.7180
vn 0.5431 0.5326 -0.6492
vn 0.5434 0.5633 -0.6224
vn 0.4360 0.6263 -0.6463
vn 0.4336 0.6044 -0.6684
vn 0.5174 0.5364 -0.6668
vn 0.4357 0.6263 0.6465
vn 0.4336 0.6044 0.6684
vn 0.5598 0.5626 0.6084
vn 0.3601 0.5703 -0.7383
vn 0.4401 0.5178 -0.7336
vn 0.4088 0.5633 -0.7180
vn 0.5178 0.7336 0.4401
vn 0.5359 0.6670 0.5177
vn 0.5633 0.7180 0.4089
vn 0.6044 0.6684 0.4336
vn 0.2855 0.3714 -0.8835
vn 0.3647 0.3666 -0.8559
vn 0.3758 0.3253 -0.8678
vn 0.3159 0.3181 -0.8939
vn 0.5703 0.7383 0.3601
vn 0.6128 0.7541 0.2362
vn 0.5551 0.7945 0.2461
vn 0.5401 0.7952 0.2755
vn 0.5496 0.7613 0.3440
vn 0.1194 0.1964 -0.9732
vn 0.1889 0.2772 -0.9420
vn 0.1581 0.1581 -0.9747
vn 0.2369 0.2408 -0.9412
vn 0.6044 0.4336 -0.6684
vn 0.5570 0.5646 -0.6091
vn 0.5364 0.5174 0.6668
vn 0.6044 0.4336 0.6684
vn 0.5178 0.4401 -0.7336
vn 0.5496 0.3440 -0.7613
vn 0.5703 0.3601 -0.7383
vn 0.5633 0.4089 -0.7180
vn 0.6684 0.6044 0.4336
vn 0.6670 0.5359 0.5177
vn 0.7208 0.4968 0.4834
vn 0.7180 0.5634 0.4088
vn 0.7336 0.5178 0.4401
vn 0.3221 0.2927 -0.9003
vn 0.3714 0.2855 -0.8835
vn 0.7945 0.5551 0.2461
vn 0.7541 0.6128 0.2362
vn 0.6957 0.6740 0.2483
vn 0.6892 0.6438 0.3324
vn 0.7383 0.5703 0.3601
vn 0.7952 0.5401 0.2755
vn 0.2772 0.1889 -0.9420
vn 0.2557 0.2371 -0.9372
vn 0.1964 0.1194 -0.9732
vn 0.7597 0.6296 0.1626
vn 0.7113 0.6798 0.1786
vn -0.6845 -0.5155 0.5155
vn -0.6889 -0.5122 0.5129
vn 0.1964 0.1194 0.9732
vn 0.1620 0.1417 0.9766
vn 0.2772 0.1889 0.9420
vn 0.7945 0.5551 -0.2461
vn 0.7952 0.5401 -0.2755
vn 0.7541 0.6128 -0.2362
vn 0.7383 0.5704 -0.3601
vn 0.3668 0.3644 0.8560
vn 0.3714 0.2855 0.8835
vn 0.7210 0.4968 -0.4830
vn 0.7180 0.5633 -0.4089
vn 0.7336 0.5178 -0.4401
vn 0.6669 0.5360 -0.5176
vn 0.6684 0.6044 -0.4336
vn 0.5703 0.3601 0.7383
vn 0.5633 0.4088 0.7180
vn 0.5178 0.4401 0.7336
vn 0.5496 0.3440 0.7613
vn 0.8000 0.4955 -0.3383
vn 0.8131 0.5067 -0.2866
vn 0.8559 0.3667 -0.3646
vn 0.8607 0.4416 -0.2533
vn 0.8835 0.3714 -0.2855
vn 0.8861 0.3762 -0.2706
vn 0.8321 0.3950 -0.3893
vn 0.4589 0.1813 0.8698
vn 0.4416 0.2533 0.8607
vn 0.3858 0.1365 0.9124
vn 0.3320 0.1935 0.9232
vn 0.3762 0.2706 0.8861
vn 0.8115 0.3819 -0.4423
vn 0.8000 0.3383 -0.4955
vn 0.7336 0.4401 -0.5178
vn 0.7397 0.4594 -0.4917
vn 0.4955 0.3383 0.8000
vn 0.5067 0.2866 0.8131
vn 0.5401 0.2755 0.7952
vn 0.6710 0.3028 -0.6768
vn 0.6488 0.3380 -0.6817
vn 0.6684 0.4336 -0.6044
vn 0.7180 0.4089 -0.5633
vn 0.7383 0.3601 -0.5703
vn 0.7383 0.3601 0.5703
vn 0.7180 0.4088 0.5634
vn 0.6684 0.4336 0.6044
vn 0.6890 0.3325 0.6439
vn 0.4955 0.3383 -0.8000
vn 0.5067 0.2866 -0.8131
vn 0.5401 0.2755 -0.7952
vn 0.7399 0.4594 0.4914
vn 0.7336 0.4401 0.5178
vn 0.8000 0.3383 0.4955
vn 0.8115 0.3819 0.4423
vn 0.3320 0.1935 -0.9232
vn 0.3762 0.2706 -0.8861
vn 0.4589 0.1813 -0.8698
vn 0.4416 0.2533 -0.8607
vn 0.3858 0.1365 -0.9124
vn 0.8000 0.4955 0.3383
vn 0.8131 0.5067 0.2866
vn 0.8321 0.3951 0.3893
vn 0.8835 0.3714 0.2855
vn 0.8559 0.3667 0.3646
vn 0.8861 0.3762 0.2706
vn 0.8607 0.4416 0.2533
vn 0.8344 0.5219 0.1774
vn 0.8698 0.4589 0.1813
vn 0.5219 0.1774 -0.8344
vn 0.5551 0.2461 -0.7945
vn 0.6296 0.1626 -0.7597
vn 0.6128 0.2362 -0.7541
vn 0.5585 0.1233 -0.8203
vn 0.8698 0.1813 0.4589
vn 0.8607 0.2533 0.4416
vn 0.7952 0.2755 0.5401
vn 0.8131 0.2866 0.5067
vn 0.8344 0.1774 0.5219
vn 0.7945 0.2461 0.5551
vn 0.9232 0.1935 0.3320
vn 0.8861 0.2706 0.3762
vn 0.9003 0.2927 0.3221
vn 0.8835 0.2855 0.3714
vn 0.9373 0.2370 0.2556
vn 0.9420 0.1889 0.2772
vn 0.7774 0.1610 -0.6080
vn 0.9232 0.3320 0.1935
vn 0.9732 0.1964 0.1194
vn 0.9420 0.2772 0.1889
vn 0.9420 0.1889 -0.2772
vn 0.9373 0.2370 -0.2556
vn 0.8861 0.2706 -0.3762
vn 0.9232 0.1935 -0.3320
vn 0.8835 0.2855 -0.3714
vn 0.9003 0.2927 -0.3221
vn 0.7952 0.2755 -0.5401
vn 0.8131 0.2866 -0.5067
vn 0.8698 0.1813 -0.4589
vn 0.8607 0.2533 -0.4416
vn 0.7945 0.2461 -0.5551
vn 0.8344 0.1774 -0.5219
vn 0.6296 0.1626 0.7597
vn 0.6128 0.2362 0.7541
vn 0.5219 0.1774 0.8344
vn 0.5585 0.1233 0.8203
vn 0.5551 0.2461 0.7945
vn 0.7073 0.1376 -0.6934
vn 0.6809 0.1802 -0.7099
vn 0.6839 0.2734 -0.6764
vn 0.6752 0.2477 -0.6948
vn 0.7597 0.1626 -0.6296
vn 0.7541 0.2362 -0.6128
vn 0.7597 0.1626 0.6296
vn 0.7541 0.2362 0.6128
vn 0.7123 0.1777 0.6790
vn 0.6955 0.2482 0.6743
vn 0.9420 -0.1889 -0.2772
vn 0.9373 -0.2370 -0.2556
vn 0.8835 -0.2855 -0.3714
vn 0.9003 -0.2927 -0.3221
vn 0.8861 -0.2706 -0.3762
vn 0.9232 -0.1935 -0.3320
vn 0.7945 -0.2461 -0.5551
vn 0.8344 -0.1774 -0.5219
vn 0.8607 -0.2533 -0.4416
vn 0.8698 -0.1813 -0.4589
vn 0.7952 -0.2755 -0.5401
vn 0.8131 -0.2866 -0.5067
vn 0.5585 -0.1233 0.8203
vn 0.5219 -0.1774 0.8344
vn 0.5551 -0.2461 0.7945
vn 0.6128 -0.2362 0.7541
vn 0.6296 -0.1626 0.7597
vn 0.6884 -0.2724 -0.6722
vn 0.6716 -0.2489 -0.6979
vn 0.7103 -0.1408 -0.6897
vn 0.6781 -0.1767 -0.7134
vn 0.7597 -0.1626 -0.6296
vn 0.7541 -0.2362 -0.6128
vn 0.7597 -0.1626 0.6296
vn 0.7541 -0.2362 0.6128
vn 0.6913 -0.2452 0.6797
vn 0.7023 -0.1869 0.6869
vn 0.6128 -0.2362 -0.7541
vn 0.6296 -0.1626 -0.7597
vn 0.5219 -0.1774 -0.8344
vn 0.5551 -0.2461 -0.7945
vn 0.5585 -0.1233 -0.8203
vn 0.8131 -0.2866 0.5067
vn 0.7952 -0.2755 0.5401
vn 0.8344 -0.1774 0.5219
vn 0.7945 -0.2461 0.5551
vn 0.8607 -0.2533 0.4416
vn 0.8698 -0.1813 0.4589
vn 0.9420 -0.1889 0.2772
vn 0.9373 -0.2371 0.2556
vn 0.8861 -0.2706 0.3762
vn 0.9232 -0.1935 0.3320
vn 0.8835 -0.2855 0.3714
vn 0.9003 -0.2927 0.3221
vn 0.9232 -0.3320 0.1935
vn 0.7676 -0.1588 -0.6209
vn 0.9732 -0.1964 0.1194
vn 0.9420 -0.2772 0.1889
vn 0.3858 -0.1365 -0.9124
vn 0.4416 -0.2533 -0.8607
vn 0.4589 -0.1813 -0.8698
vn 0.3320 -0.1935 -0.9232
vn 0.3762 -0.2706 -0.8861
vn 0.8607 -0.4416 0.2533
vn 0.8559 -0.3668 0.3645
vn 0.8835 -0.3714 0.2855
vn 0.8861 -0.3762 0.2706
vn 0.8321 -0.3950 0.3893
vn 0.8131 -0.5067 0.2866
vn 0.8000 -0.4955 0.3383
vn 0.8344 -0.5219 0.1774
vn 0.8698 -0.4589 0.1813
vn 0.8558 -0.3664 -0.3652
vn 0.8835 -0.3714 -0.2855
vn 0.8861 -0.3762 -0.2706
vn 0.8607 -0.4416 -0.2533
vn 0.8000 -0.4955 -0.3383
vn 0.8131 -0.5067 -0.2866
vn 0.8322 -0.3947 -0.3893
vn 0.4416 -0.2533 0.8607
vn 0.4589 -0.1813 0.8698
vn 0.3858 -0.1365 0.9124
vn 0.3320 -0.1935 0.9232
vn 0.3762 -0.2706 0.8861
vn 0.7336 -0.4401 -0.5178
vn 0.8000 -0.3383 -0.4955
vn 0.8114 -0.3823 -0.4422
vn 0.7395 -0.4594 -0.4921
vn 0.4955 -0.3383 0.8000
vn 0.5067 -0.2866 0.8131
vn 0.5401 -0.2755 0.7952
vn 0.5496 -0.3440 0.7613
vn 0.7383 -0.3601 -0.5703
vn 0.7180 -0.4088 -0.5634
vn 0.6684 -0.4336 -0.6044
vn 0.6836 -0.3155 -0.6582
vn 0.6409 -0.3316 -0.6923
vn 0.6684 -0.4336 0.6044
vn 0.6889 -0.3326 0.6440
vn 0.7180 -0.4088 0.5633
vn 0.7383 -0.3601 0.5703
vn 0.5496 -0.3440 -0.7613
vn 0.4955 -0.3383 -0.8000
vn 0.5067 -0.2866 -0.8131
vn 0.5401 -0.2755 -0.7952
vn 0.8115 -0.3820 0.4423
vn 0.7336 -0.4401 0.5178
vn 0.8000 -0.3383 0.4955
vn 0.7399 -0.4594 0.4913
vn 0.3148 -0.3180 0.8943
vn 0.3232 -0.2928 0.8999
vn 0.3714 -0.2855 0.8835
vn 0.3665 -0.3650 0.8558
vn 0.6662 -0.5165 -0.5379
vn 0.7213 -0.4968 -0.4827
vn 0.7180 -0.5633 -0.4089
vn 0.7336 -0.5178 -0.4401
vn 0.6684 -0.6044 -0.4336
vn 0.5633 -0.4088 0.7180
vn 0.5703 -0.3601 0.7383
vn 0.5178 -0.4401 0.7336
vn 0.5751 -0.5446 -0.6105
vn 0.6044 -0.4336 -0.6684
vn 0.5407 -0.5666 -0.6218
vn 0.5431 -0.5335 -0.6484
vn 0.6044 -0.4336 0.6684
vn 0.5357 -0.5178 0.6671
vn 0.5737 -0.5468 0.6099
vn 0.5447 -0.5613 0.6231
vn 0.5178 -0.4401 -0.7336
vn 0.5634 -0.4088 -0.7180
vn 0.5703 -0.3601 -0.7383
vn 0.7180 -0.5633 0.4089
vn 0.7336 -0.5178 0.4401
vn 0.7208 -0.4968 0.4834
vn 0.6684 -0.6044 0.4336
vn 0.6669 -0.5362 0.5175
vn 0.3714 -0.2855 -0.8835
vn 0.3665 -0.3650 -0.8558
vn 0.7541 -0.6128 0.2362
vn 0.7945 -0.5551 0.2461
vn 0.7952 -0.5401 0.2755
vn 0.7383 -0.5704 0.3601
vn 0.6886 -0.6724 0.2713
vn 0.6745 -0.6709 0.3082
vn 0.1581 -0.1581 -0.9747
vn 0.1964 -0.1194 -0.9732
vn 0.2772 -0.1889 -0.9420
vn 0.7108 -0.6802 0.1791
vn 0.7597 -0.6296 0.1626
vn 0.1964 -0.1194 0.9732
vn 0.1620 -0.1417 0.9766
vn 0.2370 -0.2409 0.9412
vn 0.2556 -0.2370 0.9373
vn 0.2772 -0.1889 0.9420
vn 0.6883 -0.6444 -0.3330
vn 0.7383 -0.5703 -0.3601
vn 0.7541 -0.6128 -0.2362
vn 0.7945 -0.5551 -0.2461
vn 0.7952 -0.5401 -0.2755
vn 0.6913 -0.6797 -0.2452
vn 0.6128 -0.7541 0.2362
vn 0.6705 -0.6985 0.2499
vn 0.6441 -0.6888 0.3327
vn 0.5704 -0.7383 0.3601
vn 0.5496 -0.7613 0.3440
vn 0.5401 -0.7952 0.2755
vn 0.5551 -0.7945 0.2461
vn 0.1417 -0.1620 -0.9766
vn 0.2378 -0.2560 -0.9370
vn 0.1889 -0.2772 -0.9420
vn 0.5585 -0.8203 0.1233
vn 0.6296 -0.7597 0.1626
vn 0.1889 -0.2772 0.9420
vn 0.5703 -0.7383 -0.3601
vn 0.5401 -0.7952 -0.2755
vn 0.5551 -0.7945 -0.2461
vn 0.6128 -0.7541 -0.2362
vn 0.5496 -0.7613 -0.3440
vn 0.2855 -0.3714 0.8835
vn 0.6044 -0.6684 -0.4336
vn 0.5633 -0.7180 -0.4088
vn 0.5439 -0.6498 -0.5310
vn 0.5165 -0.6662 -0.5379
vn 0.5178 -0.7336 -0.4401
vn 0.3596 -0.5173 0.7766
vn 0.3601 -0.5703 0.7383
vn 0.4088 -0.5634 0.7180
vn 0.4401 -0.5178 0.7336
vn 0.4356 -0.6466 -0.6263
vn 0.4199 -0.6357 -0.6477
vn 0.4336 -0.6044 -0.6684
vn 0.5178 -0.5351 -0.6675
vn 0.4358 -0.6263 0.6464
vn 0.4336 -0.6044 0.6684
vn 0.4088 -0.5633 -0.7180
vn 0.4401 -0.5178 -0.7336
vn 0.3596 -0.5173 -0.7766
vn 0.3601 -0.5703 -0.7383
vn 0.5172 -0.7338 0.4405
vn 0.6044 -0.6684 0.4336
vn 0.5633 -0.7180 0.4089
vn 0.5369 -0.6666 0.5171
vn 0.2855 -0.3714 -0.8835
vn 0.2925 -0.3209 -0.9008
vn 0.3383 -0.8000 -0.4955
vn 0.3596 -0.7766 -0.5173
vn 0.4401 -0.7336 -0.5178
vn 0.3383 -0.4955 0.8000
vn 0.2866 -0.5067 0.8131
vn 0.2755 -0.5401 0.7952
vn 0.3328 -0.6441 -0.6888
vn 0.4088 -0.7180 -0.5634
vn 0.4336 -0.6684 -0.6044
vn 0.3601 -0.7383 -0.5703
vn 0.4088 -0.7180 0.5634
vn 0.4336 -0.6684 0.6044
vn 0.4197 -0.6477 0.6359
vn 0.3601 -0.7383 0.5703
vn 0.3326 -0.6889 0.6440
vn 0.2755 -0.5401 -0.7952
vn 0.3383 -0.4955 -0.8000
vn 0.2866 -0.5067 -0.8131
vn 0.3596 -0.7766 0.5173
vn 0.4401 -0.7336 0.5178
vn 0.3383 -0.8000 0.4955
vn 0.2533 -0.4416 -0.8607
vn 0.2706 -0.3762 -0.8861
vn 0.1813 -0.4589 -0.8698
vn 0.1935 -0.3320 -0.9232
vn 0.4416 -0.8607 0.2533
vn 0.5067 -0.8131 0.2866
vn 0.3666 -0.8559 0.3648
vn 0.4955 -0.8000 0.3383
vn 0.3714 -0.8835 0.2855
vn 0.3762 -0.8861 0.2706
vn 0.5219 -0.8344 0.1774
vn 0.4589 -0.8698 0.1813
vn 0.3858 -0.9124 0.1365
vn 0.4955 -0.8000 -0.3383
vn 0.3714 -0.8835 -0.2855
vn 0.5067 -0.8131 -0.2866
vn 0.4416 -0.8607 -0.2533
vn 0.3762 -0.8861 -0.2706
vn 0.3748 -0.8680 -0.3257
vn 0.3656 -0.8557 -0.3662
vn 0.1935 -0.3320 0.9232
vn 0.1813 -0.4589 0.8698
vn 0.2533 -0.4416 0.8607
vn 0.2706 -0.3762 0.8861
vn 0.3459 -0.9150 0.2079
vn 0.3548 -0.9210 0.1611
vn 0.2575 -0.9559 0.1415
vn 0.2579 -0.9404 0.2216
vn 0.1964 -0.9732 0.1194
vn 0.2920 -0.9022 -0.3175
vn 0.2855 -0.8835 -0.3714
vn 0.2348 -0.9381 -0.2547
vn 0.2706 -0.8861 -0.3762
vn 0.1935 -0.9232 -0.3320
vn 0.1889 -0.9420 -0.2772
vn 0.2533 -0.8607 -0.4416
vn 0.2866 -0.8131 -0.5067
vn 0.2755 -0.7952 -0.5401
vn 0.2461 -0.7945 -0.5551
vn 0.1774 -0.8344 -0.5219
vn 0.1813 -0.8698 -0.4589
vn 0.1626 -0.6296 0.7597
vn 0.2362 -0.6128 0.7541
vn 0.2461 -0.5551 0.7945
vn 0.1774 -0.5219 0.8344
vn 0.1776 -0.6788 -0.7125
vn 0.2483 -0.6643 -0.7050
vn 0.2362 -0.7541 -0.6128
vn 0.1626 -0.7597 -0.6296
vn 0.1626 -0.7597 0.6296
vn 0.1780 -0.7119 0.6793
vn 0.2480 -0.6952 0.6747
vn 0.2362 -0.7541 0.6128
vn 0.1774 -0.5219 -0.8344
vn 0.2362 -0.6128 -0.7541
vn 0.2461 -0.5551 -0.7945
vn 0.1626 -0.6296 -0.7597
vn 0.1774 -0.8344 0.5219
vn 0.1813 -0.8698 0.4589
vn 0.2755 -0.7952 0.5401
vn 0.2866 -0.8131 0.5067
vn 0.2533 -0.8607 0.4416
vn 0.2461 -0.7945 0.5551
vn 0.1937 -0.9237 0.3305
vn 0.2511 -0.9009 0.3541
vn 0.2318 -0.9380 0.2577
vn 0.1899 -0.9417 0.2779
vn 0.2372 -0.9410 0.2414
vn 0.2927 -0.9004 0.3220
vn 0.2556 -0.9373 0.2368
vn 0.2855 -0.8835 0.3714
vn 0.2706 -0.8861 0.3762
vn 0.1620 -0.9766 0.1417
vn -0.1581 -0.9747 0.1581
vn -0.1964 -0.9732 0.1194
vn -0.1417 -0.9766 0.1620
vn -0.2362 -0.7541 0.6128
vn -0.2482 -0.6955 0.6743
vn -0.1626 -0.7597 0.6296
vn -0.1774 -0.7127 0.6787
vn -0.2461 -0.5551 -0.7945
vn -0.2362 -0.6128 -0.7541
vn -0.1626 -0.6296 -0.7597
vn -0.1774 -0.5219 -0.8344
vn -0.2866 -0.8131 0.5067
vn -0.2533 -0.8607 0.4416
vn -0.1813 -0.8698 0.4589
vn -0.1774 -0.8344 0.5219
vn -0.2755 -0.7952 0.5401
vn -0.2461 -0.7945 0.5551
vn -0.2928 -0.8998 0.3236
vn -0.2855 -0.8835 0.3714
vn -0.2374 -0.9371 0.2559
vn -0.2706 -0.8861 0.3762
vn -0.1889 -0.9420 0.2772
vn -0.1935 -0.9232 0.3320
vn -0.3858 -0.9124 0.1365
vn -0.3320 -0.9232 0.1935
vn -0.2772 -0.9420 0.1889
vn -0.2706 -0.8861 -0.3762
vn -0.2855 -0.8835 -0.3714
vn -0.1935 -0.9232 -0.3320
vn -0.1889 -0.9420 -0.2772
vn -0.3221 -0.9003 -0.2927
vn -0.3160 -0.8939 -0.3181
vn -0.2374 -0.9371 -0.2559
vn -0.1774 -0.8344 -0.5219
vn -0.1813 -0.8698 -0.4589
vn -0.2866 -0.8131 -0.5067
vn -0.2533 -0.8607 -0.4416
vn -0.2755 -0.7952 -0.5401
vn -0.2461 -0.7945 -0.5551
vn -0.2461 -0.5551 0.7945
vn -0.2362 -0.6128 0.7541
vn -0.1774 -0.5219 0.8344
vn -0.1626 -0.6296 0.7597
vn -0.2480 -0.6747 -0.6952
vn -0.1779 -0.6791 -0.7121
vn -0.1626 -0.7597 -0.6296
vn -0.2362 -0.7541 -0.6128
vn -0.4090 -0.8636 -0.2949
vn -0.3754 -0.8678 -0.3255
vn -0.3652 -0.8558 -0.3664
vn -0.4955 -0.8000 -0.3383
vn -0.4416 -0.8607 -0.2533
vn -0.5067 -0.8131 -0.2866
vn -0.3714 -0.8835 -0.2855
vn -0.3762 -0.8861 -0.2706
vn -0.2706 -0.3762 0.8861
vn -0.2533 -0.4416 0.8607
vn -0.1813 -0.4589 0.8698
vn -0.1935 -0.3320 0.9232
vn -0.4401 -0.7336 -0.5178
vn -0.3596 -0.7766 -0.5173
vn -0.3383 -0.8000 -0.4955
vn -0.3596 -0.5173 0.7766
vn -0.2755 -0.5401 0.7952
vn -0.3383 -0.4955 0.8000
vn -0.2866 -0.5067 0.8131
vn -0.3326 -0.6440 -0.6889
vn -0.3601 -0.7383 -0.5703
vn -0.4336 -0.6684 -0.6044
vn -0.4359 -0.6464 -0.6263
vn -0.4088 -0.7180 -0.5633
vn -0.4196 -0.6359 -0.6477
vn -0.4336 -0.6684 0.6044
vn -0.3326 -0.6889 0.6440
vn -0.3601 -0.7383 0.5704
vn -0.4089 -0.7180 0.5633
vn -0.4198 -0.6477 0.6358
vn -0.2755 -0.5401 -0.7952
vn -0.2866 -0.5067 -0.8131
vn -0.3596 -0.5173 -0.7766
vn -0.3383 -0.4955 -0.8000
vn -0.4401 -0.7336 0.5178
vn -0.3596 -0.7766 0.5173
vn -0.3383 -0.8000 0.4955
vn -0.1813 -0.4589 -0.8698
vn -0.1935 -0.3320 -0.9232
vn -0.2533 -0.4416 -0.8607
vn -0.2706 -0.3762 -0.8861
vn -0.4416 -0.8607 0.2533
vn -0.5067 -0.8131 0.2866
vn -0.3714 -0.8835 0.2855
vn -0.3762 -0.8861 0.2706
vn -0.4955 -0.8000 0.3383
vn -0.3761 -0.8677 0.3251
vn -0.3644 -0.8560 0.3668
vn -0.4589 -0.8698 0.1813
vn -0.5585 -0.8203 0.1233
vn -0.5219 -0.8344 0.1774
vn -0.3601 -0.5703 -0.7383
vn -0.4088 -0.5633 -0.7180
vn -0.4401 -0.5178 -0.7336
vn -0.5178 -0.7336 0.4401
vn -0.5433 -0.6493 0.5322
vn -0.5171 -0.6668 0.5366
vn -0.6044 -0.6684 0.4336
vn -0.5634 -0.7180 0.4088
vn -0.2855 -0.3714 -0.8835
vn -0.2927 -0.3221 -0.9003
vn -0.6848 -0.6757 0.2729
vn -0.5703 -0.7383 0.3601
vn -0.6439 -0.6891 0.3325
vn -0.6746 -0.6707 0.3084
vn -0.6743 -0.6955 0.2482
vn -0.6128 -0.7541 0.2362
vn -0.5401 -0.7952 0.2755
vn -0.5551 -0.7945 0.2461
vn -0.5496 -0.7613 0.3440
vn -0.2394 -0.2458 -0.9393
vn -0.1889 -0.2772 -0.9420
vn -0.6785 -0.7129 0.1772
vn -0.7098 -0.6902 0.1405
vn -0.6296 -0.7597 0.1626
vn -0.1889 -0.2772 0.9420
vn -0.2369 -0.2409 0.9412
vn -0.1581 -0.1581 0.9747
vn -0.1417 -0.1620 0.9766
vn -0.5551 -0.7945 -0.2461
vn -0.5401 -0.7952 -0.2755
vn -0.6128 -0.7541 -0.2362
vn -0.5496 -0.7613 -0.3440
vn -0.5704 -0.7383 -0.3601
vn -0.3646 -0.3667 0.8559
vn -0.3758 -0.3252 0.8677
vn -0.3159 -0.3181 0.8939
vn -0.2855 -0.3714 0.8835
vn -0.5181 -0.6673 -0.5351
vn -0.5273 -0.6595 -0.5358
vn -0.5797 -0.6579 -0.4808
vn -0.5429 -0.6491 -0.5328
vn -0.5178 -0.7336 -0.4401
vn -0.6044 -0.6684 -0.4336
vn -0.5633 -0.7180 -0.4089
vn -0.3601 -0.5704 0.7383
vn -0.4089 -0.5633 0.7180
vn -0.4401 -0.5178 0.7336
vn -0.4915 -0.6158 -0.6158
vn -0.4336 -0.6044 -0.6684
vn -0.5647 -0.6068 -0.5594
vn -0.5431 -0.6223 -0.5637
vn -0.5175 -0.5362 0.6669
vn -0.4357 -0.6263 0.6465
vn -0.4336 -0.6044 0.6684
vn -0.5431 -0.5637 0.6223
vn -0.5430 -0.5328 0.6491
vn -0.1964 -0.1194 0.9732
vn -0.2556 -0.2370 0.9373
vn -0.2772 -0.1889 0.9420
vn -0.6890 -0.6439 -0.3325
vn -0.6953 -0.6745 -0.2480
vn -0.7541 -0.6128 -0.2362
vn -0.7945 -0.5551 -0.2461
vn -0.7952 -0.5401 -0.2755
vn -0.7383 -0.5703 -0.3601
vn -0.3714 -0.2855 0.8835
vn -0.3221 -0.2927 0.9003
vn -0.7336 -0.5178 -0.4401
vn -0.7180 -0.5633 -0.4089
vn -0.7209 -0.4833 -0.4968
vn -0.7398 -0.4915 -0.4594
vn -0.6684 -0.6044 -0.4336
vn -0.6669 -0.5176 -0.5360
vn -0.5633 -0.4088 0.7180
vn -0.5703 -0.3601 0.7383
vn -0.5178 -0.4401 0.7336
vn -0.5496 -0.3440 0.7613
vn -0.5360 -0.5176 -0.6669
vn -0.5797 -0.4808 -0.6579
vn -0.6044 -0.4336 -0.6684
vn -0.5672 -0.5550 0.6084
vn -0.6044 -0.4336 0.6684
vn -0.5633 -0.4088 -0.7180
vn -0.5703 -0.3601 -0.7383
vn -0.5178 -0.4401 -0.7336
vn -0.5496 -0.3440 -0.7613
vn -0.6684 -0.6044 0.4336
vn -0.6670 -0.5359 0.5176
vn -0.7180 -0.5633 0.4088
vn -0.7336 -0.5178 0.4401
vn -0.7209 -0.4968 0.4832
vn -0.3714 -0.2855 -0.8835
vn -0.3733 -0.3519 -0.8584
vn -0.7945 -0.5551 0.2461
vn -0.7541 -0.6128 0.2362
vn -0.7383 -0.5703 0.3601
vn -0.7952 -0.5401 0.2755
vn -0.2772 -0.1889 -0.9420
vn -0.2547 -0.2348 -0.9381
vn -0.1964 -0.1194 -0.9732
vn -0.7597 -0.6296 0.1626
vn -0.8000 -0.3383 0.4955
vn -0.8115 -0.3820 0.4423
vn -0.7398 -0.4594 0.4915
vn -0.7336 -0.4401 0.5178
vn -0.3320 -0.1935 -0.9232
vn -0.3762 -0.2706 -0.8861
vn -0.4416 -0.2533 -0.8607
vn -0.4589 -0.1813 -0.8698
vn -0.3858 -0.1365 -0.9124
vn -0.8131 -0.5067 0.2866
vn -0.8000 -0.4955 0.3383
vn -0.8321 -0.3950 0.3893
vn -0.8607 -0.4416 0.2533
vn -0.8559 -0.3667 0.3646
vn -0.8835 -0.3714 0.2855
vn -0.8861 -0.3762 0.2706
vn -0.8344 -0.5219 0.1774
vn -0.8698 -0.4589 0.1813
vn -0.8000 -0.4955 -0.3383
vn -0.8131 -0.5067 -0.2866
vn -0.8607 -0.4416 -0.2533
vn -0.8861 -0.3762 -0.2706
vn -0.8835 -0.3714 -0.2855
vn -0.8115 -0.4423 -0.3820
vn -0.8321 -0.3893 -0.3950
vn -0.8559 -0.3646 -0.3667
vn -0.4589 -0.1813 0.8698
vn -0.4416 -0.2533 0.8607
vn -0.3858 -0.1365 0.9124
vn -0.3762 -0.2706 0.8861
vn -0.3320 -0.1935 0.9232
vn -0.7336 -0.4401 -0.5178
vn -0.8000 -0.3383 -0.4955
vn -0.5401 -0.2755 0.7952
vn -0.5067 -0.2866 0.8131
vn -0.4955 -0.3383 0.8000
vn -0.6745 -0.3082 -0.6708
vn -0.6440 -0.3326 -0.6889
vn -0.6684 -0.4336 -0.6044
vn -0.7383 -0.3601 -0.5703
vn -0.7180 -0.4089 -0.5633
vn -0.7383 -0.3601 0.5703
vn -0.7180 -0.4089 0.5633
vn -0.6684 -0.4336 0.6044
vn -0.6730 -0.3065 0.6731
vn -0.6457 -0.3343 0.6865
vn -0.4955 -0.3383 -0.8000
vn -0.5401 -0.2755 -0.7952
vn -0.5067 -0.2866 -0.8131
vn -0.9420 -0.1889 -0.2772
vn -0.8861 -0.2706 -0.3762
vn -0.9232 -0.1935 -0.3320
vn -0.8835 -0.2855 -0.3714
vn -0.9003 -0.3221 -0.2927
vn -0.9373 -0.2556 -0.2370
vn -0.7945 -0.2461 -0.5551
vn -0.8344 -0.1774 -0.5219
vn -0.7952 -0.2755 -0.5401
vn -0.8131 -0.2866 -0.5067
vn -0.8698 -0.1813 -0.4589
vn -0.8607 -0.2533 -0.4416
vn -0.6296 -0.1626 0.7597
vn -0.6128 -0.2362 0.7541
vn -0.5219 -0.1774 0.8344
vn -0.5585 -0.1233 0.8203
vn -0.5551 -0.2461 0.7945
vn -0.6848 -0.2730 -0.6757
vn -0.6743 -0.2482 -0.6955
vn -0.7091 -0.1396 -0.6912
vn -0.6793 -0.1781 -0.7119
vn -0.7597 -0.1626 -0.6296
vn -0.7541 -0.2362 -0.6128
vn -0.6846 -0.2731 0.6758
vn -0.6745 -0.2481 0.6953
vn -0.7095 -0.1401 0.6906
vn -0.6788 -0.1776 0.7125
vn -0.7541 -0.2362 0.6128
vn -0.7597 -0.1626 0.6296
vn -0.6128 -0.2362 -0.7541
vn -0.6296 -0.1626 -0.7597
vn -0.5585 -0.1233 -0.8203
vn -0.5219 -0.1774 -0.8344
vn -0.5551 -0.2461 -0.7945
vn -0.8607 -0.2533 0.4416
vn -0.8698 -0.1813 0.4589
vn -0.8131 -0.2866 0.5067
vn -0.7952 -0.2755 0.5401
vn -0.8344 -0.1774 0.5219
vn -0.7945 -0.2461 0.5551
vn -0.9003 -0.2927 0.3221
vn -0.8835 -0.2855 0.3714
vn -0.9232 -0.1935 0.3320
vn -0.8861 -0.2706 0.3762
vn -0.9373 -0.2370 0.2556
vn -0.9420 -0.1889 0.2772
vn -0.9232 -0.3320 0.1935
vn -0.9420 -0.2772 0.1889
vn -0.6845 0.5155 -0.5155
vn -0.9904 -0.0975 0.0976
vn -0.9766 -0.1620 0.1417
vn -0.7693 0.6344 0.0758
vn -0.6845 -0.5155 -0.5155
vn -0.9766 0.1620 0.1417
vn -0.9904 0.0976 0.0976
vn -0.7693 -0.6344 0.0758
vn -0.9420 0.2772 0.1889
vn -0.9232 0.3320 0.1935
vn -0.8861 0.2706 -0.3762
vn -0.9232 0.1935 -0.3320
vn -0.9420 0.1889 -0.2772
vn -0.9373 0.2556 -0.2370
vn -0.8835 0.2855 -0.3714
vn -0.9003 0.3221 -0.2927
vn -0.8698 0.1813 -0.4589
vn -0.8607 0.2533 -0.4416
vn -0.7952 0.2755 -0.5401
vn -0.8131 0.2866 -0.5067
vn -0.8344 0.1774 -0.5219
vn -0.7945 0.2461 -0.5551
vn -0.5585 0.1233 0.8203
vn -0.5219 0.1774 0.8344
vn -0.5551 0.2461 0.7945
vn -0.6296 0.1626 0.7597
vn -0.6128 0.2362 0.7541
vn -0.6903 0.1621 -0.7051
vn -0.6771 0.2580 -0.6892
vn -0.6802 0.2437 -0.6913
vn -0.6763 0.1780 -0.7148
vn -0.7541 0.2362 -0.6128
vn -0.7597 0.1626 -0.6296
vn -0.7092 0.1397 -0.6910
vn -0.6851 0.2728 -0.6754
vn -0.7541 0.2362 0.6128
vn -0.7597 0.1626 0.6296
vn -0.7095 0.1401 0.6906
vn -0.6788 0.1776 0.7125
vn -0.6850 0.2729 0.6755
vn -0.6741 0.2483 0.6957
vn -0.6296 0.1626 -0.7597
vn -0.6128 0.2362 -0.7541
vn -0.5219 0.1774 -0.8344
vn -0.5585 0.1233 -0.8203
vn -0.5551 0.2461 -0.7945
vn -0.8607 0.2533 0.4416
vn -0.8698 0.1813 0.4589
vn -0.7945 0.2461 0.5551
vn -0.8344 0.1774 0.5219
vn -0.7952 0.2755 0.5401
vn -0.8131 0.2866 0.5067
vn -0.9420 0.1889 0.2772
vn -0.9373 0.2370 0.2556
vn -0.8861 0.2706 0.3762
vn -0.9232 0.1935 0.3320
vn -0.8835 0.2855 0.3714
vn -0.9003 0.2927 0.3221
vn -0.5496 0.3440 0.7613
vn -0.5401 0.2755 0.7952
vn -0.4955 0.3383 0.8000
vn -0.5067 0.2866 0.8131
vn -0.7124 0.3274 -0.6207
vn -0.7383 0.3601 -0.5703
vn -0.6684 0.4336 -0.6044
vn -0.7180 0.4088 -0.5633
vn -0.6746 0.3083 -0.6707
vn -0.6439 0.3325 -0.6891
vn -0.7383 0.3601 0.5703
vn -0.7180 0.4088 0.5633
vn -0.6684 0.4336 0.6044
vn -0.6752 0.3090 0.6698
vn -0.6434 0.3320 0.6898
vn -0.5401 0.2755 -0.7952
vn -0.5067 0.2866 -0.8131
vn -0.5496 0.3440 -0.7613
vn -0.4955 0.3383 -0.8000
vn -0.8000 0.3383 0.4955
vn -0.7336 0.4401 0.5178
vn -0.7401 0.4594 0.4911
vn -0.8116 0.3817 0.4424
vn -0.3858 0.1365 -0.9124
vn -0.4589 0.1813 -0.8698
vn -0.4416 0.2533 -0.8607
vn -0.3320 0.1935 -0.9232
vn -0.3762 0.2706 -0.8861
vn -0.8835 0.3714 0.2855
vn -0.8562 0.3633 0.3674
vn -0.8320 0.3953 0.3893
vn -0.8000 0.4955 0.3383
vn -0.8131 0.5067 0.2866
vn -0.8861 0.3762 0.2706
vn -0.8607 0.4416 0.2533
vn -0.8698 0.4589 0.1813
vn -0.8344 0.5219 0.1774
vn 0.7703 0.1595 0.6174
vn 0.7677 0.0828 0.6354
vn -0.8607 0.4416 -0.2533
vn -0.8835 0.3714 -0.2855
vn -0.8861 0.3762 -0.2706
vn -0.8000 0.4955 -0.3383
vn -0.8131 0.5067 -0.2866
vn -0.8115 0.4423 -0.3820
vn -0.8559 0.3645 -0.3667
vn -0.8321 0.3893 -0.3950
vn -0.3320 0.1935 0.9232
vn -0.3762 0.2706 0.8861
vn -0.4589 0.1813 0.8698
vn -0.4416 0.2533 0.8607
vn -0.3858 0.1365 0.9124
vn -0.8000 0.3383 -0.4955
vn -0.7336 0.4401 -0.5178
vn -0.7208 0.4834 -0.4968
vn -0.7399 0.4914 -0.4594
vn -0.7597 0.6296 0.1626
vn -0.7121 0.6792 0.1779
vn -0.2368 0.2405 0.9413
vn -0.1964 0.1194 0.9732
vn -0.1581 0.1581 0.9747
vn -0.2772 0.1889 0.9420
vn -0.2558 0.2374 0.9371
vn -0.7383 0.5703 -0.3601
vn -0.7541 0.6128 -0.2362
vn -0.7952 0.5401 -0.2755
vn -0.7945 0.5551 -0.2461
vn -0.6961 0.6736 -0.2485
vn -0.6888 0.6441 -0.3327
vn -0.3666 0.3649 0.8559
vn -0.3159 0.3181 0.8939
vn -0.3714 0.2855 0.8835
vn -0.3221 0.2927 0.9003
vn -0.6669 0.5175 -0.5362
vn -0.7336 0.5178 -0.4401
vn -0.7180 0.5633 -0.4089
vn -0.6684 0.6044 -0.4336
vn -0.5703 0.3601 0.7383
vn -0.5633 0.4089 0.7180
vn -0.5178 0.4401 0.7336
vn -0.5401 0.5154 -0.6653
vn -0.5797 0.4808 -0.6579
vn -0.6044 0.4336 -0.6684
vn -0.5701 0.5786 -0.5833
vn -0.6085 0.5629 -0.5594
vn -0.6044 0.4336 0.6684
vn -0.5439 0.5310 0.6498
vn -0.5429 0.5639 0.6223
vn -0.5688 0.5534 0.6085
vn -0.5703 0.3601 -0.7383
vn -0.5633 0.4088 -0.7180
vn -0.5178 0.4401 -0.7336
vn -0.7206 0.4967 0.4837
vn -0.7180 0.5634 0.4088
vn -0.7336 0.5178 0.4401
vn -0.6662 0.5165 0.5379
vn -0.6684 0.6044 0.4336
vn -0.3714 0.2855 -0.8835
vn -0.3666 0.3649 -0.8559
vn -0.7383 0.5703 0.3601
vn -0.7952 0.5401 0.2755
vn -0.6710 0.6768 0.3028
vn -0.6953 0.6745 0.2480
vn -0.7945 0.5551 0.2461
vn -0.7541 0.6128 0.2362
vn -0.2772 0.1889 -0.9420
vn -0.2558 0.2373 -0.9372
vn -0.2368 0.2406 -0.9413
vn -0.1964 0.1194 -0.9732
vn -0.1581 0.1581 -0.9747
vn -0.4196 0.6359 -0.6477
vn -0.4359 0.6464 -0.6263
vn -0.4336 0.6044 -0.6684
vn -0.5431 0.6223 -0.5637
vn -0.4336 0.6044 0.6684
vn -0.5165 0.5379 0.6662
vn -0.4198 0.6358 0.6477
vn -0.4357 0.6465 0.6263
vn -0.4401 0.5178 -0.7336
vn -0.4088 0.5634 -0.7180
vn -0.3601 0.5703 -0.7383
vn -0.3596 0.5173 -0.7766
vn -0.6044 0.6684 0.4336
vn -0.5633 0.7180 0.4088
vn -0.5418 0.6482 0.5351
vn -0.5187 0.6677 0.5339
vn -0.5178 0.7336 0.4401
vn -0.2927 0.3221 -0.9003
vn -0.2855 0.3714 -0.8835
vn -0.6128 0.7541 0.2362
vn -0.6488 0.6817 0.3380
vn -0.5703 0.7383 0.3601
vn -0.5496 0.7613 0.3440
vn -0.5401 0.7952 0.2755
vn -0.5551 0.7945 0.2461
vn -0.1417 0.1620 -0.9766
vn -0.1889 0.2772 -0.9420
vn -0.5585 0.8203 0.1233
vn -0.6296 0.7597 0.1626
vn 0.6845 -0.5155 0.5155
vn 0.6889 -0.5129 0.5122
vn -0.1889 0.2772 0.9420
vn -0.1417 0.1620 0.9766
vn -0.5703 0.7383 -0.3601
vn -0.6128 0.7541 -0.2362
vn -0.5551 0.7945 -0.2461
vn -0.5401 0.7952 -0.2755
vn -0.5496 0.7613 -0.3440
vn -0.2855 0.3714 0.8835
vn -0.5176 0.6669 -0.5360
vn -0.5273 0.6595 -0.5358
vn -0.5797 0.6579 -0.4808
vn -0.5444 0.6482 -0.5324
vn -0.5178 0.7336 -0.4401
vn -0.6044 0.6684 -0.4336
vn -0.5633 0.7180 -0.4088
vn -0.4401 0.5178 0.7336
vn -0.4089 0.5633 0.7180
vn -0.3596 0.5173 0.7766
vn -0.3601 0.5703 0.7383
vn -0.3647 0.8559 -0.3667
vn -0.4090 0.8636 -0.2949
vn -0.3758 0.8677 -0.3253
vn -0.4955 0.8000 -0.3383
vn -0.5067 0.8131 -0.2866
vn -0.4416 0.8607 -0.2533
vn -0.3714 0.8835 -0.2855
vn -0.3762 0.8861 -0.2706
vn -0.1935 0.3320 0.9232
vn -0.2706 0.3762 0.8861
vn -0.2533 0.4416 0.8607
vn -0.1813 0.4589 0.8698
vn -0.3383 0.8000 -0.4955
vn -0.3596 0.7766 -0.5173
vn -0.4099 0.7751 -0.4808
vn -0.4403 0.7337 -0.5176
vn -0.3383 0.4955 0.8000
vn -0.2866 0.5067 0.8131
vn -0.2755 0.5401 0.7952
vn -0.3326 0.6440 -0.6890
vn -0.4336 0.6684 -0.6044
vn -0.4088 0.7180 -0.5633
vn -0.3601 0.7383 -0.5703
vn -0.3601 0.7383 0.5703
vn -0.3343 0.6457 0.6865
vn -0.4336 0.6684 0.6044
vn -0.4088 0.7180 0.5633
vn -0.3383 0.4955 -0.8000
vn -0.2866 0.5067 -0.8131
vn -0.2755 0.5401 -0.7952
vn -0.4401 0.7336 0.5178
vn -0.3596 0.7766 0.5173
vn -0.3383 0.8000 0.4955
vn -0.1935 0.3320 -0.9232
vn -0.2533 0.4416 -0.8607
vn -0.2706 0.3762 -0.8861
vn -0.1813 0.4589 -0.8698
vn -0.3762 0.8861 0.2706
vn -0.3648 0.8558 0.3667
vn -0.3754 0.8678 0.3254
vn -0.3714 0.8835 0.2855
vn -0.5067 0.8131 0.2866
vn -0.4416 0.8607 0.2533
vn -0.4955 0.8000 0.3383
vn -0.3858 0.9124 0.1365
vn -0.4589 0.8698 0.1813
vn -0.5219 0.8344 0.1774
vn -0.1626 0.7597 0.6296
vn -0.2488 0.6730 0.6966
vn -0.2362 0.7541 0.6128
vn -0.1781 0.6793 0.7119
vn -0.1774 0.5219 -0.8344
vn -0.2362 0.6128 -0.7541
vn -0.2461 0.5551 -0.7945
vn -0.1626 0.6296 -0.7597
vn -0.2866 0.8131 0.5067
vn -0.2755 0.7952 0.5401
vn -0.2533 0.8607 0.4416
vn -0.2461 0.7945 0.5551
vn -0.1813 0.8698 0.4589
vn -0.1774 0.8344 0.5219
vn -0.2925 0.9008 0.3209
vn -0.2855 0.8835 0.3714
vn -0.2374 0.9371 0.2559
vn -0.2706 0.8861 0.3762
vn -0.1889 0.9420 0.2772
vn -0.1935 0.9232 0.3320
vn -0.1964 0.9732 0.1194
vn -0.2772 0.9420 0.1889
vn -0.3320 0.9232 0.1935
vn 0.6845 0.5155 0.5155
vn 0.6889 0.5129 0.5122
vn 0.7476 -0.0813 0.6592
vn -0.1935 0.9232 -0.3320
vn -0.1889 0.9420 -0.2772
vn -0.2855 0.8835 -0.3714
vn -0.2706 0.8861 -0.3762
vn -0.2556 0.9373 -0.2370
vn -0.3221 0.9003 -0.2927
vn -0.3160 0.8939 -0.3181
vn -0.2369 0.9412 -0.2408
vn -0.2755 0.7952 -0.5401
vn -0.2866 0.8131 -0.5067
vn -0.2533 0.8607 -0.4416
vn -0.2461 0.7945 -0.5551
vn -0.1774 0.8344 -0.5219
vn -0.1813 0.8698 -0.4589
vn -0.1626 0.6296 0.7597
vn -0.2362 0.6128 0.7541
vn -0.2461 0.5551 0.7945
vn -0.1774 0.5219 0.8344
vn -0.2482 0.6742 -0.6956
vn -0.2362 0.7541 -0.6128
vn -0.1778 0.6791 -0.7122
vn -0.1626 0.7597 -0.6296
vn -0.7993 -0.0062 -0.6009
vn -0.7533 0.0666 -0.6543
vn -0.6889 0.5122 -0.5129
vn -0.1581 0.9747 0.1581
vn -0.1417 0.9766 0.1620
vn 0.7850 -0.1624 0.5979
vn -0.6889 -0.5122 -0.5129
vn 0.7626 0.0825 -0.6416
vn 0.6845 -0.5155 -0.5155
vn 0.6889 -0.5129 -0.5122
vn 0.6845 0.5155 -0.5155
vn 0.7677 -0.0827 -0.6354
vn 0.6889 0.5129 -0.5122
vn -0.1964 0.9732 -0.1194
vn -0.1194 0.9732 -0.1964
vn -0.1581 0.9747 -0.1581
vn -0.3320 0.9232 -0.1935
vn -0.2772 0.9420 -0.1889
vn -0.3858 0.9124 -0.1365
vn -0.5585 0.8203 -0.1233
vn -0.5219 0.8344 -0.1774
vn -0.4589 0.8698 -0.1813
vn -0.6296 0.7597 -0.1626
vn -0.7123 0.6790 -0.1777
vn -0.7597 0.6296 -0.1626
vn -0.8698 0.4589 -0.1813
vn -0.8344 0.5219 -0.1774
vn -0.9420 0.2772 -0.1889
vn -0.9232 0.3320 -0.1935
vn -0.7667 -0.6367 -0.0828
vn -0.7747 -0.6117 -0.1604
vn -0.9732 0.1194 -0.1964
vn -0.7649 0.6389 -0.0826
vn -0.7761 0.6097 -0.1607
vn -0.9732 -0.1194 -0.1964
vn -0.9420 -0.2772 -0.1889
vn -0.9232 -0.3320 -0.1935
vn -0.8698 -0.4589 -0.1813
vn -0.8344 -0.5219 -0.1774
vn -0.7094 -0.6813 -0.1804
vn -0.7597 -0.6296 -0.1626
vn -0.5585 -0.8203 -0.1233
vn -0.6296 -0.7597 -0.1626
vn -0.5219 -0.8344 -0.1774
vn -0.4589 -0.8698 -0.1813
vn -0.3858 -0.9124 -0.1365
vn -0.3282 -0.9243 -0.1948
vn -0.2780 -0.9416 -0.1900
vn -0.1964 -0.9732 -0.1194
vn -0.1417 -0.9766 -0.1620
vn -0.1581 -0.9747 -0.1581
vn 0.1964 -0.9732 -0.1194
vn 0.1581 -0.9747 -0.1581
vn 0.1417 -0.9766 -0.1620
vn 0.2772 -0.9420 -0.1889
vn 0.3320 -0.9232 -0.1935
vn 0.3858 -0.9124 -0.1365
vn 0.4589 -0.8698 -0.1813
vn 0.5219 -0.8344 -0.1774
vn 0.5585 -0.8203 -0.1233
vn 0.6296 -0.7597 -0.1626
vn 0.7597 -0.6296 -0.1626
vn 0.7112 -0.6799 -0.1788
vn 0.8698 -0.4589 -0.1813
vn 0.8344 -0.5219 -0.1774
vn 0.9420 -0.2772 -0.1889
vn 0.9732 -0.1964 -0.1194
vn 0.9232 -0.3320 -0.1935
vn 0.9232 0.3320 -0.1935
vn 0.9732 0.1964 -0.1194
vn 0.9420 0.2772 -0.1889
vn 0.8344 0.5219 -0.1774
vn 0.8698 0.4589 -0.1813
vn 0.7597 0.6296 -0.1626
vn 0.7086 0.6918 -0.1389
vn 0.5585 0.8203 -0.1233
vn 0.6296 0.7597 -0.1626
vn 0.6798 0.7113 -0.1787
vn 0.3858 0.9124 -0.1365
vn 0.5219 0.8344 -0.1774
vn 0.4589 0.8698 -0.1813
vn 0.1964 0.9732 -0.1194
vn 0.3320 0.9232 -0.1935
vn 0.2772 0.9420 -0.1889
vn 0.1417 0.9766 -0.1620
vn 0.1194 0.9732 -0.1964
vn 0.7849 -0.6195 -0.0056
vn 0.7849 0.6195 -0.0056
vn 0.7686 0.6360 0.0686
vn 0.7685 -0.6361 0.0686
vn 0.1581 0.9747 -0.1581
vn 0.1365 0.9124 -0.3858
vn 0.2458 0.9393 -0.2394
vn 0.3183 0.8936 -0.3165
vn 0.7766 0.5173 -0.3596
vn -0.6359 0.6477 -0.4196
vn 0.6359 0.6477 -0.4196
vn -0.7766 0.5173 -0.3596
vn 0.5173 0.7766 -0.3596
vn 0.1233 0.8203 -0.5585
vn 0.5155 0.5155 0.6845
vn 0.5129 0.5122 0.6889
vn -0.0975 -0.0975 0.9904
vn -0.5173 0.7766 -0.3596
vn 0.1403 0.6905 -0.7096
vn 0.9412 0.2408 -0.2369
vn 0.9747 0.1581 -0.1581
vn -0.3440 0.7613 -0.5496
vn 0.8677 0.3252 -0.3758
vn 0.8939 0.3181 -0.3159
vn -0.6464 0.6263 -0.4358
vn 0.6490 0.5330 -0.5429
vn 0.6224 0.5636 -0.5432
vn 0.6464 0.6263 -0.4358
vn 0.3086 0.6704 -0.6748
vn 0.2726 0.6751 -0.6855
vn 0.3440 0.7613 -0.5496
vn 0.5903 0.5716 -0.5699
vn -0.7613 0.3440 -0.5496
vn 0.4830 0.4968 -0.7210
vn 0.5155 -0.5155 0.6845
vn 0.2083 -0.2083 0.9556
vn 0.9732 0.1194 -0.1964
vn -0.4905 0.4967 -0.7160
vn 0.7613 0.3440 -0.5496
vn -0.3890 0.3970 -0.8313
vn 0.9124 0.1365 -0.3858
vn -0.4427 0.3805 -0.8119
vn -0.4843 0.4594 -0.7446
vn 0.4423 0.3822 -0.8114
vn 0.4917 0.4594 -0.7397
vn -0.9124 0.1365 -0.3858
vn 0.3893 0.3948 -0.8322
vn -0.8203 0.1233 -0.5585
vn 0.0980 0.1942 -0.9761
vn 0.8203 0.1233 -0.5585
vn -0.6333 0.1615 -0.7569
vn -0.6203 0.2571 -0.7410
vn 0.0975 0.0975 -0.9904
vn -0.6344 0.0758 -0.7693
vn 0.0975 -0.0975 -0.9904
vn -0.5155 0.5155 -0.6845
vn 0.8203 -0.1233 -0.5585
vn -0.8203 -0.1233 -0.5585
vn -0.9124 -0.1365 -0.3858
vn 0.3817 -0.4424 -0.8116
vn 0.3953 -0.3893 -0.8320
vn -0.3818 -0.4423 -0.8115
vn -0.3951 -0.3893 -0.8321
vn 0.9124 -0.1365 -0.3858
vn -0.4594 -0.4911 -0.7401
vn -0.4968 -0.4837 -0.7206
vn 0.7613 -0.3440 -0.5496
vn -0.7613 -0.3440 -0.5496
vn 0.4864 -0.4593 -0.7432
vn 0.8679 -0.3255 -0.3752
vn 0.8939 -0.3181 -0.3160
vn 0.5888 -0.5775 -0.5656
vn 0.4883 -0.4967 -0.7175
vn 0.9732 -0.1194 -0.1964
vn 0.9412 -0.2408 -0.2369
vn 0.9747 -0.1581 -0.1581
vn 0.3440 -0.7613 -0.5496
vn 0.1233 -0.8203 -0.5585
vn -0.3440 -0.7613 -0.5496
vn 0.7766 -0.5173 -0.3596
vn -0.6263 -0.6463 -0.4359
vn -0.6477 -0.6360 -0.4195
vn -0.6158 -0.6158 -0.4915
vn 0.5642 -0.6222 -0.5427
vn 0.6261 -0.6406 -0.4446
vn 0.6480 -0.6411 -0.4111
vn -0.7766 -0.5173 -0.3596
vn -0.5173 -0.7766 -0.3596
vn 0.5173 -0.7766 -0.3596
vn 0.1365 -0.9124 -0.3858
vn 0.1194 -0.9732 -0.1964
vn -0.2407 -0.9413 -0.2368
vn -0.2577 -0.9380 -0.2319
vn -0.3541 -0.9009 -0.2511
vn 0.2458 -0.9393 -0.2394
vn 0.3187 -0.8921 -0.3202
vn 0.1194 -0.9732 0.1964
vn 0.1581 -0.9747 0.1581
vn 0.3181 -0.8938 0.3160
vn 0.1365 -0.9124 0.3858
vn -0.3178 -0.8951 0.3126
vn -0.2407 -0.9413 0.2368
vn -0.5173 -0.7766 0.3596
vn 0.7766 -0.5173 0.3596
vn -0.6359 -0.6477 0.4196
vn 0.6397 -0.6517 0.4075
vn -0.7766 -0.5173 0.3596
vn 0.5173 -0.7766 0.3596
vn 0.4808 -0.7751 0.4099
vn 0.2949 -0.8636 0.4090
vn 0.3253 -0.8677 0.3759
vn 0.1233 -0.8203 0.5585
vn 0.5358 -0.6595 0.5273
vn 0.4808 -0.6579 0.5797
vn 0.5339 -0.6485 0.5425
vn -0.8677 -0.3252 0.3759
vn -0.8939 -0.3181 0.3160
vn 0.2732 -0.6760 0.6844
vn 0.3082 -0.6709 0.6745
vn 0.3440 -0.7613 0.5496
vn -0.9747 -0.1581 0.1581
vn -0.9412 -0.2409 0.2369
vn 0.1396 -0.6912 0.7091
vn 0.9412 -0.2408 0.2369
vn 0.9747 -0.1581 0.1581
vn -0.3440 -0.7613 0.5496
vn -0.2729 -0.6757 0.6848
vn -0.3083 -0.6708 0.6745
vn 0.8677 -0.3252 0.3760
vn 0.8939 -0.3181 0.3160
vn -0.6464 -0.6263 0.4358
vn -0.6490 -0.5330 0.5428
vn -0.6224 -0.5635 0.5432
vn 0.6398 -0.6233 0.4496
vn 0.6480 -0.5367 0.5404
vn 0.6225 -0.5632 0.5434
vn 0.9732 -0.1194 0.1964
vn -0.4830 -0.4968 0.7210
vn 0.7613 -0.3440 0.5496
vn -0.5742 -0.5878 0.5699
vn 0.5802 -0.5821 0.5697
vn 0.6579 -0.4808 0.5797
vn 0.5648 -0.5648 0.6017
vn -0.7613 -0.3440 0.5496
vn 0.4594 -0.4911 0.7401
vn 0.4968 -0.4836 0.7206
vn -0.9732 -0.1194 0.1964
vn 0.4423 -0.3819 0.8115
vn -0.9124 -0.1365 0.3858
vn 0.3893 -0.3950 0.8321
vn -0.3893 -0.3951 0.8321
vn 0.9124 -0.1365 0.3858
vn -0.4917 -0.4594 0.7397
vn -0.4423 -0.3818 0.8115
vn 0.6708 -0.3082 0.6745
vn 0.8203 -0.1233 0.5585
vn 0.6892 -0.2580 0.6771
vn 0.7051 -0.1621 0.6903
vn 0.6904 -0.1403 0.7097
vn 0.6758 -0.2730 0.6846
vn -0.8203 -0.1233 0.5585
vn 0.0975 -0.0975 0.9904
vn -0.5155 0.5155 0.6845
vn 0.0975 0.0975 0.9904
vn -0.6344 0.0758 0.7693
vn 0.8203 0.1233 0.5585
vn 0.6757 0.2730 0.6848
vn 0.6908 0.1399 0.7094
vn -0.8203 0.1233 0.5585
vn 0.7613 0.3440 0.5496
vn 0.6707 0.3083 0.6746
vn 0.6207 0.3274 0.7124
vn -0.7613 0.3440 0.5496
vn 0.4594 0.4914 0.7399
vn 0.4968 0.4833 0.7208
vn 0.3948 0.3893 0.8322
vn 0.3821 0.4423 0.8114
vn -0.9124 0.1365 0.3858
vn -0.3953 0.3893 0.8320
vn -0.3817 0.4424 0.8116
vn 0.9124 0.1365 0.3858
vn -0.4594 0.4910 0.7402
vn -0.4967 0.4837 0.7206
vn 0.1395 0.6913 0.7090
vn 0.9747 0.1581 0.1581
vn 0.9412 0.2409 0.2369
vn 0.9732 0.1194 0.1964
vn 0.8939 0.3181 0.3160
vn 0.8677 0.3252 0.3758
vn -0.5713 0.5838 0.5768
vn 0.6490 0.5331 0.5428
vn 0.5830 0.5788 0.5702
vn -0.8939 0.3181 0.3159
vn 0.3083 0.6708 0.6745
vn 0.2729 0.6755 0.6851
vn -0.9732 0.1194 0.1964
vn -0.9747 0.1581 0.1581
vn -0.9412 0.2408 0.2369
vn -0.6477 0.6348 0.4213
vn -0.6262 0.6474 0.4344
vn -0.5743 0.6197 0.5349
vn 0.5639 0.6223 0.5429
vn 0.6477 0.6359 0.4197
vn 0.6263 0.6464 0.4358
vn -0.7766 0.5173 0.3596
vn 0.5358 0.6595 0.5273
vn 0.4808 0.6579 0.5797
vn 0.5327 0.6481 0.5443
vn 0.3440 0.7613 0.5496
vn 0.1233 0.8203 0.5585
vn 0.5155 -0.5155 -0.6845
vn 0.2083 -0.2083 -0.9556
vn -0.3440 0.7613 0.5496
vn 0.7766 0.5173 0.3596
vn -0.5173 0.7766 0.3596
vn 0.5173 0.7766 0.3596
vn 0.5168 0.7772 0.3590
vn 0.2949 0.8636 0.4090
vn 0.3252 0.8677 0.3758
vn 0.1365 0.9124 0.3858
vn 0.2408 0.9412 0.2369
vn 0.3181 0.8939 0.3160
vn 0.1194 0.9732 0.1964
vn 0.5155 0.5155 -0.6845
vn 0.5129 0.5122 -0.6889
vn -0.0974 -0.0976 -0.9904
vn -0.2407 0.9413 0.2368
vn -0.3182 0.8935 0.3170
vn -0.2083 0.2083 0.9556
vn 0.1581 0.9747 0.1581
vn -0.5155 -0.5155 0.6845
vn -0.5122 -0.5129 0.6889
vn -0.5155 -0.5155 -0.6845
vn -0.5122 -0.5129 -0.6889
vn -0.2083 0.2083 -0.9556
vn -0.1194 0.9732 0.1964
vn -0.1365 0.9124 0.3858
vn -0.1233 0.8203 0.5585
vn -0.0975 0.0975 0.9904
vn -0.0758 0.6344 0.7693
vn -0.1403 -0.6905 0.7096
vn -0.1233 -0.8203 0.5585
vn -0.1365 -0.9124 0.3858
vn -0.1194 -0.9732 0.1964
vn -0.1194 -0.9732 -0.1964
vn -0.1365 -0.9124 -0.3858
vn -0.1233 -0.8203 -0.5585
vn -0.1941 -0.0980 -0.9761
vn -0.0976 -0.0975 -0.9904
vn -0.0758 0.6344 -0.7693
vn -0.0975 0.0975 -0.9904
vn -0.1233 0.8203 -0.5585
vn -0.1365 0.9124 -0.3858
vn -0.0245 0.0245 -0.9994
vn -0.0980 -0.0000 -0.9952
vn -0.0000 -0.0980 -0.9952
vn -0.0975 -0.0975 -0.9904
vn -0.0000 -0.0980 0.9952
vn 0.0245 -0.0245 0.9994
vn -0.0245 0.0245 0.9994
vn -0.0980 -0.0000 0.9952
vn -0.0000 0.0980 0.9952
vn 0.0980 -0.0000 -0.9952
vn 0.0245 -0.0245 -0.9994
vt 0.004717 0.123984
vt 0.016042 0.094332
vt 0.028635 0.099077
vt 0.018239 0.126300
vt 0.893068 0.730481
vt 0.898684 0.757304
vt 0.891392 0.756492
vt 0.881728 0.746172
vt 0.879707 0.732106
vt 0.882928 0.729518
vt 0.896493 0.366702
vt 0.893274 0.335189
vt 0.907304 0.334643
vt 0.910259 0.363574
vt 0.713663 0.740782
vt 0.712173 0.750852
vt 0.694757 0.753993
vt 0.687199 0.751566
vt 0.704795 0.728840
vt 0.713290 0.739981
vt 0.745541 0.739799
vt 0.726569 0.745718
vt 0.720912 0.741865
vt 0.739306 0.724875
vt 0.745382 0.730110
vt 0.746453 0.731487
vt 0.342441 0.756478
vt 0.341474 0.763148
vt 0.334060 0.771733
vt 0.329694 0.754831
vt 0.333450 0.752821
vt 0.752818 0.728959
vt 0.770745 0.712183
vt 0.776767 0.723898
vt 0.762684 0.730195
vt 0.348739 0.785084
vt 0.343265 0.806799
vt 0.335229 0.800212
vt 0.332265 0.786676
vt 0.791455 0.702442
vt 0.796172 0.697363
vt 0.802629 0.700619
vt 0.802615 0.704349
vt 0.787889 0.712896
vt 0.346796 0.812660
vt 0.355592 0.813967
vt 0.346244 0.834061
vt 0.339174 0.832342
vt 0.336098 0.817317
vt 0.344747 0.812652
vt 0.367346 0.837281
vt 0.347399 0.857633
vt 0.342143 0.854633
vt 0.339931 0.843601
vt 0.350861 0.838042
vt 0.351897 0.837868
vt 0.353051 0.752040
vt 0.362095 0.750699
vt 0.364752 0.754557
vt 0.366920 0.758452
vt 0.344470 0.755942
vt 0.767648 0.706395
vt 0.743342 0.706099
vt 0.743340 0.706093
vt 0.754821 0.690328
vt 0.757761 0.688678
vt 0.379093 0.783668
vt 0.372058 0.801075
vt 0.372053 0.801077
vt 0.356468 0.784126
vt 0.378735 0.780622
vt 0.794120 0.687255
vt 0.795582 0.695656
vt 0.782458 0.682357
vt 0.786399 0.681149
vt 0.790553 0.680295
vt 0.390476 0.804439
vt 0.373953 0.829487
vt 0.364650 0.812942
vt 0.366983 0.808959
vt 0.375224 0.802192
vt 0.823125 0.679882
vt 0.814403 0.685435
vt 0.813792 0.678120
vt 0.815756 0.670714
vt 0.823498 0.674448
vt 0.850698 0.719782
vt 0.849026 0.717549
vt 0.853143 0.697577
vt 0.860618 0.698170
vt 0.872193 0.721043
vt 0.869295 0.726004
vt 0.868429 0.725871
vt 0.877289 0.701003
vt 0.880531 0.699540
vt 0.889376 0.700214
vt 0.877673 0.718655
vt 0.002271 0.139325
vt 0.013704 0.154744
vt 0.013704 0.154744
vt 0.013704 0.154744
vt 0.015993 0.140384
vt 0.710834 0.720403
vt 0.709363 0.722539
vt 0.709363 0.722539
vt 0.688618 0.727485
vt 0.687560 0.727561
vt 0.682429 0.722374
vt 0.690453 0.700132
vt 0.699777 0.700034
vt 0.335101 0.733106
vt 0.330565 0.721552
vt 0.334768 0.717827
vt 0.346127 0.722697
vt 0.341938 0.729127
vt 0.735460 0.718107
vt 0.727072 0.694471
vt 0.740035 0.704422
vt 0.738246 0.714198
vt 0.876187 0.682027
vt 0.877505 0.667094
vt 0.887751 0.667667
vt 0.896493 0.303218
vt 0.910259 0.305292
vt 0.335801 0.700125
vt 0.327420 0.688202
vt 0.332527 0.684993
vt 0.340675 0.693742
vt 0.340674 0.693743
vt 0.690694 0.667420
vt 0.690695 0.667420
vt 0.707042 0.687714
vt 0.703811 0.691721
vt 0.681310 0.697659
vt 0.679206 0.697427
vt 0.677570 0.690847
vt 0.682772 0.667627
vt 0.682772 0.667626
vt 0.362468 0.718323
vt 0.362469 0.718323
vt 0.367995 0.724765
vt 0.347168 0.722615
vt 0.714386 0.669848
vt 0.737096 0.676667
vt 0.737096 0.676667
vt 0.710498 0.689462
vt 0.707048 0.687712
vt 0.373463 0.759337
vt 0.370450 0.761897
vt 0.370445 0.761896
vt 0.743502 0.664704
vt 0.756218 0.663543
vt 0.756218 0.663543
vt 0.760368 0.686521
vt 0.757762 0.688677
vt 0.378735 0.780621
vt 0.378836 0.777403
vt 0.399108 0.765104
vt 0.405852 0.774635
vt 0.405852 0.774636
vt 0.778022 0.682298
vt 0.778017 0.682294
vt 0.777967 0.678389
vt 0.390477 0.804438
vt 0.399995 0.786707
vt 0.415397 0.796022
vt 0.404642 0.812163
vt 0.401745 0.811216
vt 0.810087 0.656577
vt 0.815301 0.669967
vt 0.803825 0.657708
vt 0.803825 0.657708
vt 0.867596 0.696167
vt 0.848759 0.689003
vt 0.845731 0.684807
vt 0.856891 0.665296
vt 0.863329 0.665926
vt 0.869927 0.689527
vt 0.869277 0.696046
vt 0.862117 0.470015
vt 0.850438 0.470235
vt 0.851440 0.462573
vt 0.861130 0.464021
vt 0.743501 0.664704
vt 0.756129 0.637605
vt 0.758859 0.639325
vt 0.413335 0.745777
vt 0.416066 0.746399
vt 0.399108 0.765104
vt 0.776663 0.639934
vt 0.776667 0.639929
vt 0.781062 0.638702
vt 0.785048 0.638892
vt 0.776865 0.643912
vt 0.435374 0.783991
vt 0.420313 0.791516
vt 0.416941 0.771172
vt 0.432922 0.765529
vt 0.435360 0.780399
vt 0.814381 0.641172
vt 0.810087 0.656576
vt 0.845017 0.642744
vt 0.847910 0.638978
vt 0.866564 0.635280
vt 0.868254 0.635742
vt 0.869132 0.642664
vt 0.863329 0.665926
vt 0.856891 0.665296
vt 0.862117 0.458234
vt 0.851440 0.462573
vt 0.850438 0.454495
vt 0.879415 0.633783
vt 0.888254 0.634090
vt 0.877505 0.667094
vt 0.875668 0.651456
vt 0.015206 0.183315
vt 0.001414 0.186087
vt 0.000604 0.170677
vt 0.014462 0.169168
vt 0.347402 0.689490
vt 0.335171 0.681480
vt 0.336103 0.680242
vt 0.677278 0.637145
vt 0.679366 0.636794
vt 0.702212 0.641714
vt 0.705698 0.645667
vt 0.676072 0.644002
vt 0.367995 0.724765
vt 0.368213 0.703323
vt 0.705704 0.645668
vt 0.709027 0.643472
vt 0.725215 0.636403
vt 0.736355 0.653483
vt 0.714171 0.663123
vt 0.401414 0.733506
vt 0.401414 0.733512
vt 0.398667 0.736232
vt 0.395641 0.726241
vt 0.398830 0.729200
vt 0.906029 0.272017
vt 0.919014 0.276647
vt 0.697641 0.633237
vt 0.688330 0.633674
vt 0.678830 0.609764
vt 0.683602 0.603780
vt 0.684666 0.603802
vt 0.705701 0.608010
vt 0.707312 0.610266
vt 0.368636 0.686651
vt 0.379073 0.692795
vt 0.374771 0.699028
vt 0.368398 0.702280
vt 0.364794 0.690301
vt 0.707313 0.610266
vt 0.731994 0.609661
vt 0.735029 0.613558
vt 0.737463 0.623956
vt 0.725216 0.636403
vt 0.392539 0.722790
vt 0.394732 0.713831
vt 0.399130 0.705835
vt 0.764776 0.616576
vt 0.753098 0.636407
vt 0.740642 0.621689
vt 0.740643 0.621683
vt 0.418507 0.747537
vt 0.416067 0.746399
vt 0.422122 0.723940
vt 0.433757 0.744512
vt 0.433754 0.744517
vt 0.793191 0.620874
vt 0.792297 0.630234
vt 0.789222 0.638646
vt 0.824705 0.619534
vt 0.827652 0.609297
vt 0.830219 0.605565
vt 0.847156 0.607371
vt 0.831627 0.632526
vt 0.822185 0.633370
vt 0.814782 0.640246
vt 0.812356 0.633203
vt 0.812480 0.625277
vt 0.821460 0.627797
vt 0.847156 0.607371
vt 0.848753 0.605211
vt 0.866331 0.602143
vt 0.867194 0.602178
vt 0.870282 0.608390
vt 0.859491 0.631687
vt 0.852008 0.630755
vt 0.875865 0.612121
vt 0.880741 0.600635
vt 0.890867 0.600775
vt 0.876114 0.631763
vt 0.799836 0.613247
vt 0.793663 0.618872
vt 0.788647 0.614613
vt 0.784407 0.603972
vt 0.799569 0.609065
vt 0.829660 0.597198
vt 0.827439 0.590048
vt 0.827191 0.588268
vt 0.830404 0.578917
vt 0.844391 0.575736
vt 0.846783 0.581222
vt 0.870609 0.570703
vt 0.875658 0.574436
vt 0.854011 0.598689
vt 0.851266 0.584726
vt 0.851254 0.583750
vt 0.855925 0.572238
vt 0.888211 0.569045
vt 0.895489 0.569001
vt 0.877416 0.597083
vt 0.878913 0.580303
vt 0.009562 0.216150
vt 0.022686 0.210915
vt 0.681578 0.575685
vt 0.688948 0.572312
vt 0.706545 0.574801
vt 0.708731 0.586533
vt 0.708415 0.587503
vt 0.700715 0.601180
vt 0.715877 0.584338
vt 0.721241 0.579066
vt 0.740536 0.583213
vt 0.742016 0.592714
vt 0.741044 0.594463
vt 0.735359 0.601396
vt 0.399815 0.703883
vt 0.397316 0.694274
vt 0.399342 0.690983
vt 0.413678 0.698746
vt 0.405674 0.704295
vt 0.772640 0.594809
vt 0.767462 0.609502
vt 0.748513 0.594286
vt 0.758224 0.590710
vt 0.772640 0.594809
vt 0.437186 0.706746
vt 0.441707 0.716557
vt 0.423796 0.716278
vt 0.426623 0.700177
vt 0.921513 0.242786
vt 0.933229 0.249810
vt 0.023909 0.244001
vt 0.035858 0.236484
vt 0.055204 0.322516
vt 0.060149 0.325007
vt 0.037683 0.349100
vt 0.035371 0.337440
vt 0.035390 0.336597
vt 0.040435 0.325976
vt 0.428199 0.921356
vt 0.434557 0.944273
vt 0.428540 0.948233
vt 0.427139 0.948781
vt 0.421234 0.945161
vt 0.423361 0.925383
vt 0.119185 0.667034
vt 0.119689 0.663203
vt 0.126597 0.660377
vt 0.130608 0.665970
vt 0.132721 0.676989
vt 0.426531 0.977575
vt 0.414865 0.979278
vt 0.414865 0.979278
vt 0.418767 0.964205
vt 0.425419 0.955506
vt 0.426531 0.977575
vt 0.149944 0.677741
vt 0.165470 0.696809
vt 0.155466 0.697108
vt 0.142306 0.689223
vt 0.815777 0.383338
vt 0.802830 0.375739
vt 0.809697 0.370103
vt 0.814887 0.370450
vt 0.817446 0.380026
vt 0.195391 0.713751
vt 0.189230 0.717085
vt 0.171200 0.708769
vt 0.171460 0.700062
vt 0.172718 0.698761
vt 0.179490 0.694045
vt 0.227462 0.728169
vt 0.219630 0.729694
vt 0.202805 0.724141
vt 0.202747 0.713488
vt 0.203230 0.712704
vt 0.213217 0.702255
vt 0.240199 0.710289
vt 0.245285 0.708057
vt 0.255885 0.710005
vt 0.246155 0.736977
vt 0.238603 0.735459
vt 0.234079 0.724342
vt 0.873088 0.212469
vt 0.862399 0.204249
vt 0.871574 0.192024
vt 0.883081 0.199153
vt 0.844140 0.387301
vt 0.834234 0.381287
vt 0.838012 0.375004
vt 0.843817 0.371676
vt 0.847581 0.383606
vt 0.208406 0.692788
vt 0.222172 0.673468
vt 0.231397 0.674817
vt 0.236281 0.698605
vt 0.230482 0.703214
vt 0.229442 0.702994
vt 0.209569 0.695167
vt 0.250737 0.679306
vt 0.254844 0.678177
vt 0.264159 0.679712
vt 0.243994 0.696799
vt 0.930329 0.231727
vt 0.931831 0.229843
vt 0.942702 0.237928
vt 0.030532 0.357939
vt 0.032204 0.355714
vt 0.049924 0.350367
vt 0.050789 0.350276
vt 0.053683 0.355580
vt 0.042108 0.378666
vt 0.034636 0.378873
vt 0.333218 0.917114
vt 0.336702 0.912859
vt 0.345932 0.915547
vt 0.342427 0.922369
vt 0.336785 0.927316
vt 0.030532 0.357939
vt 0.014126 0.384600
vt 0.007596 0.374264
vt 0.010886 0.364191
vt 0.013585 0.360174
vt 0.127422 0.658690
vt 0.130031 0.650294
vt 0.134546 0.643539
vt 0.138581 0.644763
vt 0.142349 0.646326
vt 0.784972 0.330192
vt 0.784975 0.330186
vt 0.798095 0.327003
vt 0.800185 0.328115
vt 0.794835 0.350647
vt 0.153831 0.672124
vt 0.166109 0.655131
vt 0.168810 0.657114
vt 0.178081 0.674338
vt 0.178079 0.674343
vt 0.818267 0.348050
vt 0.821103 0.351462
vt 0.819279 0.360446
vt 0.815462 0.368493
vt 0.815356 0.345125
vt 0.195843 0.664425
vt 0.208405 0.692788
vt 0.184257 0.687512
vt 0.182028 0.683197
vt 0.181596 0.673021
vt 0.346751 0.915276
vt 0.358639 0.908250
vt 0.358640 0.908250
vt 0.363015 0.913395
vt 0.363015 0.913395
vt 0.027222 0.391532
vt 0.020496 0.409662
vt 0.005563 0.402661
vt 0.005563 0.402661
vt 0.014126 0.384600
vt 0.025022 0.389743
vt 0.147368 0.642746
vt 0.146792 0.646660
vt 0.146787 0.646663
vt 0.810004 0.299742
vt 0.815684 0.309207
vt 0.802578 0.328707
vt 0.810004 0.299742
vt 0.171045 0.630042
vt 0.183547 0.632562
vt 0.183547 0.632562
vt 0.166109 0.655130
vt 0.163806 0.652687
vt 0.171045 0.630042
vt 0.813003 0.340843
vt 0.815515 0.338088
vt 0.813003 0.340849
vt 0.216643 0.660053
vt 0.212981 0.661395
vt 0.195843 0.664424
vt 0.188299 0.645304
vt 0.211774 0.641199
vt 0.843691 0.349193
vt 0.843691 0.349193
vt 0.849024 0.355566
vt 0.843965 0.370635
vt 0.243417 0.643115
vt 0.245424 0.667192
vt 0.242912 0.673594
vt 0.240795 0.673543
vt 0.219307 0.664526
vt 0.216649 0.660057
vt 0.235596 0.641837
vt 0.878697 0.388501
vt 0.875463 0.393295
vt 0.864171 0.384198
vt 0.870464 0.379862
vt 0.259819 0.645694
vt 0.259819 0.645694
vt 0.270661 0.647265
vt 0.254622 0.660378
vt 0.043904 0.268570
vt 0.054215 0.259040
vt 0.328614 0.884756
vt 0.332077 0.881267
vt 0.332613 0.880727
vt 0.340165 0.888145
vt 0.340165 0.888145
vt 0.336630 0.895303
vt 0.044809 0.411657
vt 0.044809 0.411657
vt 0.038375 0.411967
vt 0.038375 0.411967
vt 0.027227 0.391530
vt 0.030254 0.387413
vt 0.049077 0.381088
vt 0.050758 0.381298
vt 0.051406 0.387969
vt 0.250904 0.612950
vt 0.252925 0.613581
vt 0.253205 0.620557
vt 0.243417 0.643115
vt 0.235596 0.641837
vt 0.223633 0.618197
vt 0.227613 0.614743
vt 0.870464 0.379862
vt 0.874952 0.373419
vt 0.883531 0.385227
vt 0.879963 0.387644
vt 0.275139 0.613909
vt 0.259698 0.629954
vt 0.265763 0.612738
vt 0.885343 0.164380
vt 0.898079 0.169043
vt 0.335038 0.875327
vt 0.345213 0.882705
vt 0.050609 0.435243
vt 0.049732 0.442131
vt 0.048041 0.442510
vt 0.029403 0.437878
vt 0.026511 0.433962
vt 0.115966 0.602616
vt 0.124333 0.619769
vt 0.118212 0.618213
vt 0.005168 0.426057
vt 0.005168 0.426057
vt 0.020382 0.416448
vt 0.026506 0.433961
vt 0.024239 0.436154
vt 0.013137 0.443199
vt 0.145600 0.602694
vt 0.149601 0.602866
vt 0.153825 0.604484
vt 0.153828 0.604489
vt 0.153095 0.608421
vt 0.834872 0.293433
vt 0.834633 0.296657
vt 0.815684 0.309207
vt 0.834872 0.293433
vt 0.171646 0.605701
vt 0.174592 0.604287
vt 0.845006 0.315480
vt 0.846967 0.319354
vt 0.838931 0.314676
vt 0.841773 0.312077
vt 0.841779 0.312078
vt 0.223626 0.618198
vt 0.212892 0.634504
vt 0.192149 0.622224
vt 0.205488 0.606616
vt 0.220620 0.615611
vt 0.849024 0.355566
vt 0.863522 0.351081
vt 0.839508 0.271789
vt 0.825832 0.269716
vt 0.843416 0.244415
vt 0.850228 0.260889
vt 0.847699 0.264912
vt 0.141464 0.602075
vt 0.139502 0.593528
vt 0.139843 0.584245
vt 0.834717 0.290387
vt 0.842300 0.272869
vt 0.842306 0.272867
vt 0.855839 0.289653
vt 0.855839 0.289653
vt 0.192101 0.590305
vt 0.192101 0.590311
vt 0.177767 0.603434
vt 0.174593 0.604286
vt 0.168751 0.582707
vt 0.849390 0.323179
vt 0.866252 0.317710
vt 0.858007 0.321724
vt 0.198744 0.583007
vt 0.202271 0.579551
vt 0.226699 0.583143
vt 0.205488 0.606616
vt 0.194961 0.592914
vt 0.879515 0.351932
vt 0.875480 0.355711
vt 0.864510 0.350987
vt 0.868519 0.344502
vt 0.875093 0.340434
vt 0.249985 0.579864
vt 0.251043 0.579986
vt 0.254986 0.586497
vt 0.242436 0.608656
vt 0.233267 0.606970
vt 0.226700 0.583143
vt 0.228592 0.581149
vt 0.277421 0.580926
vt 0.262234 0.610401
vt 0.261683 0.590780
vt 0.266684 0.579797
vt 0.182239 0.002649
vt 0.179386 0.015882
vt 0.164216 0.014004
vt 0.165716 0.000604
vt 0.030254 0.471292
vt 0.030254 0.471292
vt 0.028657 0.469084
vt 0.033499 0.446280
vt 0.040976 0.445732
vt 0.051766 0.469221
vt 0.048682 0.475190
vt 0.047818 0.475182
vt 0.109178 0.594391
vt 0.110640 0.588953
vt 0.119967 0.587088
vt 0.119046 0.594901
vt 0.115687 0.601668
vt 0.277421 0.549584
vt 0.262619 0.575919
vt 0.261620 0.559274
vt 0.261620 0.559274
vt 0.269727 0.548917
vt 0.068778 0.288911
vt 0.077051 0.277715
vt 0.032764 0.492258
vt 0.032775 0.491311
vt 0.035510 0.477929
vt 0.057156 0.502497
vt 0.052111 0.505859
vt 0.037437 0.503638
vt 0.868953 0.260933
vt 0.867015 0.260951
vt 0.858840 0.259750
vt 0.869932 0.239489
vt 0.876428 0.241124
vt 0.877656 0.256148
vt 0.134202 0.576221
vt 0.135012 0.572177
vt 0.150814 0.568552
vt 0.145197 0.578533
vt 0.139634 0.582236
vt 0.877193 0.273272
vt 0.879115 0.286792
vt 0.879115 0.286792
vt 0.863215 0.288597
vt 0.869936 0.266776
vt 0.163748 0.560712
vt 0.178634 0.558247
vt 0.187840 0.562737
vt 0.167000 0.575517
vt 0.868196 0.317149
vt 0.869349 0.310460
vt 0.876810 0.301771
vt 0.880493 0.318632
vt 0.876788 0.320694
vt 0.221558 0.556927
vt 0.200000 0.571117
vt 0.195249 0.563719
vt 0.194511 0.561909
vt 0.197210 0.552882
vt 0.216911 0.551177
vt 0.228557 0.560908
vt 0.228368 0.559928
vt 0.232048 0.548876
vt 0.232048 0.548876
vt 0.249808 0.548825
vt 0.249808 0.548825
vt 0.256678 0.553074
vt 0.256678 0.553074
vt 0.234422 0.575164
vt 0.273216 0.542914
vt 0.276456 0.537528
vt 0.267364 0.547393
vt 0.907314 0.136872
vt 0.893821 0.134845
vt 0.214326 0.012748
vt 0.208844 0.025153
vt 0.095210 0.424221
vt 0.093738 0.431754
vt 0.081390 0.432283
vt 0.086634 0.426742
vt 0.093614 0.419530
vt 0.093626 0.419542
vt 0.808505 0.050413
vt 0.790578 0.033643
vt 0.800430 0.032445
vt 0.814506 0.038765
vt 0.536576 0.665334
vt 0.532819 0.663323
vt 0.537186 0.646419
vt 0.544600 0.655005
vt 0.545567 0.661675
vt 0.784216 0.031106
vt 0.783147 0.032475
vt 0.777083 0.037676
vt 0.758676 0.020726
vt 0.764324 0.016900
vt 0.783294 0.022828
vt 0.751431 0.021794
vt 0.751059 0.022593
vt 0.742582 0.033678
vt 0.724953 0.011052
vt 0.732507 0.008638
vt 0.749928 0.011770
vt 0.710022 0.032313
vt 0.699245 0.031994
vt 0.705224 0.005383
vt 0.712920 0.005732
vt 0.718918 0.015491
vt 0.714761 0.029505
vt 0.097576 0.304244
vt 0.103490 0.291791
vt 0.555024 0.580286
vt 0.553988 0.580112
vt 0.543057 0.574553
vt 0.545269 0.563521
vt 0.550528 0.560519
vt 0.570478 0.580873
vt 0.570478 0.580874
vt 0.539224 0.600837
vt 0.542300 0.585811
vt 0.549372 0.584092
vt 0.558720 0.604186
vt 0.549923 0.605494
vt 0.547873 0.605502
vt 0.833909 0.065299
vt 0.829194 0.060214
vt 0.825623 0.049780
vt 0.840332 0.058370
vt 0.840350 0.062087
vt 0.535390 0.631478
vt 0.535390 0.631478
vt 0.538355 0.617941
vt 0.546392 0.611353
vt 0.551866 0.633070
vt 0.551866 0.633070
vt 0.910433 0.103877
vt 0.896684 0.104554
vt 0.026629 0.771185
vt 0.026629 0.771185
vt 0.026629 0.771185
vt 0.044383 0.765035
vt 0.045251 0.764898
vt 0.048160 0.769829
vt 0.036588 0.792673
vt 0.029099 0.793300
vt 0.024956 0.773420
vt 0.024956 0.773419
vt 0.852112 0.077305
vt 0.860816 0.082905
vt 0.861192 0.088329
vt 0.853470 0.092004
vt 0.851506 0.084600
vt 0.577079 0.588665
vt 0.577080 0.588666
vt 0.593603 0.613715
vt 0.593603 0.613715
vt 0.578348 0.615963
vt 0.570111 0.609199
vt 0.567776 0.605212
vt 0.828310 0.082300
vt 0.824160 0.081429
vt 0.820226 0.080207
vt 0.833320 0.067000
vt 0.831866 0.075373
vt 0.559594 0.634028
vt 0.559593 0.634028
vt 0.575179 0.617076
vt 0.575185 0.617079
vt 0.582220 0.634486
vt 0.581861 0.637532
vt 0.581861 0.637533
vt 0.795554 0.073814
vt 0.792615 0.072160
vt 0.781133 0.056403
vt 0.781134 0.056397
vt 0.805417 0.056172
vt 0.556177 0.666115
vt 0.547593 0.662211
vt 0.570047 0.659701
vt 0.567876 0.663601
vt 0.565221 0.667455
vt 0.773247 0.044412
vt 0.776035 0.048314
vt 0.777832 0.058064
vt 0.764882 0.067969
vt 0.748629 0.042086
vt 0.533690 0.696602
vt 0.538226 0.685047
vt 0.545065 0.689027
vt 0.549254 0.695457
vt 0.537894 0.700327
vt 0.747156 0.039956
vt 0.747156 0.039956
vt 0.737591 0.062393
vt 0.728267 0.062294
vt 0.720222 0.040118
vt 0.725348 0.034948
vt 0.726409 0.035024
vt 0.704574 0.062223
vt 0.695127 0.062110
vt 0.712822 0.042872
vt 0.708495 0.060549
vt 0.573570 0.656257
vt 0.573576 0.656256
vt 0.576591 0.658818
vt 0.774910 0.085757
vt 0.774910 0.085757
vt 0.752211 0.092536
vt 0.744869 0.074692
vt 0.748316 0.072949
vt 0.550291 0.695538
vt 0.571121 0.693388
vt 0.565594 0.699831
vt 0.565594 0.699831
vt 0.728523 0.094950
vt 0.720600 0.094744
vt 0.720599 0.094744
vt 0.715387 0.071562
vt 0.717020 0.064993
vt 0.719125 0.064761
vt 0.741629 0.070689
vt 0.744862 0.074690
vt 0.728523 0.094950
vt 0.543801 0.724411
vt 0.535653 0.733161
vt 0.530545 0.729952
vt 0.538927 0.718028
vt 0.703994 0.094497
vt 0.703994 0.094497
vt 0.693028 0.094575
vt 0.707180 0.079471
vt 0.243897 0.028424
vt 0.235993 0.039546
vt 0.799381 0.450822
vt 0.798379 0.443161
vt 0.810057 0.443381
vt 0.809676 0.445696
vt 0.809071 0.449374
vt 0.045261 0.794751
vt 0.045915 0.801257
vt 0.039316 0.824841
vt 0.032866 0.825498
vt 0.021681 0.806075
vt 0.024714 0.801872
vt 0.043575 0.794638
vt 0.841568 0.104919
vt 0.841568 0.104919
vt 0.853015 0.092749
vt 0.847816 0.106088
vt 0.603121 0.631447
vt 0.603121 0.631447
vt 0.603121 0.631447
vt 0.604870 0.606938
vt 0.607769 0.605990
vt 0.618524 0.622132
vt 0.603121 0.631447
vt 0.815743 0.084149
vt 0.815791 0.080251
vt 0.815796 0.080247
vt 0.608979 0.643517
vt 0.602234 0.653051
vt 0.581962 0.640752
vt 0.604291 0.642482
vt 0.604292 0.642482
vt 0.608978 0.643517
vt 0.608979 0.643517
vt 0.795554 0.073815
vt 0.798159 0.075974
vt 0.794021 0.098907
vt 0.794020 0.098907
vt 0.781315 0.097714
vt 0.799381 0.450822
vt 0.810057 0.455160
vt 0.798379 0.458900
vt 0.039316 0.824841
vt 0.045125 0.848068
vt 0.044244 0.854993
vt 0.042549 0.855462
vt 0.023870 0.851846
vt 0.020972 0.848093
vt 0.032866 0.825499
vt 0.847817 0.106089
vt 0.852101 0.121510
vt 0.636048 0.652626
vt 0.620067 0.646982
vt 0.620067 0.646982
vt 0.623439 0.626637
vt 0.638501 0.634163
vt 0.638486 0.637756
vt 0.636048 0.652625
vt 0.814450 0.122571
vt 0.814446 0.122567
vt 0.814648 0.118592
vt 0.822819 0.123642
vt 0.818840 0.123816
vt 0.608979 0.643518
vt 0.619193 0.671755
vt 0.619192 0.671755
vt 0.616461 0.672377
vt 0.616404 0.672301
vt 0.616404 0.672300
vt 0.602234 0.653051
vt 0.796659 0.123122
vt 0.793932 0.124833
vt 0.781315 0.097714
vt 0.601791 0.681920
vt 0.604540 0.684641
vt 0.604540 0.684648
vt 0.601957 0.688953
vt 0.598764 0.691916
vt 0.743533 0.116691
vt 0.751997 0.099254
vt 0.774173 0.108916
vt 0.763038 0.125975
vt 0.746854 0.118890
vt 0.571339 0.714834
vt 0.740041 0.120644
vt 0.717194 0.125563
vt 0.715105 0.125212
vt 0.713899 0.118358
vt 0.743527 0.116693
vt 0.539229 0.737913
vt 0.550529 0.728664
vt 0.706209 0.110001
vt 0.702486 0.127887
vt 0.693028 0.128140
vt 0.129191 0.313979
vt 0.132514 0.300729
vt 0.763038 0.125976
vt 0.775277 0.138447
vt 0.772840 0.148847
vt 0.769803 0.152744
vt 0.745132 0.152108
vt 0.571524 0.715872
vt 0.577898 0.719125
vt 0.582200 0.725359
vt 0.571762 0.731503
vt 0.567920 0.727852
vt 0.745131 0.152108
vt 0.743519 0.154366
vt 0.722483 0.158577
vt 0.721416 0.158599
vt 0.716646 0.152611
vt 0.726157 0.128683
vt 0.735469 0.129120
vt 0.705931 0.161014
vt 0.695128 0.161516
vt 0.706297 0.129691
vt 0.709440 0.149256
vt 0.907314 0.071327
vt 0.893821 0.074670
vt 0.023098 0.883482
vt 0.023098 0.883480
vt 0.027972 0.860050
vt 0.035468 0.859085
vt 0.046261 0.882361
vt 0.043163 0.888595
vt 0.042298 0.888633
vt 0.024697 0.885637
vt 0.024696 0.885637
vt 0.859162 0.134934
vt 0.850201 0.137400
vt 0.850079 0.129471
vt 0.852502 0.122441
vt 0.859887 0.129364
vt 0.006122 0.885401
vt 0.003549 0.881677
vt 0.000604 0.871450
vt 0.007551 0.858395
vt 0.007552 0.858395
vt 0.826987 0.123906
vt 0.830055 0.132334
vt 0.830945 0.141702
vt 0.636884 0.673642
vt 0.625248 0.694215
vt 0.625248 0.694215
vt 0.621634 0.670617
vt 0.636880 0.673636
vt 0.802565 0.145897
vt 0.778453 0.140725
vt 0.778453 0.140719
vt 0.790903 0.126024
vt 0.802565 0.145897
vt 0.595665 0.695364
vt 0.602257 0.712322
vt 0.597857 0.704323
vt 0.051612 0.916368
vt 0.051611 0.916371
vt 0.046548 0.920137
vt 0.031844 0.918661
vt 0.027179 0.907138
vt 0.027191 0.906158
vt 0.029957 0.892145
vt 0.029960 0.892145
vt 0.006275 0.912124
vt 0.003066 0.902766
vt 0.003317 0.900978
vt 0.005553 0.893790
vt 0.022696 0.909700
vt 0.020291 0.915221
vt 0.831416 0.143708
vt 0.837575 0.149368
vt 0.837306 0.153554
vt 0.822163 0.158589
vt 0.826404 0.147952
vt 0.629749 0.717978
vt 0.629749 0.717978
vt 0.626922 0.701875
vt 0.626922 0.701875
vt 0.644834 0.701595
vt 0.640313 0.711408
vt 0.810406 0.167718
vt 0.810406 0.167718
vt 0.796000 0.171784
vt 0.786301 0.168176
vt 0.805244 0.152987
vt 0.805244 0.152987
vt 0.602941 0.714270
vt 0.608800 0.713858
vt 0.616806 0.719408
vt 0.602468 0.727171
vt 0.600441 0.723880
vt 0.773161 0.161027
vt 0.778838 0.167979
vt 0.779808 0.169734
vt 0.778321 0.179250
vt 0.759031 0.183378
vt 0.753674 0.178089
vt 0.738529 0.161204
vt 0.746216 0.174908
vt 0.746533 0.175882
vt 0.744337 0.187637
vt 0.726736 0.190129
vt 0.719369 0.186749
vt 0.706969 0.192915
vt 0.699245 0.193419
vt 0.710474 0.164337
vt 0.713652 0.181127
vt 0.269817 0.049077
vt 0.259789 0.058506
vt 0.702206 0.207880
vt 0.711184 0.194927
vt 0.710665 0.195515
vt 0.708013 0.207400
vt 0.163009 0.304184
vt 0.147614 0.302440
vt 0.145638 0.315843
vt 0.378652 0.972005
vt 0.377341 0.979592
vt 0.364222 0.979884
vt 0.365378 0.973755
vt 0.369365 0.973310
vt 0.376141 0.968253
vt 0.377117 0.968046
vt 0.898079 0.040471
vt 0.885343 0.046343
vt 0.064414 0.698423
vt 0.074549 0.699076
vt 0.080182 0.727192
vt 0.072893 0.726595
vt 0.063227 0.716047
vt 0.061197 0.701270
vt 0.291089 0.073912
vt 0.279318 0.081306
vt 0.627623 0.046526
vt 0.627618 0.046527
vt 0.617630 0.036077
vt 0.617146 0.035292
vt 0.617205 0.024638
vt 0.634029 0.019085
vt 0.641863 0.020611
vt 0.641867 0.020613
vt 0.603630 0.031694
vt 0.609793 0.035029
vt 0.593891 0.054736
vt 0.587118 0.050020
vt 0.585859 0.048718
vt 0.585600 0.040011
vt 0.555179 0.768418
vt 0.552620 0.777994
vt 0.547430 0.778341
vt 0.540564 0.772705
vt 0.553510 0.765107
vt 0.556706 0.059556
vt 0.556706 0.059556
vt 0.556706 0.059556
vt 0.569865 0.051671
vt 0.579872 0.051970
vt 0.564344 0.071040
vt 0.564343 0.071040
vt 0.564343 0.071040
vt 0.384795 0.867117
vt 0.384796 0.867117
vt 0.383628 0.889146
vt 0.376957 0.880436
vt 0.373064 0.865372
vt 0.373064 0.865372
vt 0.534089 0.085577
vt 0.533585 0.081744
vt 0.547122 0.071789
vt 0.545009 0.082809
vt 0.540997 0.088403
vt 0.381531 0.919237
vt 0.379401 0.899461
vt 0.385345 0.895867
vt 0.386756 0.896421
vt 0.392806 0.900403
vt 0.386396 0.923281
vt 0.060150 0.720682
vt 0.055205 0.723172
vt 0.040434 0.719713
vt 0.035390 0.709092
vt 0.035371 0.708247
vt 0.037683 0.696587
vt 0.555999 0.800395
vt 0.553089 0.803318
vt 0.553195 0.779952
vt 0.557012 0.787998
vt 0.558836 0.796982
vt 0.580510 0.093649
vt 0.580508 0.093649
vt 0.568230 0.076655
vt 0.568230 0.076655
vt 0.590959 0.074575
vt 0.590959 0.074575
vt 0.592479 0.074436
vt 0.592481 0.074442
vt 0.583211 0.091666
vt 0.522705 0.818253
vt 0.532568 0.797798
vt 0.537918 0.820329
vt 0.535828 0.821441
vt 0.522708 0.818258
vt 0.556750 0.102453
vt 0.552976 0.104018
vt 0.548946 0.105241
vt 0.544430 0.098486
vt 0.541820 0.090087
vt 0.013585 0.685514
vt 0.010885 0.681496
vt 0.007595 0.671425
vt 0.014126 0.661088
vt 0.030532 0.687749
vt 0.907028 0.497671
vt 0.910595 0.487469
vt 0.916238 0.492416
vt 0.919743 0.499238
vt 0.910512 0.501927
vt 0.053684 0.690108
vt 0.050789 0.695412
vt 0.049923 0.695321
vt 0.032204 0.689975
vt 0.032204 0.689975
vt 0.030532 0.687749
vt 0.034636 0.666815
vt 0.042108 0.667022
vt 0.062005 0.667495
vt 0.070847 0.667894
vt 0.059156 0.687364
vt 0.058765 0.669117
vt 0.871574 0.020660
vt 0.883081 0.012497
vt 0.883081 0.012497
vt 0.623968 0.053612
vt 0.643840 0.045785
vt 0.644882 0.045565
vt 0.650683 0.050176
vt 0.645799 0.073963
vt 0.636571 0.075312
vt 0.622805 0.055993
vt 0.622805 0.055991
vt 0.623968 0.053613
vt 0.585314 0.764838
vt 0.581550 0.776767
vt 0.575745 0.773439
vt 0.571968 0.767157
vt 0.581873 0.761143
vt 0.610243 0.084355
vt 0.610242 0.084356
vt 0.595993 0.075758
vt 0.596425 0.065587
vt 0.598657 0.061267
vt 0.058975 0.634591
vt 0.058975 0.634591
vt 0.069216 0.634841
vt 0.057660 0.649823
vt 0.306895 0.101975
vt 0.293829 0.107070
vt 0.608197 0.768582
vt 0.608197 0.768582
vt 0.601905 0.764246
vt 0.613196 0.755150
vt 0.616429 0.759943
vt 0.657818 0.105664
vt 0.649995 0.106943
vt 0.649995 0.106943
vt 0.631048 0.088724
vt 0.633707 0.084252
vt 0.655192 0.075236
vt 0.657312 0.075185
vt 0.659825 0.081589
vt 0.657818 0.105664
vt 0.586757 0.792878
vt 0.581424 0.799251
vt 0.581424 0.799251
vt 0.581698 0.777811
vt 0.586757 0.792878
vt 0.626174 0.107582
vt 0.602698 0.103476
vt 0.602698 0.103475
vt 0.627380 0.087384
vt 0.631043 0.088726
vt 0.553247 0.810355
vt 0.550736 0.807601
vt 0.550736 0.807595
vt 0.597947 0.116217
vt 0.597947 0.116218
vt 0.597947 0.116218
vt 0.585444 0.118738
vt 0.585444 0.118738
vt 0.578234 0.096184
vt 0.578234 0.096183
vt 0.578205 0.096093
vt 0.547737 0.848702
vt 0.540311 0.819737
vt 0.553417 0.839238
vt 0.547737 0.848702
vt 0.561192 0.102120
vt 0.561769 0.106036
vt 0.561187 0.102117
vt 0.005563 0.643027
vt 0.005563 0.643027
vt 0.020496 0.636026
vt 0.027222 0.654156
vt 0.025022 0.655945
vt 0.014126 0.661088
vt 0.936826 0.501390
vt 0.932449 0.506536
vt 0.920559 0.499509
vt 0.936826 0.501390
vt 0.049077 0.664600
vt 0.030254 0.658276
vt 0.027227 0.654158
vt 0.038374 0.633721
vt 0.044810 0.634032
vt 0.044810 0.634032
vt 0.051406 0.657719
vt 0.050758 0.664391
vt 0.910440 0.519482
vt 0.913975 0.526640
vt 0.913975 0.526640
vt 0.906423 0.534058
vt 0.902423 0.530030
vt 0.588993 0.144493
vt 0.588991 0.144493
vt 0.586045 0.143078
vt 0.597947 0.116219
vt 0.553417 0.839238
vt 0.572366 0.851787
vt 0.572605 0.855011
vt 0.572605 0.855011
vt 0.568224 0.144296
vt 0.564002 0.145914
vt 0.559995 0.146086
vt 0.567495 0.140356
vt 0.568228 0.144291
vt 0.005168 0.619632
vt 0.005168 0.619632
vt 0.013137 0.602489
vt 0.024239 0.609535
vt 0.026506 0.611727
vt 0.020382 0.629240
vt 0.538733 0.129010
vt 0.530364 0.146167
vt 0.532611 0.130567
vt 0.532611 0.130567
vt 0.049732 0.603557
vt 0.050609 0.610445
vt 0.038374 0.633721
vt 0.026511 0.611726
vt 0.029403 0.607810
vt 0.048040 0.603178
vt 0.919024 0.532080
vt 0.908848 0.539459
vt 0.907093 0.535550
vt 0.069721 0.601190
vt 0.057139 0.618981
vt 0.060885 0.601160
vt 0.873088 0.000604
vt 0.862399 0.009741
vt 0.616812 0.760202
vt 0.621264 0.763217
vt 0.612685 0.775024
vt 0.642014 0.134038
vt 0.638032 0.130583
vt 0.667606 0.128222
vt 0.667325 0.135199
vt 0.665301 0.135831
vt 0.601253 0.797363
vt 0.619889 0.142164
vt 0.619887 0.142164
vt 0.606549 0.126556
vt 0.606548 0.126555
vt 0.606548 0.126555
vt 0.606549 0.126555
vt 0.627291 0.114274
vt 0.638027 0.130582
vt 0.635019 0.133169
vt 0.584700 0.829091
vt 0.582739 0.832964
vt 0.579511 0.836366
vt 0.579506 0.836367
vt 0.576665 0.833768
vt 0.316629 0.132187
vt 0.302765 0.134807
vt 0.642995 0.167632
vt 0.642992 0.167632
vt 0.642992 0.167631
vt 0.641099 0.165637
vt 0.641099 0.165636
vt 0.647666 0.141809
vt 0.656838 0.140123
vt 0.669388 0.162281
vt 0.665443 0.168794
vt 0.664384 0.168917
vt 0.642996 0.167632
vt 0.613213 0.792733
vt 0.617248 0.796512
vt 0.612826 0.808009
vt 0.606252 0.803942
vt 0.602244 0.797457
vt 0.609359 0.155867
vt 0.616670 0.169229
vt 0.613140 0.165769
vt 0.609359 0.155868
vt 0.603985 0.830734
vt 0.587123 0.825265
vt 0.595740 0.826720
vt 0.592167 0.145346
vt 0.606501 0.158468
vt 0.606501 0.158476
vt 0.583150 0.166074
vt 0.583149 0.166073
vt 0.593572 0.858791
vt 0.580039 0.875577
vt 0.580033 0.875575
vt 0.572450 0.858057
vt 0.554242 0.164539
vt 0.553902 0.155252
vt 0.555864 0.146704
vt 0.587961 0.887555
vt 0.581149 0.904029
vt 0.563565 0.878728
vt 0.577242 0.876655
vt 0.585431 0.883531
vt 0.530086 0.147111
vt 0.533446 0.153879
vt 0.534367 0.161693
vt 0.525039 0.159827
vt 0.523578 0.154389
vt 0.051767 0.576467
vt 0.040976 0.599956
vt 0.033499 0.599408
vt 0.028657 0.576604
vt 0.030254 0.574396
vt 0.030254 0.574396
vt 0.047817 0.570506
vt 0.048682 0.570498
vt 0.072342 0.568232
vt 0.057587 0.599270
vt 0.057343 0.579894
vt 0.062220 0.568408
vt 0.616848 0.861652
vt 0.616848 0.861652
vt 0.614926 0.875172
vt 0.607670 0.881668
vt 0.600948 0.859847
vt 0.600948 0.859847
vt 0.554034 0.166543
vt 0.559598 0.170247
vt 0.565215 0.180229
vt 0.549412 0.176604
vt 0.548601 0.172558
vt 0.614161 0.907320
vt 0.607665 0.908955
vt 0.596573 0.888694
vt 0.604747 0.887493
vt 0.606686 0.887511
vt 0.615389 0.892296
vt 0.037437 0.542050
vt 0.052111 0.539829
vt 0.057156 0.543191
vt 0.035510 0.567760
vt 0.032775 0.554378
vt 0.032764 0.553430
vt 0.076978 0.537235
vt 0.058898 0.565062
vt 0.060403 0.548720
vt 0.069702 0.537502
vt 0.899891 0.750248
vt 0.909364 0.739715
vt 0.920477 0.748365
vt 0.910159 0.759838
vt 0.642767 0.188851
vt 0.642956 0.187871
vt 0.648822 0.173614
vt 0.648827 0.173613
vt 0.671081 0.195701
vt 0.671078 0.195706
vt 0.664207 0.199955
vt 0.646447 0.199904
vt 0.609649 0.185060
vt 0.614401 0.177660
vt 0.635959 0.191851
vt 0.631312 0.197604
vt 0.611609 0.195899
vt 0.608910 0.186871
vt 0.614521 0.827750
vt 0.618225 0.829812
vt 0.614542 0.846673
vt 0.607082 0.837984
vt 0.605930 0.831295
vt 0.581399 0.173262
vt 0.602242 0.186043
vt 0.593035 0.190534
vt 0.578148 0.188069
vt 0.578148 0.188068
vt 0.581399 0.173262
vt 0.305783 0.163451
vt 0.318256 0.147635
vt 0.304259 0.148990
vt 0.305783 0.163451
vt 0.073492 0.526918
vt 0.080182 0.523448
vt 0.065735 0.534857
vt 0.065521 0.534474
vt 0.920477 0.748365
vt 0.923580 0.714902
vt 0.935961 0.721338
vt 0.316629 0.194377
vt 0.302765 0.191902
vt 0.304259 0.177814
vt 0.318256 0.179032
vt 0.945497 0.691495
vt 0.932334 0.687504
vt 0.306895 0.223965
vt 0.293829 0.219066
vt 0.948716 0.659982
vt 0.935290 0.658573
vt 0.291089 0.251015
vt 0.279318 0.243899
vt 0.938991 0.199153
vt 0.949595 0.192564
vt 0.958769 0.204789
vt 0.948985 0.212469
vt 0.945497 0.628011
vt 0.932334 0.629222
vt 0.269817 0.274486
vt 0.259789 0.265448
vt 0.938991 0.199153
vt 0.923993 0.169043
vt 0.935826 0.164921
vt 0.935961 0.596811
vt 0.923580 0.600577
vt 0.243897 0.293478
vt 0.235993 0.282883
vt 0.914758 0.136872
vt 0.927347 0.135386
vt 0.920477 0.567579
vt 0.909364 0.573740
vt 0.214326 0.307259
vt 0.208844 0.295536
vt 0.911640 0.103877
vt 0.924484 0.105094
vt 0.910159 0.554636
vt 0.899891 0.561858
vt 0.182238 0.315301
vt 0.179385 0.302919
vt 0.914758 0.071327
vt 0.927347 0.075211
vt 0.147762 0.014098
vt 0.145799 0.001769
vt 0.162407 0.000604
vt 0.163009 0.013028
vt 0.100955 0.317050
vt 0.164216 0.303825
vt 0.165716 0.316288
vt 0.923993 0.040471
vt 0.935826 0.046883
vt 0.113221 0.010148
vt 0.117852 0.021791
vt 0.938991 0.012497
vt 0.949595 0.021200
vt 0.938991 0.012497
vt 0.082858 0.024232
vt 0.089977 0.034721
vt 0.948985 0.000604
vt 0.958769 0.010282
vt 0.055878 0.043479
vt 0.065208 0.052390
vt 0.921513 0.423571
vt 0.933229 0.415784
vt 0.942702 0.426318
vt 0.931831 0.435045
vt 0.033317 0.067148
vt 0.044495 0.074121
vt 0.919013 0.390972
vt 0.921513 0.423571
vt 0.906029 0.396545
vt 0.679006 0.203166
vt 0.684125 0.199862
vt 0.691821 0.199195
vt 0.690691 0.213305
vt 0.674598 0.214431
vt 0.674598 0.214431
vt 0.675285 0.207683
vt 0.691821 0.167854
vt 0.676019 0.189506
vt 0.677018 0.172861
vt 0.681084 0.168983
vt 0.680161 0.136041
vt 0.689538 0.134871
vt 0.676082 0.158000
vt 0.676633 0.138379
vt 0.674218 0.103086
vt 0.685060 0.101515
vt 0.674097 0.118826
vt 0.678559 0.069067
vt 0.674218 0.103086
vt 0.669021 0.088401
vt 0.669243 0.070602
vt 0.670285 0.038775
vt 0.665136 0.069474
vt 0.658393 0.051981
vt 0.659684 0.040723
vt 0.648478 0.024438
vt 0.653002 0.013321
vt 0.660555 0.011802
vt 0.654598 0.038490
vt 0.639487 0.003998
vt 0.655202 0.000604
vt 0.647111 0.012000
vt 0.642187 0.009314
vt 0.639487 0.003998
vt 0.060190 0.924663
vt 0.064170 0.921737
vt 0.071455 0.921762
vt 0.074630 0.936177
vt 0.059314 0.935848
vt 0.059313 0.935848
vt 0.057938 0.928968
vt 0.056726 0.890090
vt 0.066862 0.889923
vt 0.054875 0.910476
vt 0.053394 0.893659
vt 0.055417 0.856914
vt 0.064266 0.856583
vt 0.051852 0.878605
vt 0.052112 0.858944
vt 0.053510 0.823621
vt 0.063765 0.823021
vt 0.051669 0.839258
vt 0.053510 0.823621
vt 0.056526 0.791226
vt 0.065381 0.790529
vt 0.052184 0.808718
vt 0.058900 0.761343
vt 0.069049 0.760354
vt 0.053280 0.789777
vt 0.053648 0.772183
vt 0.067331 0.734486
vt 0.074630 0.733657
vt 0.055671 0.758778
vt 0.057672 0.744781
vt 0.096602 0.605359
vt 0.094063 0.602525
vt 0.094063 0.600360
vt 0.105528 0.595746
vt 0.105423 0.603103
vt 0.103016 0.608719
vt 0.101331 0.610955
vt 0.065735 0.510831
vt 0.069703 0.508186
vt 0.076978 0.508453
vt 0.080182 0.522241
vt 0.071844 0.518295
vt 0.065385 0.511457
vt 0.062221 0.477281
vt 0.072342 0.477456
vt 0.060403 0.496968
vt 0.058898 0.480627
vt 0.060885 0.444528
vt 0.069721 0.444499
vt 0.057343 0.465794
vt 0.057587 0.446419
vt 0.057140 0.426706
vt 0.058976 0.411097
vt 0.069216 0.410847
vt 0.070847 0.377795
vt 0.058976 0.411097
vt 0.057660 0.395866
vt 0.062005 0.378194
vt 0.074549 0.346612
vt 0.058765 0.376571
vt 0.059157 0.358325
vt 0.064414 0.347266
vt 0.063227 0.329642
vt 0.072894 0.319093
vt 0.080182 0.318496
vt 0.061197 0.344418
vt 0.672665 0.598053
vt 0.668120 0.601374
vt 0.657323 0.600887
vt 0.661468 0.569048
vt 0.669187 0.569541
vt 0.675857 0.581296
vt 0.668472 0.632671
vt 0.664663 0.634479
vt 0.655210 0.634238
vt 0.671623 0.613119
vt 0.666169 0.667882
vt 0.655210 0.667818
vt 0.668384 0.652369
vt 0.666764 0.700212
vt 0.657323 0.700337
vt 0.666169 0.667882
vt 0.669361 0.682929
vt 0.672239 0.730210
vt 0.661468 0.730545
vt 0.670685 0.701886
vt 0.675027 0.719613
vt 0.675177 0.756920
vt 0.667486 0.757281
vt 0.676980 0.733027
vt 0.681157 0.747105
vt 0.084228 0.446982
vt 0.091490 0.448440
vt 0.090576 0.449385
vt 0.084711 0.449277
vt 0.487134 0.160113
vt 0.491991 0.170613
vt 0.496848 0.181113
vt 0.485046 0.190447
vt 0.480282 0.180149
vt 0.491257 0.171211
vt 0.487106 0.160157
vt 0.486591 0.160555
vt 0.999396 0.188120
vt 0.984309 0.188603
vt 0.979103 0.163738
vt 0.994240 0.163494
vt 0.975681 0.135681
vt 0.990851 0.135707
vt 0.974174 0.105511
vt 0.989359 0.105827
vt 0.974641 0.074386
vt 0.989821 0.075001
vt 0.977063 0.043504
vt 0.992220 0.044416
vt 0.981347 0.014050
vt 0.996463 0.015245
vt 0.999396 0.002057
vt 0.984338 0.000604
vt 0.093381 0.619292
vt 0.093381 0.634372
vt 0.081620 0.632012
vt 0.081390 0.616885
vt 0.350151 0.670907
vt 0.339488 0.661324
vt 0.362017 0.647220
vt 0.372464 0.656938
vt 0.385384 0.629862
vt 0.395607 0.639747
vt 0.408692 0.609917
vt 0.418691 0.619994
vt 0.431044 0.588153
vt 0.440828 0.598439
vt 0.451581 0.565405
vt 0.461167 0.575909
vt 0.469514 0.542547
vt 0.478929 0.553271
vt 0.486263 0.535449
vt 0.486108 0.542439
vt 0.484155 0.520458
vt 0.484159 0.520463
vt 0.485729 0.517470
vt 0.494939 0.499987
vt 0.504109 0.511120
vt 0.497988 0.522740
vt 0.493836 0.522918
vt 0.138146 0.973441
vt 0.123778 0.974404
vt 0.130090 0.949921
vt 0.144398 0.949194
vt 0.134781 0.922137
vt 0.149043 0.921677
vt 0.137669 0.892119
vt 0.151904 0.891947
vt 0.138644 0.861020
vt 0.152870 0.861147
vt 0.137669 0.830036
vt 0.151904 0.830460
vt 0.134781 0.800357
vt 0.149043 0.801066
vt 0.130090 0.773124
vt 0.144398 0.774095
vt 0.319463 0.011672
vt 0.329659 0.000604
vt 0.349925 0.011973
vt 0.339535 0.022932
vt 0.371697 0.027220
vt 0.361098 0.038033
vt 0.394138 0.045760
vt 0.383323 0.056395
vt 0.416386 0.066880
vt 0.405357 0.077312
vt 0.437585 0.089769
vt 0.426353 0.099980
vt 0.456922 0.113546
vt 0.445503 0.123529
vt 0.473652 0.137298
vt 0.462073 0.147053
vt 0.475425 0.169649
vt 0.487134 0.160112
vt 0.487134 0.160113
vt 0.483607 0.127074
vt 0.490218 0.138262
vt 0.490679 0.146336
vt 0.467037 0.103550
vt 0.447887 0.080001
vt 0.426891 0.057333
vt 0.404857 0.036416
vt 0.382632 0.018054
vt 0.361069 0.002953
vt 0.114972 0.773899
vt 0.108720 0.750387
vt 0.123778 0.749383
vt 0.119617 0.800871
vt 0.122478 0.830265
vt 0.123444 0.860951
vt 0.122478 0.891751
vt 0.119617 0.921481
vt 0.114972 0.948998
vt 0.108720 0.973245
vt 0.482178 0.507567
vt 0.478346 0.500095
vt 0.483634 0.490057
vt 0.484156 0.520456
vt 0.484154 0.520445
vt 0.480884 0.517501
vt 0.484155 0.520458
vt 0.458454 0.532208
vt 0.465633 0.521375
vt 0.467663 0.523211
vt 0.471764 0.521468
vt 0.476943 0.518255
vt 0.440693 0.554846
vt 0.420353 0.577375
vt 0.398216 0.598931
vt 0.375132 0.618683
vt 0.351989 0.635875
vt 0.329676 0.649843
vt 0.319463 0.654898
vt 0.329075 0.666478
vt 0.329075 0.666478
vt 0.967080 0.014136
vt 0.970014 0.000948
vt 0.984338 0.000604
vt 0.962837 0.043306
vt 0.960439 0.073892
vt 0.959976 0.104718
vt 0.961469 0.134598
vt 0.964858 0.162385
vt 0.970014 0.187011
vt 0.501816 0.160169
vt 0.506580 0.170468
vt 0.772850 0.774952
vt 0.785245 0.802680
vt 0.775928 0.809454
vt 0.764549 0.783997
vt 0.081390 0.433491
vt 0.093738 0.434020
vt 0.095210 0.441553
vt 0.093626 0.446231
vt 0.087559 0.482649
vt 0.097761 0.461275
vt 0.098505 0.478891
vt 0.095726 0.482588
vt 0.658442 0.880089
vt 0.655210 0.853933
vt 0.669269 0.853048
vt 0.672236 0.877061
vt 0.704795 0.728840
vt 0.700177 0.637480
vt 0.627001 0.110871
vt 0.714005 0.666516
vt 0.634895 0.079833
vt 0.702042 0.695861
vt 0.098540 0.494198
vt 0.096438 0.513980
vt 0.093585 0.515989
vt 0.086438 0.516228
vt 0.764585 0.763283
vt 0.756789 0.773041
vt 0.756961 0.773284
vt 0.644592 0.137954
vt 0.089708 0.548238
vt 0.081390 0.548724
vt 0.093723 0.533116
vt 0.089709 0.548238
vt 0.658442 0.826975
vt 0.672237 0.828298
vt 0.681576 0.575685
vt 0.674700 0.566914
vt 0.609524 0.162776
vt 0.705701 0.608010
vt 0.700715 0.601181
vt 0.627001 0.110871
vt 0.714005 0.666515
vt 0.736355 0.653483
vt 0.743501 0.664704
vt 0.741213 0.710664
vt 0.767648 0.706395
vt 0.770745 0.712183
vt 0.743501 0.664704
vt 0.593966 0.069532
vt 0.774965 0.661601
vt 0.780133 0.731090
vt 0.776767 0.723898
vt 0.805660 0.710438
vt 0.755582 0.770799
vt 0.746078 0.778921
vt 0.734345 0.772130
vt 0.744697 0.763283
vt 0.678985 0.562817
vt 0.567027 0.122583
vt 0.738218 0.617002
vt 0.668015 0.800249
vt 0.681025 0.803762
vt 0.538733 0.129010
vt 0.540839 0.128497
vt 0.711079 0.571891
vt 0.540839 0.128497
vt 0.567027 0.122583
vt 0.801673 0.658058
vt 0.774965 0.661600
vt 0.612270 0.023159
vt 0.801673 0.658058
vt 0.848717 0.494963
vt 0.834052 0.510992
vt 0.828205 0.503352
vt 0.826759 0.499456
vt 0.834198 0.488493
vt 0.841938 0.486327
vt 0.582504 0.038471
vt 0.832576 0.444676
vt 0.833053 0.443936
vt 0.841390 0.440249
vt 0.827211 0.457964
vt 0.867058 0.476118
vt 0.841390 0.480982
vt 0.865425 0.474101
vt 0.718810 0.793574
vt 0.731816 0.798608
vt 0.932449 0.506536
vt 0.525985 0.109162
vt 0.524374 0.101802
vt 0.743252 0.580542
vt 0.556706 0.059556
vt 0.564343 0.071040
vt 0.871311 0.470767
vt 0.872861 0.470417
vt 0.683560 0.774783
vt 0.695297 0.780383
vt 0.881013 0.387809
vt 0.891365 0.385210
vt 0.892066 0.401197
vt 0.888661 0.394607
vt 0.885082 0.390636
vt 0.709244 0.817770
vt 0.723033 0.820822
vt 0.418222 0.947212
vt 0.791440 0.374453
vt 0.793476 0.358325
vt 0.649310 0.698491
vt 0.653682 0.705763
vt 0.653030 0.709965
vt 0.890441 0.351695
vt 0.855629 0.762398
vt 0.864968 0.770248
vt 0.857371 0.782889
vt 0.847354 0.776167
vt 0.029402 0.921792
vt 0.842035 0.347122
vt 0.842035 0.347122
vt 0.890044 0.318240
vt 0.693919 0.763283
vt 0.704807 0.769824
vt 0.572867 0.691296
vt 0.572867 0.691296
vt 0.423312 0.910089
vt 0.431210 0.914892
vt 0.420323 0.913844
vt 0.591381 0.667825
vt 0.591382 0.667825
vt 0.440547 0.942889
vt 0.441771 0.946757
vt 0.442676 0.950670
vt 0.643671 0.676633
vt 0.647046 0.677880
vt 0.648977 0.686926
vt 0.649074 0.696389
vt 0.640423 0.675864
vt 0.825104 0.323866
vt 0.431895 0.914806
vt 0.441768 0.910450
vt 0.441769 0.910450
vt 0.445478 0.916869
vt 0.008189 0.367813
vt 0.005812 0.372514
vt 0.005812 0.372508
vt 0.800229 0.303330
vt 0.800229 0.303330
vt 0.637167 0.669883
vt 0.825104 0.323866
vt 0.890189 0.286130
vt 0.706014 0.843789
vt 0.720068 0.844709
vt 0.425540 0.886033
vt 0.425540 0.886034
vt 0.422749 0.892424
vt 0.415293 0.880613
vt 0.418622 0.877380
vt 0.845633 0.268846
vt 0.881317 0.257334
vt 0.890872 0.256600
vt 0.845969 0.811238
vt 0.834935 0.807046
vt 0.847354 0.776167
vt 0.060151 0.325007
vt 0.069004 0.317050
vt 0.571959 0.613102
vt 0.032204 0.355714
vt 0.037684 0.349102
vt 0.032243 0.383164
vt 0.621146 0.624164
vt 0.608979 0.643517
vt 0.621146 0.624164
vt 0.020573 0.413033
vt 0.020573 0.413033
vt 0.000604 0.414724
vt 0.000604 0.414724
vt 0.018691 0.850465
vt 0.020968 0.848092
vt 0.025720 0.855960
vt 0.815975 0.287587
vt 0.602615 0.598137
vt 0.599813 0.594310
vt 0.015018 0.827696
vt 0.015018 0.827696
vt 0.014939 0.824380
vt 0.021677 0.806077
vt 0.031249 0.442078
vt 0.845127 0.242389
vt 0.865072 0.235742
vt 0.866063 0.235555
vt 0.881131 0.231787
vt 0.892066 0.230784
vt 0.922657 0.961085
vt 0.932715 0.954339
vt 0.940352 0.966965
vt 0.930976 0.974837
vt 0.099747 0.317050
vt 0.099747 0.334523
vt 0.099747 0.331798
vt 0.575502 0.586664
vt 0.063496 0.514841
vt 0.064886 0.521417
vt 0.036770 0.515597
vt 0.035009 0.506458
vt 0.709244 0.870630
vt 0.723033 0.869351
vt 0.032111 0.764574
vt 0.054578 0.740611
vt 0.054578 0.740611
vt 0.057672 0.744780
vt 0.055671 0.758778
vt 0.057156 0.502497
vt 0.827287 0.839810
vt 0.838948 0.841318
vt 0.910174 0.930227
vt 0.921254 0.926010
vt 0.264607 0.545614
vt 0.260886 0.541097
vt 0.260198 0.534349
vt 0.276291 0.535474
vt 0.234423 0.575165
vt 0.227922 0.545508
vt 0.226751 0.536104
vt 0.718810 0.897262
vt 0.731816 0.893801
vt 0.742582 0.033678
vt 0.824705 0.873200
vt 0.836578 0.871972
vt 0.739859 0.066557
vt 0.220495 0.668946
vt 0.751831 0.095864
vt 0.212601 0.637909
vt 0.738006 0.124876
vt 0.220620 0.615611
vt 0.230192 0.610826
vt 0.228592 0.581149
vt 0.228592 0.581148
vt 0.194850 0.550011
vt 0.193642 0.541819
vt 0.192149 0.622224
vt 0.192149 0.622224
vt 0.192149 0.622224
vt 0.743519 0.154366
vt 0.738528 0.161203
vt 0.168750 0.582706
vt 0.167000 0.575517
vt 0.195124 0.586003
vt 0.719367 0.186748
vt 0.712480 0.195546
vt 0.163748 0.560712
vt 0.162146 0.551275
vt 0.902487 0.897472
vt 0.914197 0.895939
vt 0.227464 0.728169
vt 0.232711 0.736780
vt 0.808505 0.050413
vt 0.805417 0.056172
vt 0.779003 0.051841
vt 0.209569 0.695167
vt 0.213218 0.702254
vt 0.751831 0.095865
vt 0.781314 0.097715
vt 0.774174 0.108916
vt 0.188298 0.645304
vt 0.183547 0.632562
vt 0.227788 0.739465
vt 0.812749 0.100906
vt 0.179566 0.679248
vt 0.781315 0.097714
vt 0.183547 0.632562
vt 0.168888 0.657067
vt 0.168888 0.657067
vt 0.776028 0.145407
vt 0.152628 0.626197
vt 0.152628 0.626197
vt 0.716761 0.199653
vt 0.133471 0.564108
vt 0.734345 0.922661
vt 0.746078 0.917119
vt 0.126439 0.620282
vt 0.748866 0.190557
vt 0.124333 0.619769
vt 0.126439 0.620282
vt 0.108720 0.579826
vt 0.827287 0.905933
vt 0.838948 0.902023
vt 0.839420 0.104558
vt 0.197870 0.725621
vt 0.812750 0.100906
vt 0.839420 0.104558
vt 0.153831 0.672125
vt 0.789331 0.473147
vt 0.780995 0.469460
vt 0.780516 0.468718
vt 0.775153 0.455432
vt 0.168105 0.710308
vt 0.149944 0.677740
vt 0.142306 0.689224
vt 0.142306 0.689224
vt 0.781032 0.181933
vt 0.109974 0.646977
vt 0.111585 0.639617
vt 0.334140 0.867420
vt 0.360299 0.864725
vt 0.361385 0.875775
vt 0.358917 0.880255
vt 0.899891 0.864079
vt 0.911814 0.865282
vt 0.319463 0.869266
vt 0.331280 0.880706
vt 0.744697 0.934144
vt 0.755582 0.927661
vt 0.334903 0.681177
vt 0.319463 0.688114
vt 0.319716 0.672611
vt 0.324527 0.675587
vt 0.326603 0.677023
vt 0.834935 0.936750
vt 0.845969 0.930315
vt 0.319463 0.721641
vt 0.902487 0.831331
vt 0.914197 0.835217
vt 0.450556 0.712392
vt 0.446184 0.719663
vt 0.449904 0.708189
vt 0.531208 0.790118
vt 0.529174 0.773992
vt 0.426623 0.700176
vt 0.423796 0.716278
vt 0.376378 0.897402
vt 0.445949 0.721764
vt 0.445852 0.731225
vt 0.443919 0.740275
vt 0.440548 0.741520
vt 0.437297 0.742290
vt 0.422122 0.723939
vt 0.402713 0.732906
vt 0.402713 0.732906
vt 0.400992 0.894051
vt 0.400074 0.897954
vt 0.398835 0.901812
vt 0.369741 0.726858
vt 0.369741 0.726858
vt 0.388256 0.750329
vt 0.388255 0.750329
vt 0.389424 0.929755
vt 0.381481 0.934528
vt 0.378475 0.930762
vt 0.319989 0.755095
vt 0.847354 0.964467
vt 0.857371 0.955762
vt 0.579768 0.801322
vt 0.579768 0.801322
vt 0.853492 0.569132
vt 0.562837 0.824578
vt 0.562837 0.824578
vt 0.332265 0.786676
vt 0.321020 0.787188
vt 0.910174 0.800487
vt 0.921254 0.806899
vt 0.875660 0.574436
vt 0.881996 0.561860
vt 0.884239 0.566141
vt 0.854011 0.598691
vt 0.848753 0.605211
vt 0.434041 0.748273
vt 0.547737 0.848702
vt 0.537963 0.845114
vt 0.416941 0.771172
vt 0.405852 0.774636
vt 0.005813 0.673180
vt 0.005812 0.673174
vt 0.008190 0.677875
vt 0.403786 0.927842
vt 0.403786 0.927842
vt 0.400055 0.934245
vt 0.400055 0.934245
vt 0.390115 0.929845
vt 0.356468 0.784126
vt 0.348739 0.785083
vt 0.383748 0.958607
vt 0.383748 0.958609
vt 0.376807 0.967245
vt 0.373456 0.963998
vt 0.380933 0.952202
vt 0.020573 0.632655
vt 0.000604 0.630964
vt 0.000604 0.630964
vt 0.020573 0.632655
vt 0.418020 0.793990
vt 0.418020 0.793990
vt 0.405852 0.774637
vt 0.032243 0.662523
vt 0.399995 0.786706
vt 0.399995 0.786706
vt 0.399995 0.786707
vt 0.037683 0.696586
vt 0.368833 0.805052
vt 0.069659 0.728295
vt 0.069004 0.728638
vt 0.060151 0.720682
vt 0.332208 0.816083
vt 0.322517 0.816688
vt 0.855629 0.976129
vt 0.864968 0.966468
vt 0.583366 0.879598
vt 0.553708 0.860857
vt 0.849758 0.634856
vt 0.845012 0.642745
vt 0.842741 0.640387
vt 0.922657 0.772731
vt 0.932715 0.781417
vt 0.603796 0.912889
vt 0.602803 0.912702
vt 0.582860 0.906055
vt 0.031249 0.603611
vt 0.845725 0.684804
vt 0.838996 0.666512
vt 0.839074 0.663189
vt 0.839074 0.663189
vt 0.399491 0.820015
vt 0.396687 0.823844
vt 0.396687 0.823845
vt 0.373953 0.829489
vt 0.372376 0.831489
vt 0.372376 0.831490
vt 0.372374 0.831490
vt 0.372373 0.831491
vt 0.324423 0.842462
vt 0.335493 0.841606
vt 0.878641 0.750382
vt 0.856178 0.726400
vt 0.856178 0.726396
vt 0.878646 0.750382
vt 0.334587 0.862809
vt 0.326663 0.863518
vt 0.258317 0.911254
vt 0.254766 0.914431
vt 0.267634 0.902919
vt 0.278994 0.911122
vt 0.268845 0.920201
vt 0.035510 0.567760
vt 0.057156 0.543191
vt 0.940352 0.770689
vt 0.930976 0.761045
vt 0.092855 0.615678
vt 0.092855 0.615678
vt 0.081390 0.611064
vt 0.081390 0.595746
vt 0.086865 0.598090
vt 0.090343 0.602705
vt 0.092750 0.608322
vt 0.294039 0.889331
vt 0.281447 0.882914
vt 0.164203 0.749642
vt 0.174721 0.757700
vt 0.164042 0.766776
vt 0.154077 0.759141
vt 0.163866 0.749383
vt 0.303055 0.864925
vt 0.289725 0.860507
vt 0.191482 0.778374
vt 0.179431 0.785756
vt 0.305696 0.838840
vt 0.292149 0.836559
vt 0.202439 0.802130
vt 0.189489 0.807566
vt 0.278629 0.541875
vt 0.286295 0.534349
vt 0.293403 0.546102
vt 0.294613 0.548102
vt 0.286266 0.554501
vt 0.301859 0.812079
vt 0.288626 0.811991
vt 0.207170 0.828056
vt 0.193832 0.831368
vt 0.307096 0.578959
vt 0.297726 0.582831
vt 0.291692 0.785670
vt 0.279292 0.787746
vt 0.205492 0.855156
vt 0.192293 0.856247
vt 0.314784 0.611714
vt 0.304784 0.612902
vt 0.275586 0.760629
vt 0.264506 0.764756
vt 0.197472 0.882388
vt 0.184929 0.881248
vt 0.317379 0.645107
vt 0.307167 0.643559
vt 0.266476 0.750972
vt 0.254766 0.754432
vt 0.264977 0.749383
vt 0.183416 0.908705
vt 0.172025 0.905409
vt 0.314784 0.677855
vt 0.304784 0.673624
vt 0.756789 0.969504
vt 0.764398 0.956870
vt 0.772685 0.963252
vt 0.764397 0.977014
vt 0.163138 0.916497
vt 0.154077 0.927802
vt 0.173736 0.920782
vt 0.307096 0.708700
vt 0.297726 0.701942
vt 0.785131 0.932383
vt 0.775824 0.928531
vt 0.294613 0.736455
vt 0.286266 0.727423
vt 0.792807 0.899626
vt 0.782871 0.898457
vt 0.278629 0.738152
vt 0.290039 0.742881
vt 0.286295 0.748141
vt 0.795419 0.866238
vt 0.785269 0.867805
vt 0.683560 0.926039
vt 0.695297 0.919246
vt 0.704807 0.927442
vt 0.693919 0.934966
vt 0.792865 0.833504
vt 0.782925 0.837752
vt 0.668015 0.904436
vt 0.681025 0.899413
vt 0.063496 0.530848
vt 0.064887 0.524271
vt 0.036770 0.530091
vt 0.035009 0.539231
vt 0.619049 0.891110
vt 0.628605 0.891844
vt 0.629799 0.917660
vt 0.618863 0.916657
vt 0.627922 0.862313
vt 0.627777 0.830204
vt 0.628174 0.796749
vt 0.629098 0.763234
vt 0.629799 0.747247
vt 0.616980 0.758826
vt 0.624582 0.751642
vt 0.810088 0.446234
vt 0.815000 0.437277
vt 0.825552 0.447644
vt 0.825223 0.448037
vt 0.817356 0.447504
vt 0.789331 0.432413
vt 0.789879 0.427069
vt 0.796659 0.418433
vt 0.774701 0.413939
vt 0.776146 0.410044
vt 0.781993 0.402404
vt 0.782139 0.424902
vt 0.814506 0.038765
vt 0.817856 0.031624
vt 0.843363 0.052326
vt 0.093585 0.349785
vt 0.086438 0.349546
vt 0.081390 0.317050
vt 0.089709 0.317536
vt 0.089709 0.317536
vt 0.093724 0.332659
vt 0.095726 0.383186
vt 0.087559 0.383125
vt 0.096438 0.351794
vt 0.098540 0.371577
vt 0.090577 0.416389
vt 0.084711 0.416497
vt 0.098505 0.386883
vt 0.097762 0.404500
vt 0.099538 0.613334
vt 0.094063 0.615678
vt 0.538619 0.576547
vt 0.527549 0.575692
vt 0.529789 0.554636
vt 0.537713 0.555345
vt 0.535334 0.602071
vt 0.525643 0.601466
vt 0.524146 0.630966
vt 0.523115 0.663059
vt 0.522589 0.696513
vt 0.522589 0.730040
vt 0.539383 0.742175
vt 0.536209 0.743592
vt 0.532019 0.745769
vt 0.522850 0.746040
vt 0.906938 0.538549
vt 0.907951 0.547365
vt 0.893274 0.545519
vt 0.898923 0.540595
vt 0.932727 0.534530
vt 0.935195 0.539011
vt 0.934109 0.550061
vt 0.547871 0.184672
vt 0.523120 0.168954
vt 0.576545 0.197505
vt 0.608042 0.206961
vt 0.609250 0.198769
vt 0.641150 0.212676
vt 0.642322 0.203272
vt 0.463716 0.179185
vt 0.457200 0.167594
vt 0.468684 0.158241
vt 0.437431 0.195709
vt 0.431168 0.183960
vt 0.409290 0.209052
vt 0.403297 0.197174
vt 0.380372 0.218699
vt 0.374657 0.206728
vt 0.351791 0.224280
vt 0.346350 0.212256
vt 0.324643 0.225580
vt 0.319463 0.213544
vt 0.492367 0.411289
vt 0.481517 0.422495
vt 0.464083 0.405458
vt 0.475101 0.394415
vt 0.444717 0.385662
vt 0.444727 0.385652
vt 0.459410 0.383116
vt 0.465604 0.384707
vt 0.424161 0.363869
vt 0.435562 0.353226
vt 0.449484 0.367986
vt 0.448613 0.372293
vt 0.442414 0.383220
vt 0.403206 0.340916
vt 0.414809 0.330494
vt 0.382658 0.317686
vt 0.394458 0.307487
vt 0.363306 0.295070
vt 0.375292 0.285088
vt 0.345893 0.273939
vt 0.358046 0.264160
vt 0.331089 0.255104
vt 0.343385 0.245506
vt 0.319463 0.239289
vt 0.331870 0.229843
vt 0.498821 0.521159
vt 0.507916 0.531885
vt 0.502702 0.542331
vt 0.461752 0.500204
vt 0.467359 0.490163
vt 0.436354 0.482345
vt 0.442206 0.472476
vt 0.408938 0.467569
vt 0.415053 0.457842
vt 0.380557 0.456444
vt 0.386945 0.446823
vt 0.528496 0.510849
vt 0.517887 0.513481
vt 0.517887 0.483029
vt 0.528496 0.480689
vt 0.273310 0.317495
vt 0.285604 0.326864
vt 0.270774 0.340489
vt 0.258622 0.330989
vt 0.253340 0.357527
vt 0.241356 0.347863
vt 0.233972 0.377321
vt 0.230570 0.374480
vt 0.231006 0.363696
vt 0.231643 0.357792
vt 0.233975 0.377321
vt 0.233973 0.377323
vt 0.233973 0.377323
vt 0.233970 0.377322
vt 0.231008 0.380466
vt 0.213418 0.399116
vt 0.201817 0.389052
vt 0.211897 0.378365
vt 0.219187 0.378269
vt 0.192463 0.422068
vt 0.181064 0.411785
vt 0.171915 0.445299
vt 0.160713 0.434792
vt 0.152563 0.467914
vt 0.141547 0.457190
vt 0.135150 0.489045
vt 0.124301 0.478118
vt 0.120346 0.507880
vt 0.109640 0.496772
vt 0.514838 0.106332
vt 0.521913 0.117328
vt 0.506784 0.139226
vt 0.499855 0.128019
vt 0.511453 0.149927
vt 0.132641 0.517479
vt 0.121127 0.533142
vt 0.108720 0.523696
vt 0.147303 0.498824
vt 0.164548 0.477896
vt 0.183715 0.455498
vt 0.204065 0.432491
vt 0.224819 0.409759
vt 0.234899 0.399071
vt 0.231964 0.384443
vt 0.233435 0.391440
vt 0.234672 0.398851
vt 0.264358 0.368570
vt 0.254860 0.378277
vt 0.247959 0.377729
vt 0.281624 0.351696
vt 0.352301 0.449396
vt 0.346248 0.461123
vt 0.319463 0.458449
vt 0.325257 0.446696
vt 0.374232 0.468103
vt 0.402341 0.479122
vt 0.429493 0.493756
vt 0.454647 0.511443
vt 0.495203 0.553165
vt 0.516680 0.564980
vt 0.509048 0.575597
vt 0.335045 0.284866
vt 0.320383 0.266212
vt 0.352290 0.305795
vt 0.371456 0.328193
vt 0.391807 0.351200
vt 0.412560 0.373932
vt 0.444714 0.385659
vt 0.444703 0.385657
vt 0.430504 0.383807
vt 0.422641 0.384619
vt 0.444717 0.385662
vt 0.452099 0.415121
vt 0.442602 0.405414
vt 0.448085 0.400834
vt 0.447922 0.400302
vt 0.442608 0.390194
vt 0.442072 0.387871
vt 0.469365 0.431995
vt 0.496347 0.436120
vt 0.484053 0.445489
vt 0.517887 0.446696
vt 0.528570 0.449338
vt 0.528570 0.479482
vt 0.517887 0.477133
vt 0.414895 0.219081
vt 0.386255 0.228636
vt 0.442766 0.205867
vt 0.468798 0.189501
vt 0.668189 0.234806
vt 0.693031 0.250686
vt 0.689760 0.261526
vt 0.666954 0.246947
vt 0.608305 0.015816
vt 0.585893 0.540784
vt 0.566098 0.525585
vt 0.574850 0.514628
vt 0.593024 0.528582
vt 0.014826 0.831099
vt 0.026703 0.797618
vt 0.578874 0.032141
vt 0.655210 0.242390
vt 0.655397 0.229843
vt 0.552326 0.052346
vt 0.549997 0.505076
vt 0.560069 0.495799
vt 0.605539 0.601674
vt 0.607769 0.605986
vt 0.032110 0.764574
vt 0.063429 0.732771
vt 0.575502 0.586664
vt 0.061299 0.729846
vt 0.062397 0.731353
vt 0.049613 0.738580
vt 0.906693 0.451879
vt 0.905079 0.466321
vt 0.896559 0.464704
vt 0.893274 0.436252
vt 0.903173 0.438309
vt 0.903173 0.438309
vt 0.903173 0.438310
vt 0.903173 0.438310
vt 0.979701 0.761045
vt 0.990517 0.768720
vt 0.981147 0.776005
vt 0.969494 0.768980
vt 0.979382 0.761293
vt 0.538210 0.480046
vt 0.549247 0.472820
vt 0.525581 0.117498
vt 0.525026 0.116780
vt 0.897289 0.496020
vt 0.908446 0.468739
vt 0.936132 0.522365
vt 0.936219 0.523420
vt 0.895435 0.528996
vt 0.954176 0.788710
vt 0.967084 0.794118
vt 0.531189 0.451457
vt 0.542802 0.446572
vt 0.867058 0.453169
vt 0.877611 0.465752
vt 0.944744 0.811388
vt 0.958424 0.814938
vt 0.748400 0.741559
vt 0.833053 0.474148
vt 0.832576 0.473229
vt 0.827211 0.457965
vt 0.848717 0.427448
vt 0.841938 0.434679
vt 0.478374 0.672114
vt 0.488117 0.678573
vt 0.482328 0.692150
vt 0.472070 0.686903
vt 0.877173 0.229843
vt 0.826759 0.412816
vt 0.828205 0.408866
vt 0.834052 0.402404
vt 0.834198 0.428839
vt 0.540980 0.418066
vt 0.540980 0.418066
vt 0.540980 0.418066
vt 0.530207 0.436082
vt 0.541900 0.432458
vt 0.716863 0.752812
vt 0.810004 0.299742
vt 0.775472 0.585280
vt 0.802159 0.600933
vt 0.941559 0.836141
vt 0.955500 0.837664
vt 0.684002 0.761135
vt 0.680838 0.758938
vt 0.685356 0.762075
vt 0.793476 0.358325
vt 0.745528 0.572250
vt 0.472069 0.686903
vt 0.474651 0.721787
vt 0.463707 0.719184
vt 0.778469 0.358230
vt 0.774701 0.355170
vt 0.774886 0.353065
vt 0.782019 0.332450
vt 0.784856 0.326432
vt 0.786394 0.309148
vt 0.786394 0.309148
vt 0.713479 0.562346
vt 0.530785 0.404091
vt 0.532334 0.388089
vt 0.543853 0.388396
vt 0.542430 0.403087
vt 0.445478 0.916869
vt 0.446538 0.918959
vt 0.446538 0.918959
vt 0.680556 0.555947
vt 0.944744 0.862020
vt 0.958424 0.861422
vt 0.661468 0.569047
vt 0.664448 0.554636
vt 0.460036 0.752639
vt 0.471281 0.752501
vt 0.540455 0.355746
vt 0.551308 0.358703
vt 0.895489 0.569001
vt 0.883381 0.555004
vt 0.898684 0.554636
vt 0.855247 0.559595
vt 0.954176 0.888029
vt 0.967084 0.885300
vt 0.461198 0.785981
vt 0.472347 0.783111
vt 0.853142 0.697577
vt 0.850748 0.693257
vt 0.838882 0.659783
vt 0.831628 0.632527
vt 0.536245 0.341224
vt 0.544879 0.323371
vt 0.547756 0.322444
vt 0.553256 0.324620
vt 0.534245 0.353060
vt 0.432922 0.765528
vt 0.427601 0.689483
vt 0.450877 0.699019
vt 0.563061 0.330127
vt 0.887498 0.758235
vt 0.850698 0.719783
vt 0.404643 0.812169
vt 0.402414 0.816478
vt 0.873693 0.752450
vt 0.885378 0.761191
vt 0.367352 0.837280
vt 0.400033 0.681717
vt 0.969494 0.913169
vt 0.981147 0.908380
vt 0.369231 0.676018
vt 0.467148 0.817929
vt 0.477810 0.812442
vt 0.110626 0.632000
vt 0.111183 0.631279
vt 0.362321 0.892424
vt 0.362409 0.891364
vt 0.336380 0.672606
vt 0.570246 0.295908
vt 0.578659 0.303768
vt 0.319724 0.672114
vt 0.976023 0.920550
vt 0.990517 0.918974
vt 0.979701 0.924708
vt 0.613380 0.747518
vt 0.477657 0.847256
vt 0.487458 0.839365
vt 0.581931 0.750513
vt 0.590771 0.270713
vt 0.597503 0.280637
vt 0.780516 0.440168
vt 0.780995 0.439247
vt 0.775152 0.455431
vt 0.786146 0.021085
vt 0.754612 0.009827
vt 0.553403 0.755841
vt 0.492322 0.872834
vt 0.500922 0.862848
vt 0.614905 0.918601
vt 0.529173 0.773992
vt 0.528891 0.763298
vt 0.614044 0.250003
vt 0.618868 0.261624
vt 0.531208 0.790118
vt 0.723090 0.000604
vt 0.718579 0.003723
vt 0.718597 0.003711
vt 0.524127 0.839296
vt 0.522589 0.822011
vt 0.524127 0.839296
vt 0.389992 0.868135
vt 0.402730 0.890609
vt 0.368776 0.897023
vt 0.364222 0.864725
vt 0.509221 0.872324
vt 0.501362 0.883156
vt 0.496385 0.877474
vt 0.639168 0.234574
vt 0.641934 0.247459
vt 0.404855 0.925758
vt 0.404855 0.925758
vt 0.369788 0.930542
vt 0.367219 0.963992
vt 0.655210 0.537746
vt 0.666954 0.539465
vt 0.668189 0.553429
vt 0.655397 0.551557
vt 0.653758 0.243115
vt 0.654003 0.243026
vt 0.652048 0.229843
vt 0.693031 0.550822
vt 0.689760 0.537072
vt 0.954004 0.229843
vt 0.964211 0.237777
vt 0.953280 0.246554
vt 0.943909 0.239269
vt 0.715925 0.541928
vt 0.710779 0.528907
vt 0.979529 0.257507
vt 0.967343 0.264667
vt 0.735992 0.527089
vt 0.729202 0.515283
vt 0.988961 0.280185
vt 0.976003 0.285487
vt 0.964928 0.561567
vt 0.957148 0.567489
vt 0.949923 0.554618
vt 0.957059 0.547548
vt 0.752461 0.506874
vt 0.744321 0.496725
vt 0.992146 0.304939
vt 0.978927 0.308213
vt 0.964928 0.561568
vt 0.976737 0.592754
vt 0.967989 0.596120
vt 0.764698 0.482061
vt 0.755556 0.473944
vt 0.988961 0.330817
vt 0.976003 0.331971
vt 0.984009 0.625614
vt 0.974665 0.626288
vt 0.772233 0.453603
vt 0.762474 0.447818
vt 0.979529 0.356826
vt 0.967343 0.355849
vt 0.986464 0.658886
vt 0.976920 0.656834
vt 0.764810 0.419349
vt 0.764810 0.419349
vt 0.763631 0.433722
vt 0.773493 0.438249
vt 0.964211 0.381966
vt 0.953280 0.378929
vt 0.984009 0.691290
vt 0.974665 0.686584
vt 0.762474 0.389632
vt 0.772233 0.390225
vt 0.773493 0.406252
vt 0.763631 0.404347
vt 0.943909 0.389523
vt 0.957940 0.389056
vt 0.954004 0.393505
vt 0.976737 0.721582
vt 0.967989 0.714394
vt 0.764698 0.357740
vt 0.755556 0.359809
vt 0.964928 0.748598
vt 0.957148 0.739196
vt 0.752460 0.326389
vt 0.744321 0.331026
vt 0.949923 0.749515
vt 0.957059 0.759838
vt 0.735992 0.297374
vt 0.729202 0.304389
vt 0.646238 0.551504
vt 0.633414 0.553145
vt 0.636651 0.539930
vt 0.654003 0.537710
vt 0.648425 0.538423
vt 0.715925 0.271813
vt 0.710779 0.280922
vt 0.608623 0.550090
vt 0.613892 0.537125
vt 0.718323 0.206546
vt 0.751253 0.200135
vt 0.783298 0.190254
vt 0.813225 0.177281
vt 0.839885 0.161716
vt 0.782139 0.484556
vt 0.789879 0.478716
vt 0.796659 0.485948
vt 0.781993 0.510991
vt 0.776146 0.504529
vt 0.774701 0.500579
vt 0.815000 0.460226
vt 0.321625 0.885789
vt 0.323478 0.918765
vt 0.334636 0.946047
vt 0.331270 0.948464
vt 0.322749 0.950081
vt 0.329363 0.976476
vt 0.319463 0.978533
vt 0.332883 0.962905
vt 0.164474 0.716639
vt 0.137926 0.696433
vt 0.193905 0.732964
vt 0.225088 0.744781
vt 0.246155 0.736977
vt 0.240802 0.748176
vt 0.409084 0.880601
vt 0.406062 0.864725
vt 0.419124 0.865054
vt 0.419124 0.865054
vt 0.420447 0.872632
vt 0.411675 0.914040
vt 0.410655 0.947570
vt 0.406062 0.979900
vt 0.815670 0.392602
vt 0.791158 0.385146
vt 0.791440 0.374453
vt 0.844198 0.397931
vt 0.875647 0.400926
vt 0.539506 0.745548
vt 0.572357 0.742136
vt 0.603159 0.736437
vt 0.630727 0.728670
vt 0.654003 0.719135
vt 0.454165 0.751914
vt 0.452084 0.749723
vt 0.453056 0.729915
vt 0.456970 0.718567
vt 0.031143 0.931364
vt 0.095745 0.564216
vt 0.082636 0.568380
vt 0.081390 0.554370
vt 0.094474 0.549931
vt 0.094487 0.590628
vt 0.081390 0.594539
vt 0.484116 0.722653
vt 0.480713 0.753665
vt 0.517912 0.264488
vt 0.529000 0.274315
vt 0.519025 0.295390
vt 0.508033 0.285361
vt 0.505006 0.317937
vt 0.494149 0.307691
vt 0.487481 0.341089
vt 0.476792 0.330621
vt 0.467124 0.363957
vt 0.456631 0.353269
vt 0.445642 0.363913
vt 0.421121 0.405370
vt 0.411069 0.394284
vt 0.397242 0.422322
vt 0.387421 0.411074
vt 0.374000 0.435869
vt 0.364401 0.424490
vt 0.352286 0.445489
vt 0.342896 0.434018
vt 0.243750 0.923638
vt 0.231520 0.923555
vt 0.238080 0.894004
vt 0.250247 0.894371
vt 0.241425 0.863089
vt 0.253559 0.863753
vt 0.241425 0.831999
vt 0.253559 0.832961
vt 0.238080 0.801928
vt 0.250247 0.803179
vt 0.560597 0.426176
vt 0.549604 0.422415
vt 0.552504 0.392457
vt 0.563469 0.396506
vt 0.560032 0.362476
vt 0.570925 0.366813
vt 0.571899 0.333623
vt 0.582677 0.338237
vt 0.587648 0.307008
vt 0.598275 0.311877
vt 0.317251 0.456829
vt 0.308282 0.467594
vt 0.294263 0.445047
vt 0.303367 0.434499
vt 0.276738 0.421895
vt 0.286010 0.411569
vt 0.256380 0.399027
vt 0.265849 0.388921
vt 0.210377 0.357615
vt 0.220287 0.347907
vt 0.231859 0.357571
vt 0.186499 0.340662
vt 0.196638 0.331117
vt 0.163256 0.327116
vt 0.173619 0.317700
vt 0.943909 0.394713
vt 0.957659 0.394953
vt 0.963482 0.422971
vt 0.949676 0.422461
vt 0.966064 0.453097
vt 0.952234 0.452298
vt 0.965306 0.484172
vt 0.951482 0.483075
vt 0.961236 0.515003
vt 0.947452 0.513610
vt 0.943909 0.528028
vt 0.957624 0.529705
vt 0.973443 0.515683
vt 0.969901 0.530101
vt 0.957624 0.529705
vt 0.977474 0.485148
vt 0.978225 0.454370
vt 0.975668 0.424534
vt 0.153658 0.338494
vt 0.132153 0.328967
vt 0.141542 0.317495
vt 0.176677 0.351911
vt 0.200326 0.368701
vt 0.245887 0.409715
vt 0.266049 0.432363
vt 0.283406 0.455293
vt 0.297290 0.477624
vt 0.318256 0.488670
vt 0.307169 0.498496
vt 0.231520 0.774032
vt 0.217809 0.774136
vt 0.208377 0.749724
vt 0.221996 0.749383
vt 0.224306 0.801764
vt 0.227618 0.831546
vt 0.227618 0.862337
vt 0.224306 0.892955
vt 0.217809 0.922222
vt 0.221996 0.950607
vt 0.208377 0.949015
vt 0.407382 0.431868
vt 0.384362 0.445285
vt 0.431031 0.415078
vt 0.476592 0.374064
vt 0.496754 0.351415
vt 0.514110 0.328486
vt 0.527994 0.306155
vt 0.492385 0.754777
vt 0.493452 0.785388
vt 0.481790 0.784572
vt 0.495755 0.724064
vt 0.491868 0.692729
vt 0.503433 0.694427
vt 0.497769 0.678886
vt 0.497769 0.678886
vt 0.509221 0.680850
s 1
f 90/1/90 88/2/88 257/3/257 260/4/260
f 2/5/2 276/6/276 647/7/638 649/8/640 648/9/639 646/10/637
f 16/11/16 18/12/18 146/13/146 142/14/142
f 655/15/646 650/16/641 651/17/642 653/18/644 652/19/643 654/20/645
f 656/21/647 657/22/648 661/23/652 658/24/649 659/25/650 660/26/651
f 662/27/653 663/28/654 665/29/656 277/30/277 664/31/655
f 669/32/660 668/33/659 666/34/657 667/35/658
f 671/36/662 670/37/661 673/38/664 672/39/663
f 677/40/668 676/41/667 674/42/665 278/43/278 675/44/666
f 682/45/673 681/46/672 680/47/671 679/48/670 678/49/669 683/50/674
f 687/51/678 688/52/679 686/53/677 689/54/680 685/55/676 684/56/675
f 691/57/682 690/58/681 693/59/684 279/60/279 692/61/683
f 695/62/686 694/63/685 696/64/687 698/65/689 697/66/688
f 701/67/692 702/68/693 699/69/690 700/70/691 703/71/694
f 707/72/698 704/73/695 280/74/280 705/75/696 706/76/697
f 282/77/282 281/78/281 710/79/701 708/80/699 709/81/700
f 283/82/283 712/83/703 713/84/704 714/85/705 711/86/702
f 719/87/710 284/88/284 720/89/711 716/90/707 717/91/708 718/92/709 715/93/706
f 722/94/713 721/95/712 4/96/4 2/5/2 646/10/637 723/97/714
f 724/98/715 90/1/90 260/4/260 261/99/261 726/100/717 725/101/716 727/102/718
f 285/103/285 729/104/720 728/105/719 731/106/722 734/107/725 732/108/723 733/109/724 730/110/721
f 737/111/728 286/112/286 738/113/729 735/114/726 736/115/727
f 739/116/730 285/103/285 287/117/287 741/118/732 740/119/731
f 742/120/733 288/121/288 5/122/5 4/96/4 721/95/712
f 18/12/18 19/123/19 149/124/149 146/13/146
f 744/125/735 289/126/289 290/127/290 291/128/291 743/129/734
f 750/130/741 752/131/743 753/132/744 751/133/742 746/134/737 745/135/736 747/136/738 748/137/739 749/138/740
f 755/139/746 293/140/293 292/141/292 754/142/745
f 757/143/748 759/144/750 760/145/751 287/117/287 756/146/747 758/147/749
f 279/60/279 693/59/684 762/148/753 763/149/754 761/150/752
f 765/151/756 764/152/755 768/153/759 767/154/758 766/155/757
f 769/156/760 770/157/761 295/158/295 294/159/294 771/160/762
f 705/75/696 280/74/280 772/161/763 774/162/765 773/163/764
f 296/164/296 776/165/767 778/166/769 777/167/768 775/168/766
f 782/169/773 779/170/770 780/171/771 781/172/772
f 786/173/777 787/174/778 783/175/774 298/176/298 297/177/297 784/178/775 785/179/776
f 788/180/779 789/181/780 791/182/782 790/183/781
f 764/152/755 765/151/756 793/184/784 299/185/299 792/186/783
f 795/187/786 300/188/300 294/159/294 295/158/295 794/189/785
f 799/190/790 798/191/789 797/192/788 301/193/301 796/194/787
f 803/195/794 800/196/791 801/197/792 802/198/793 804/199/795
f 806/200/797 805/201/796 782/169/773 781/172/772
f 811/202/802 313/203/313 812/204/803 807/205/798 808/206/799 809/207/800 297/177/297 298/176/298 810/208/801
f 815/209/806 790/183/781 791/182/782 814/210/805 813/211/804
f 319/212/319 7/213/7 5/122/5 288/121/288 817/214/808 816/215/807
f 261/99/261 262/216/262 92/217/92 818/218/809 819/219/810 726/100/717
f 822/220/813 291/128/291 290/127/290 821/221/812 820/222/811
f 823/223/814 824/224/815 323/225/323 826/226/817 750/130/741 749/138/740 825/227/816
f 827/228/818 292/141/292 293/140/293 828/229/819
f 830/230/821 831/231/822 829/232/820 832/233/823 833/234/824
f 834/235/825 835/236/826 836/237/827 333/238/333 837/239/828
f 19/123/19 21/240/21 154/241/154 149/124/149
f 838/242/829 839/243/830 841/244/832 843/245/834 842/246/833 840/247/831 844/248/835
f 847/249/838 845/250/836 846/251/837 849/252/840 848/253/839
f 850/254/841 851/255/842 347/256/347 852/257/843 853/258/844
f 837/239/828 333/238/333 854/259/845 855/260/846 856/261/847
f 858/262/849 299/185/299 859/263/850 860/264/851 861/265/852 857/262/848
f 864/266/855 357/267/357 865/268/856 862/269/853 863/270/854
f 868/271/859 867/272/858 866/273/857 301/193/301 797/192/788
f 870/274/861 366/275/366 871/276/862 872/277/863 869/278/860
f 873/279/864 874/280/865 876/281/867 875/282/866 877/283/868
f 880/284/871 882/285/873 881/286/872 883/287/874 884/288/875 879/289/870 878/290/869
f 886/291/877 379/292/379 9/293/9 7/213/7 319/212/319 885/294/876
f 887/295/878 888/296/879 890/297/881 889/298/880 891/299/882
f 895/300/886 894/301/885 897/302/888 896/303/887 892/304/883 893/305/884
f 903/306/894 902/307/893 900/308/891 901/309/892 899/310/890 898/311/889
f 906/312/897 904/313/895 9/293/9 379/292/379 905/314/896 907/315/898
f 93/316/93 92/217/92 262/216/262 264/317/264
f 909/318/900 908/319/899 911/320/902 910/321/901 912/322/903 913/323/904
f 917/324/908 916/325/907 919/326/910 918/327/909 914/328/905 915/329/906
f 924/330/915 922/331/913 923/332/914 920/333/911 921/334/912
f 926/335/917 928/336/919 927/336/918 930/337/921 929/338/920 925/339/916
f 931/340/922 932/341/923 934/342/925 933/343/924
f 21/240/21 23/344/23 158/345/158 154/241/154
f 96/346/96 93/316/93 264/317/264 266/347/266
f 935/348/926 936/349/927 938/350/929 937/351/928 939/352/930 940/353/931
f 943/354/934 946/355/937 945/356/936 941/357/932 942/358/933 944/359/935
f 947/360/938 948/361/939 949/362/940 950/363/941 951/364/942
f 953/365/944 955/366/946 954/367/945 956/368/947 957/369/948 952/370/943
f 960/371/951 959/372/950 958/373/949 961/374/952
f 966/375/957 963/376/954 962/377/953 965/378/956 964/379/955
f 971/380/962 972/381/963 969/382/960 970/383/961 968/384/959 967/385/958
f 974/386/965 973/387/964 976/388/967 975/389/966 977/390/968 978/391/969
f 979/392/970 451/393/451 13/394/13 980/395/971 981/396/972 982/397/973
f 452/398/452 453/399/453 220/400/220 454/401/454
f 983/402/974 985/403/976 984/404/975 987/405/978 986/406/977
f 992/407/983 994/408/985 993/409/984 988/410/979 991/411/982 990/412/981 989/413/980
f 995/414/986 455/415/455 16/416/16 13/394/13 451/393/451 996/417/987
f 158/345/158 23/344/23 456/418/456 457/419/457 458/420/458
f 1003/421/994 997/422/988 998/423/989 999/424/990 1000/425/991 1002/426/993 1001/427/992
f 1006/428/997 1007/429/998 1008/430/999 1004/431/995 1005/432/996
f 1011/433/1002 1012/434/1003 1009/435/1000 459/436/459 1010/437/1001
f 1015/438/1006 1014/439/1005 1013/440/1004 460/441/460 1016/442/1007
f 1017/443/1008 1018/444/1009 1019/445/1010 461/446/461 1021/447/1012 1020/447/1011
f 1023/448/1014 462/449/462 1022/450/1013 1024/451/1015 1025/452/1016
f 463/453/463 1027/454/1018 1028/455/1019 1029/456/1020 1026/457/1017
f 1033/458/1024 1030/459/1021 1032/460/1023 464/461/464 1031/462/1022
f 1036/463/1027 1035/464/1026 1034/465/1025 465/466/465 1037/467/1028
f 1040/468/1031 1042/469/1033 466/470/466 1038/471/1029 1039/472/1030 1041/473/1032
f 1016/442/1007 460/441/460 1045/474/1036 1043/475/1034 1044/476/1035
f 1048/477/1039 1049/478/1040 1047/479/1038 461/446/461 1046/480/1037
f 468/481/468 1053/482/1044 1052/483/1043 467/484/467 1050/485/1041 1051/486/1042
f 1055/487/1046 1054/488/1045 463/453/463 1026/457/1017 1056/489/1047
f 1057/490/1048 1058/491/1049 1059/492/1050 1061/493/1052 1060/494/1051
f 1063/495/1054 470/496/470 469/497/469 1062/498/1053
f 1068/499/1059 1064/500/1055 1065/501/1056 1066/502/1057 471/503/471 1067/504/1058 1069/505/1060
f 1070/506/1061 1071/507/1062 1072/508/1063 472/509/472
f 1073/510/1064 473/511/473 18/512/18 16/416/16 455/415/455 1074/513/1065
f 98/514/98 96/346/96 266/347/266 268/515/268
f 1075/516/1066 1076/517/1067 474/518/474 1077/519/1068 1078/520/1069 1079/521/1070
f 1085/522/1076 476/523/476 475/524/475 1080/525/1071 1081/526/1072 477/527/477 1084/528/1075 1083/529/1074 1082/530/1073
f 1091/531/1082 1092/532/1083 1086/533/1077 1087/534/1078 1068/499/1059 1069/505/1060 1088/535/1079 1089/536/1080 1090/537/1081
f 472/509/472 1094/538/1085 1095/539/1086 478/540/478 1093/541/1084 1070/506/1061
f 19/542/19 18/512/18 473/511/473 1097/543/1088 1096/544/1087
f 220/400/220 222/545/222 54/546/54 454/401/454
f 1077/519/1068 474/518/474 479/547/479 1098/548/1089
f 1102/549/1093 1101/550/1092 1100/551/1091 1103/552/1094 1099/553/1090 475/524/475 476/523/476
f 1104/554/1095 465/555/465 1034/556/1025
f 1108/557/1099 1107/558/1098 1105/559/1096 1106/560/1097 1109/561/1100 480/562/480
f 1110/563/1101 481/564/481 1111/565/1102 1112/566/1103 1113/567/1104
f 1115/568/1106 1116/569/1107 1117/570/1108 1049/478/1040 1048/477/1039 1114/571/1105
f 1053/482/1044 468/481/468 1119/572/1110 1118/573/1109
f 482/574/482 1122/575/1113 1121/576/1112 1120/577/1111 1123/578/1114
f 1126/579/1117 1125/580/1116 1127/581/1118 483/582/483 1124/583/1115
f 1129/584/1120 469/497/469 470/496/470 1128/585/1119
f 1132/586/1123 480/587/480 484/588/484 1130/589/1121 1131/590/1122
f 1133/591/1124 1134/592/1125 1135/593/1126 481/564/481 1110/563/1101
f 1115/568/1106 1114/571/1105 1138/594/1129 1137/595/1128 1139/596/1130 485/597/485 1136/598/1127
f 1143/599/1134 1140/600/1131 1141/601/1132 1142/602/1133 1144/603/1135
f 1146/604/1137 1122/575/1113 482/574/482 1145/605/1136 1147/606/1138
f 1148/607/1139 1150/608/1141 487/609/487 486/610/486 1149/611/1140
f 488/612/488 1154/613/1145 1152/614/1143 1151/615/1142 1153/616/1144
f 1159/617/1150 1160/618/1151 1155/619/1146 1156/620/1147 1158/621/1149 489/622/489 1157/623/1148
f 21/624/21 19/542/19 1096/544/1087 1161/625/1152 1162/626/1153 1163/627/1154
f 25/628/25 162/629/162 491/630/491 490/631/490
f 1169/632/1160 1170/633/1161 484/634/484 1164/635/1155 1166/636/1157 1167/637/1158 1168/638/1159 1165/639/1156
f 1171/640/1162 492/641/492 1172/642/1163 1173/643/1164 1174/644/1165
f 23/645/23 21/624/21 1163/627/1154 1176/646/1167 1175/646/1166 1178/647/1169 1177/648/1168 1179/649/1170
f 100/650/100 98/514/98 268/515/268 270/651/270
f 1183/652/1174 1181/653/1172 1180/654/1171 1182/655/1173 1185/656/1176 1184/657/1175
f 1189/658/1180 1188/659/1179 1187/660/1178 1186/661/1177 1191/662/1182 1190/663/1181
f 1195/664/1186 493/665/493 1192/666/1183 1193/667/1184 1194/668/1185
f 1199/669/1190 495/670/495 1196/671/1187 1197/672/1188 494/672/494 1198/673/1189
f 1201/674/1192 1200/675/1191 1203/676/1194 1202/677/1193
f 1206/678/1197 1205/679/1196 1207/680/1198 496/681/496 1204/682/1195
f 1212/683/1203 1211/684/1202 1210/685/1201 1213/686/1204 1208/687/1199 1209/688/1200
f 1221/689/1212 1222/690/1213 1215/691/1206 1214/692/1205 1217/693/1208 1216/694/1207 1218/695/1209 1220/696/1211 1219/697/1210
f 497/698/497 456/699/456 23/645/23 1179/649/1170 1223/700/1214
f 56/701/56 54/546/54 222/545/222 224/702/224
f 25/628/25 28/703/28 166/704/166 162/629/162
f 1225/705/1216 25/706/25 490/707/490 498/708/498 1226/709/1217 1224/710/1215
f 1228/711/1219 1227/712/1218 1229/713/1220 1230/714/1221
f 1234/715/1225 499/716/499 1233/717/1224 1232/718/1223 1231/719/1222
f 1240/720/1231 1239/721/1230 1235/722/1226 1236/723/1227 1237/724/1228 1238/725/1229
f 1244/726/1235 1242/727/1233 1241/728/1232 1243/729/1234 1245/730/1236 1246/731/1237
f 1247/732/1238 28/733/28 25/734/25 1225/735/1216 1249/736/1240 1248/737/1239
f 101/738/101 100/650/100 270/651/270 273/739/273
f 1251/740/1242 1250/741/1241 1252/742/1243 1253/743/1244 1256/744/1247 1254/745/1245 1255/746/1246
f 1257/747/1248 1258/748/1249 1260/749/1251 1259/750/1250 1261/751/1252 1262/752/1253
f 1263/753/1254 1264/754/1255 1266/755/1257 500/756/500 1265/757/1256
f 1268/758/1259 502/759/502 1269/760/1260 1270/761/1261 501/762/501 1267/763/1258
f 58/764/58 56/701/56 224/702/224 225/765/225
f 1273/766/1264 1272/767/1263 1271/768/1262 1277/769/1268 1278/770/1269 1275/771/1266 1276/772/1267 1274/773/1265 504/774/504 503/775/503
f 1281/776/1272 505/777/505 1282/778/1273 1279/779/1270 1280/780/1271
f 503/781/503 504/782/504 507/783/507 506/784/506 1283/785/1274 1284/786/1275 1285/787/1276
f 1288/788/1279 1286/789/1277 508/790/508 1287/791/1278 1289/792/1280
f 1290/793/1281 509/794/509 1291/795/1282 1294/796/1285 1292/797/1283 1293/798/1284 1295/799/1286
f 1300/800/1291 1296/801/1287 1299/802/1290 1298/803/1289 1297/804/1288
f 1302/805/1293 1301/806/1292 510/807/510 1303/808/1294 1304/809/1295
f 1307/810/1298 1306/811/1297 1305/812/1296 511/813/511 512/814/512
f 513/815/513 1308/816/1299 1310/817/1301 1311/818/1302 1309/819/1300
f 1317/820/1308 1318/821/1309 512/814/512 1316/822/1307 1313/823/1304 1312/824/1303 1315/825/1306 1314/826/1305
f 1320/827/1311 29/828/29 28/733/28 1247/732/1238 1319/829/1310 1321/830/1312
f 510/807/510 1322/831/1313 1323/832/1314 1324/833/1315 1303/808/1294
f 1327/834/1318 1326/835/1317 1328/836/1319 1329/837/1320 1325/838/1316 511/813/511
f 1330/839/1321 514/840/514 515/841/515 1331/842/1322
f 1335/843/1326 1332/844/1323 1336/845/1327 1337/846/1328 1339/847/1330 1338/848/1329 1340/849/1331 1333/850/1324 1334/851/1325
f 1341/852/1332 517/853/517 516/854/516 1342/855/1333
f 1343/856/1334 1344/857/1335 31/858/31 29/828/29 1320/827/1311 1345/859/1336
f 28/703/28 29/860/29 170/861/170 166/704/166
f 1347/862/1338 1346/863/1337 518/864/518 1349/865/1340 1348/866/1339
f 1350/867/1341 1352/868/1343 520/869/520 519/870/519 1354/871/1345 1353/872/1344 1351/873/1342
f 1356/874/1347 1355/875/1346 1358/876/1349 1357/877/1348
f 1362/878/1353 1360/879/1351 1359/880/1350 506/784/506 507/783/507 1363/881/1354 1365/882/1356 1364/883/1355 1361/884/1352
f 508/790/508 1286/789/1277 1368/885/1359 1367/886/1358 1366/887/1357
f 521/888/521 522/889/522 1370/890/1361 1295/799/1286 1293/798/1284 1369/891/1360 1371/892/1360 1373/893/1363 1372/894/1362
f 1375/895/1365 1376/896/1366 1374/897/1364 1378/898/1368 1377/899/1367
f 1380/900/1370 1347/862/1338 1348/866/1339 1379/901/1369 1381/902/1371
f 519/870/519 520/869/520 1383/903/1373 1384/904/1374 1385/905/1375 1386/906/1376 523/907/523 1387/908/1377 1382/909/1372
f 1356/874/1347 1357/877/1348 1389/910/1379 1388/911/1378
f 1392/912/1382 1395/913/1385 524/914/524 1394/915/1384 1391/916/1381 1390/917/1380 1393/918/1383
f 1397/919/1387 1396/920/1386 1398/921/1388 525/922/525 1399/923/1389
f 522/889/522 521/888/521 526/924/526 527/925/527 528/926/528 1403/927/1392 1402/928/1391 1401/929/1391 1400/930/1390
f 1405/931/1394 529/932/529 1404/933/1393 1377/899/1367 1378/898/1368
f 1408/934/1397 1406/935/1395 1407/936/1396 1409/937/1398 530/938/530
f 1412/939/1401 1410/940/1399 1411/941/1400 1414/942/1403 1413/943/1402
f 1415/944/1404 515/841/515 514/840/514 1416/840/1405
f 531/945/531 1420/946/1409 1417/947/1406 1418/948/1407 1332/844/1323 1335/843/1326 1419/949/1408
f 1423/950/1412 517/853/517 1341/852/1332 1422/852/1411 1421/951/1410
f 31/858/31 1344/857/1335 1424/952/1413 532/953/532 34/954/34
f 104/955/104 101/738/101 273/739/273 275/956/275
f 1427/957/1416 1428/958/1417 533/959/533 1425/960/1414 1426/961/1415
f 1430/962/1419 1431/963/1420 1432/964/1421 1433/965/1422 1429/966/1418
f 1436/967/1425 1438/968/1427 1439/969/1428 1440/970/1429 1437/971/1426 1434/972/1423 1435/973/1424
f 534/974/534 36/975/36 34/954/34 532/953/532 1441/976/1430 1442/977/1431
f 59/978/59 58/764/58 225/765/225 227/979/227
f 1449/980/1438 1448/981/1437 1443/982/1432 1444/983/1433 1445/984/1434 1446/985/1435 1447/986/1436 535/987/535 1450/988/1439
f 1453/989/1442 1451/990/1440 1452/991/1441 1454/992/1443 1455/993/1444
f 1457/994/1446 536/995/536 1456/996/1445 1392/997/1382 1393/998/1383 1448/981/1437 1449/980/1438
f 1399/923/1389 525/922/525 1460/999/1449 1459/1000/1448 1458/1001/1447
f 1464/1002/1453 1461/1003/1450 1462/1004/1451 528/926/528 527/925/527 1463/1005/1452 1465/1006/1454
f 1469/1007/1458 1466/1008/1455 1467/1009/1456 1468/1010/1457 529/932/529 1470/1011/1459
f 1471/1012/1460 530/938/530 1409/937/1398 1472/1013/1461 1473/1014/1462
f 1479/1015/1468 537/1016/537 1474/1017/1463 1476/1018/1465 1475/1019/1464 1477/1020/1466 538/1021/538 1478/1022/1467
f 1481/1023/1470 1480/1024/1469 1482/1025/1471 1483/1026/1472 1485/1027/1474 1484/1028/1473
f 1490/1029/1479 1488/1030/1477 1489/1031/1478 1486/1032/1475 1487/1033/1476
f 1493/1034/1482 1494/1035/1483 1492/1036/1481 1491/1037/1480 1496/1038/1485 1495/1039/1484
f 1500/1040/1489 1499/1041/1488 1502/1042/1491 1501/1043/1490 1497/1044/1486 1498/1045/1487
f 1507/1046/1496 1503/1047/1492 1504/1048/1493 1505/1049/1494 1506/1050/1495
f 1510/1051/1499 1511/1052/1500 1513/1053/1502 1512/1054/1501 1509/1055/1498 1508/1056/1497
f 1514/1057/1503 1515/1058/1504 1517/1059/1506 1516/1060/1505 1519/1061/1508 1518/1062/1507
f 539/1063/539 37/1064/37 36/975/36 534/974/534 1520/1065/1509 1521/1066/1510
f 29/860/29 31/1067/31 174/1068/174 170/861/170
f 1522/1069/1511 37/1064/37 539/1063/539 1524/1070/1513 1523/1071/1512 1525/1072/1514
f 104/955/104 275/956/275 542/1073/542 543/1073/543 541/1074/541 540/1075/540
f 544/1076/544 39/1077/39 1526/1078/1515 1529/1079/1518 1530/1080/1517 1528/1081/1517 1527/1082/1516
f 61/1083/61 59/978/59 227/979/227 230/1084/230
f 545/1085/545 42/1086/42 39/1087/39 544/1088/544 1531/1089/1519 1532/1090/1520
f 31/1067/31 34/1091/34 178/1092/178 174/1068/174
f 1538/1093/1526 547/1094/547 1537/1095/1525 1533/1096/1521 1534/1097/1522 1535/1098/1523 546/1099/546 1536/1100/1524
f 1539/1101/1527 1540/1102/1528 1542/1103/1530 1541/1104/1529 1544/1105/1532 1543/1106/1531
f 1546/1107/1534 1547/1108/1535 1549/1109/1537 1548/1110/1536 1545/1111/1533
f 1553/1112/1541 1550/1113/1538 1556/1114/1544 1555/1115/1543 1554/1116/1542 1557/1117/1545 1551/1118/1539 1552/1119/1540
f 1563/1120/1551 1562/1121/1550 1558/1122/1546 1559/1123/1547 1560/1124/1548 1561/1125/1549
f 1566/1126/1554 1567/1127/1555 1564/1128/1552 1565/1129/1553 1568/1130/1556
f 1570/1131/1558 1572/1132/1560 1571/1133/1559 1573/1134/1561 1574/1135/1562 1569/1136/1557
f 1576/1137/1564 1575/1138/1563 1578/1139/1566 1577/1140/1565 1579/1141/1567 1580/1142/1568
f 548/1143/548 1581/1144/1569 1582/1145/1570 1584/1146/1572 1583/1147/1571
f 549/1148/549 550/1149/550 1591/1150/1578 1590/1151/1577 1585/1152/1573 1586/1153/1573 1587/1154/1574 1589/1155/1576 1588/1156/1575
f 1592/1157/1579 1595/1158/1582 1596/1158/1583 551/1159/551 1594/1160/1581 1593/1161/1580
f 1599/1162/1586 552/1163/552 1600/1164/1587 1598/1165/1585 1597/1166/1584
f 1601/1167/1588 553/1168/553 1602/1169/1589 1603/1170/1590 1604/1171/1591
f 1605/1172/1592 1606/1173/1593 1607/1174/1594 1609/1175/1596 1608/1176/1595
f 1616/1177/1603 1615/1178/1602 1610/1179/1597 554/1180/554 1611/1181/1598 1612/1182/1599 1613/1183/1600 1614/1184/1601
f 555/1185/555 44/1186/44 42/1086/42 545/1085/545 1617/1187/1604 1618/1188/1605
f 61/1083/61 230/1084/230 231/1189/231 1620/1190/1607 1619/1191/1606
f 556/1192/556 1622/1193/1609 1623/1194/1610 1621/1195/1608 1625/1196/1612 1624/1197/1611 1626/1198/1613 1628/1199/1615 1627/1200/1614
f 1629/1201/1616 1630/1202/1617 1632/1203/1619 1631/1204/1618 1633/1205/1620
f 1628/1199/1615 1626/1198/1613 1637/1206/1624 1636/1207/1623 1635/1208/1622 557/1209/557 1634/1210/1621
f 1639/1211/1626 558/1212/558 45/1213/45 44/1186/44 555/1185/555 1638/1214/1625
f 34/1091/34 36/1215/36 182/1216/182 178/1092/178
f 1640/1217/1627 1644/1218/1631 1643/1219/1630 1641/1220/1628 1642/1221/1629
f 561/1222/561 560/1223/560 1650/1224/1637 1645/1225/1632 559/1226/559 1647/1227/1634 1648/1228/1635 1646/1229/1633 1649/1230/1636
f 1652/1231/1639 562/1232/562 1651/1233/1638 1653/1234/1640 1654/1235/1641
f 1658/1236/1645 563/1237/563 1655/1238/1642 1636/1207/1623 1637/1206/1624 1656/1239/1643 1657/1240/1644
f 1581/1144/1569 548/1143/548 1661/1241/1648 1660/1242/1647 1659/1243/1646
f 550/1149/550 549/1148/549 564/1244/564 1667/1245/1653 1666/1246/1652 565/1247/565 1662/1248/1649 1665/1249/1650 1663/1250/1650 1664/1251/1651
f 1671/1252/1657 551/1159/551 1668/1253/1654 1669/1254/1655 1670/1255/1656
f 1673/1256/1659 1674/1257/1660 552/1163/552 1599/1162/1586 1672/1258/1658
f 1678/1259/1664 566/1260/566 1679/1261/1665 1676/1262/1662 1677/1263/1663 1675/1264/1661
f 567/1265/567 568/1266/568 1680/1267/1666 1681/1268/1667
f 1683/1269/1669 569/1270/569 1682/1271/1668 1684/1272/1670 570/1273/570 1685/1274/1671 1687/1275/1673 1686/1276/1672
f 1688/1277/1674 1689/1278/1675 1690/1279/1676 1692/1280/1678 1691/1281/1677
f 1694/1282/1680 1693/1283/1679 1695/1284/1681 565/1247/565 1666/1246/1652 1696/1285/1682
f 1669/1254/1655 1698/1286/1684 1697/1287/1683 1699/1288/1685 1700/1289/1686 1670/1255/1656
f 1703/1290/1689 571/1291/571 1704/1292/1690 1701/1293/1687 1702/1294/1688
f 1707/1295/1693 1708/1296/1694 572/1297/572 1709/1298/1695 1706/1299/1692 1705/1300/1691
f 567/1301/567 1711/1302/1697 1710/1303/1696 568/1304/568
f 1717/1305/1703 1712/1306/1698 570/1273/570 1684/1272/1670 1713/1307/1699 1714/1308/1700 1715/1309/1701 1716/1310/1702
f 1692/1280/1678 1690/1279/1676 1719/1311/1705 573/1312/573 1718/1313/1704
f 48/1314/48 45/1213/45 558/1212/558 1721/1315/1707 1720/1316/1706
f 1722/1317/1708 1620/1190/1607 231/1189/231 1723/1318/1709
f 1725/1319/1711 574/1320/574 1724/1321/1710 1640/1217/1627 1642/1221/1629
f 1730/1322/1716 1726/1323/1712 560/1223/560 561/1222/561 1727/1324/1713 1728/1325/1714 1729/1326/1715
f 562/1232/562 1652/1231/1639 1731/1327/1717
f 576/1328/576 575/1329/575 1732/1330/1718 1733/1331/1719 1735/1332/1721 1734/1333/1720 1737/1334/1723 1738/1335/1724 1736/1336/1722
f 1741/1337/1727 577/1338/577 1742/1339/1728 1740/1340/1726 1739/1341/1725
f 36/1215/36 37/1342/37 185/1343/185 182/1216/182
f 1744/1344/1730 1745/1345/1731 1743/1346/1729 579/1347/579 578/1348/578 1747/1349/1732 1748/1350/1733 1749/1351/1734 1751/1352/1736 1750/1353/1735 1746/1354/1730
f 1752/1355/1737 580/1356/580 1755/1357/1740 1754/1358/1739 1753/1359/1738
f 1759/1360/1744 575/1329/575 576/1328/576 578/1348/578 579/1347/579 1756/1361/1741 1757/1362/1742 1758/1363/1743
f 1762/1364/1747 577/1338/577 1741/1337/1727 1760/1365/1745 1761/1366/1746
f 1694/1282/1680 1764/1367/1749 1765/1368/1750 1766/1369/1751 581/1370/581 1763/1371/1748 1693/1283/1679
f 1768/1372/1753 582/1372/582 1767/1373/1752 1770/1374/1755 1769/1375/1754 1700/1289/1686 1699/1288/1685
f 1704/1292/1690 571/1291/571 1773/1376/1758 1772/1377/1757 1771/1378/1756
f 1776/1379/1761 583/1380/583 572/1381/572 1774/1382/1759 1775/1383/1760
f 1779/1384/1764 1778/1385/1763 1780/1386/1765 584/1387/584 1777/1388/1762
f 1786/1389/1771 1785/1390/1770 1787/1391/1772 583/1392/583 1782/1393/1767 1783/1394/1768 1784/1395/1769 1781/1396/1766
f 49/1397/49 48/1314/48 1720/1316/1706 1790/1398/1775 1789/1399/1774 1788/1400/1773
f 1794/1401/1779 586/1402/586 1791/1403/1776 1793/1404/1778 585/1405/585 1792/1406/1777
f 1797/1407/1782 1796/1408/1781 1798/1409/1783 587/1410/587 1795/1411/1780
f 1803/1412/1788 1801/1413/1786 1799/1414/1784 1800/1415/1785 1802/1416/1787 1804/1417/1789
f 1810/1418/1795 1809/1419/1794 1807/1420/1792 1805/1421/1790 1806/1422/1791 1808/1423/1793
f 52/1424/52 49/1397/49 1788/1400/1773 1813/1425/1798 1812/1426/1797 1811/1427/1796
f 1815/1428/1800 234/1429/234 1816/1430/1801 1814/1431/1799
f 1820/1432/1805 1819/1433/1804 1823/1434/1808 1822/1435/1807 1821/1436/1806 1824/1437/1809 1818/1438/1803 1817/1439/1802
f 1825/1440/1810 1826/1441/1811 1827/1442/1812 1830/1443/1815 1829/1444/1814 1828/1445/1813
f 1834/1446/1819 588/1447/588 1831/1448/1816 1832/1449/1817 1833/1450/1818
f 589/1451/589 1836/1452/1821 1838/1453/1823 590/1454/590 1837/1455/1822 1835/1456/1820
f 189/1457/189 185/1343/185 37/1342/37 1522/1458/1511 1841/1459/1826 1839/1460/1824 1840/1457/1825
f 591/1461/591 592/1462/592 52/1424/52 1811/1427/1796 1842/1463/1827 1843/1464/1828
f 1844/1465/1829 1816/1430/1801 234/1429/234 235/1466/235 66/1467/66
f 39/1468/39 191/1469/191 189/1457/189 1840/1457/1825 1845/1470/1830 1526/1471/1515
f 68/1472/68 66/1467/66 235/1466/235 238/1473/238
f 39/1468/39 42/1474/42 195/1475/195 191/1469/191
f 70/1476/70 68/1472/68 238/1473/238 239/1477/239
f 42/1474/42 44/1478/44 200/1479/200 195/1475/195
f 594/1480/594 105/1481/105 595/1482/595 593/1483/593
f 72/1484/72 70/1476/70 239/1477/239 241/1485/241
f 44/1478/44 45/1486/45 203/1487/203 200/1479/200
f 276/1488/276 2/1489/2 110/1490/110 105/1481/105 594/1480/594
f 73/1491/73 72/1484/72 241/1485/241 244/1492/244
f 45/1486/45 48/1493/48 208/1494/208 203/1487/203
f 2/1489/2 4/1495/4 114/1496/114 110/1490/110
f 76/1497/76 73/1491/73 244/1492/244 245/1498/245
f 48/1493/48 49/1499/49 211/1500/211 208/1494/208
f 4/1495/4 5/1501/5 118/1502/118 114/1496/114
f 596/1503/596 76/1497/76 245/1498/245 597/1504/597
f 49/1499/49 52/1505/52 215/1506/215 211/1500/211
f 5/1501/5 7/1507/7 122/1508/122 118/1502/118
f 247/1509/247 78/1510/78 598/1511/598 600/1512/600
f 600/1513/600 599/1513/599 247/1513/247
f 601/1514/601 215/1506/215 52/1505/52 592/1515/592
f 7/1507/7 9/1516/9 126/1517/126 122/1508/122
f 80/1518/80 78/1510/78 247/1509/247 250/1519/250
f 1846/1520/1831 130/1521/130 126/1517/126 9/1516/9 904/1522/895
f 82/1523/82 80/1518/80 250/1519/250 252/1524/252
f 130/1521/130 1846/1520/1831 1847/1525/1832 1848/1526/1833
f 83/1527/83 82/1523/82 252/1524/252 253/1528/253
f 1850/1529/1835 133/1530/133 1851/1531/1836 1849/1532/1834
f 85/1533/85 83/1527/83 253/1528/253 256/1534/256
f 137/1535/137 133/1530/133 1850/1529/1835 980/1536/971 13/1537/13
f 88/2/88 85/1533/85 256/1534/256 257/3/257
f 13/1537/13 16/11/16 142/14/142 137/1535/137
f 1854/1538/1839 1852/1539/1837 104/1540/104 540/1541/540 603/1542/603 602/1543/602 1853/1544/1838
f 101/1545/101 104/1540/104 1852/1539/1837 1856/1546/1841 1855/1547/1840 1857/1548/1842
f 1858/1549/1843 100/1550/100 101/1545/101 1857/1548/1842 1860/1551/1845 1859/1552/1844
f 604/1553/604 98/1554/98 100/1550/100 1858/1549/1843 1861/1555/1846
f 96/1556/96 98/1554/98 604/1553/604 1862/1557/1847 1863/1558/1848 605/1559/605
f 93/1560/93 96/1556/96 605/1559/605 1865/1561/1850 1864/1562/1849 606/1563/606
f 1866/1564/1851 607/1565/607 92/1566/92 93/1560/93 606/1563/606 1867/1567/1852
f 1868/1568/1853 818/1569/809 92/1566/92 607/1565/607 608/1570/608 1870/1571/1855 1869/1572/1854
f 609/1573/609 610/1574/610 90/1575/90 724/1576/715 1871/1577/1856 1872/1578/1857 1873/1579/1858
f 611/1580/611 88/1581/88 90/1575/90 610/1574/610 1874/1582/1859 1875/1583/1860
f 612/1584/612 85/1585/85 88/1581/88 611/1580/611 1876/1586/1861 1877/1587/1862
f 613/1588/613 83/1589/83 85/1585/85 612/1584/612 1879/1590/1864 1878/1591/1863
f 1880/1592/1865 82/1593/82 83/1589/83 613/1588/613 1881/1594/1866
f 1884/1595/1869 80/1596/80 82/1593/82 1880/1592/1865 1882/1597/1867 1883/1598/1868
f 1887/1599/1872 78/1600/78 80/1596/80 1884/1595/1869 1885/1601/1870 1886/1602/1871
f 615/1603/599 614/1604/614 598/1605/598 78/1606/78 1887/1607/1872 1889/1608/1874 1888/1609/1873
f 1891/1610/1876 1890/1611/1875 76/1612/76 596/1613/596 616/1614/615 1892/1615/1877
f 1895/1616/1880 73/1617/73 76/1612/76 1890/1611/1875 1893/1618/1878 1894/1619/1879
f 1898/1620/1883 72/1621/72 73/1617/73 1895/1616/1880 1896/1622/1881 1897/1623/1882
f 1899/1624/1884 617/1625/616 70/1626/70 72/1621/72 1898/1620/1883
f 68/1627/68 70/1626/70 617/1625/616 1901/1628/1886 1900/1629/1885 618/1630/617
f 66/1631/66 68/1627/68 618/1630/617 1903/1632/1888 1902/1633/1887 619/1634/618
f 1904/1635/1889 1905/1636/1890 1844/1637/1829 66/1631/66 619/1634/618 1906/1638/1891
f 1907/1639/1892 620/1640/619 61/1641/61 1619/1642/1606 1908/1643/1893 1909/1644/1894
f 1910/1645/1895 621/1646/620 59/1647/59 61/1641/61 620/1640/619 1911/1648/1896
f 1913/1649/1898 58/1650/58 59/1647/59 621/1646/620 1912/1651/1897
f 1914/1652/1899 56/1653/56 58/1650/58 1913/1649/1898 1916/1654/1901 1915/1655/1900
f 1917/1656/1902 54/1657/54 56/1653/56 1914/1652/1899 1918/1658/1903 1919/1659/1904
f 1920/1660/1905 454/1661/454 54/1657/54 1917/1656/1902 1921/1662/1906 1922/1663/1907
f 623/1664/622 1923/1665/1908 1924/1666/1909 622/1667/621
f 624/1668/623 628/1669/626 629/1669/627 108/1670/108 220/1671/220 453/1672/453 627/1673/624 625/1674/624 626/1675/625
f 220/1676/220 108/1677/108 112/1678/112 222/1679/222
f 222/1679/222 112/1678/112 116/1680/116 224/1681/224
f 224/1681/224 116/1680/116 120/1682/120 225/1683/225
f 225/1683/225 120/1682/120 123/1684/123 227/1685/227
f 227/1685/227 123/1684/123 127/1686/127 230/1687/230
f 230/1687/230 127/1686/127 131/1688/131 231/1689/231
f 1723/1690/1709 231/1689/231 131/1688/131 1925/1691/1910
f 135/1692/135 234/1693/234 1815/1694/1800 1926/1695/1911
f 234/1696/234 135/1697/135 139/1698/139 235/1699/235
f 235/1699/235 139/1698/139 143/1700/143 238/1701/238
f 238/1701/238 143/1700/143 147/1702/147 239/1703/239
f 239/1703/239 147/1702/147 151/1704/151 241/1705/241
f 241/1705/241 151/1704/151 155/1706/155 244/1707/244
f 244/1707/244 155/1706/155 159/1708/159 245/1709/245
f 631/1710/615 597/1711/597 245/1709/245 159/1708/159 630/1712/628 632/1713/629
f 634/1714/630 163/1715/163 247/1716/247 599/1717/599 633/1718/599
f 247/1719/247 163/1720/163 168/1721/168 250/1722/250
f 250/1722/250 168/1721/168 172/1723/172 252/1724/252
f 252/1724/252 172/1723/172 176/1725/176 253/1726/253
f 253/1726/253 176/1725/176 180/1727/180 256/1728/256
f 256/1728/256 180/1727/180 183/1729/183 257/1730/257
f 257/1730/257 183/1729/183 187/1731/187 260/1732/260
f 260/1732/260 187/1731/187 190/1733/190 261/1734/261
f 261/1735/261 190/1736/190 194/1737/194 262/1738/262
f 262/1738/262 194/1737/194 197/1739/197 264/1740/264
f 264/1740/264 197/1739/197 201/1741/201 266/1742/266
f 266/1742/266 201/1741/201 205/1743/205 268/1744/268
f 268/1744/268 205/1743/205 209/1745/209 270/1746/270
f 270/1746/270 209/1745/209 213/1747/213 273/1748/273
f 273/1748/273 213/1747/213 217/1749/217 275/1750/275
f 624/1668/623 626/1675/625 542/1751/542 275/1750/275 217/1749/217 635/1752/631 636/1753/632
f 635/1752/631 217/1749/217 215/1754/215 601/1755/601 637/1756/591
f 213/1747/213 211/1757/211 215/1754/215 217/1749/217
f 209/1745/209 208/1758/208 211/1757/211 213/1747/213
f 205/1743/205 203/1759/203 208/1758/208 209/1745/209
f 201/1741/201 200/1760/200 203/1759/203 205/1743/205
f 197/1739/197 195/1761/195 200/1760/200 201/1741/201
f 194/1737/194 191/1762/191 195/1761/195 197/1739/197
f 190/1733/190 189/1763/189 191/1764/191 194/1765/194
f 187/1731/187 185/1766/185 189/1763/189 190/1733/190
f 183/1729/183 182/1767/182 185/1766/185 187/1731/187
f 180/1727/180 178/1768/178 182/1767/182 183/1729/183
f 176/1725/176 174/1769/174 178/1768/178 180/1727/180
f 172/1723/172 170/1770/170 174/1769/174 176/1725/176
f 168/1721/168 166/1771/166 170/1770/170 172/1723/172
f 163/1720/163 162/1772/162 166/1771/166 168/1721/168
f 638/1773/633 491/1774/491 162/1775/162 163/1715/163 634/1714/630 640/1776/630 639/1777/633
f 645/1778/636 643/1779/635 630/1712/628 159/1708/159 158/1780/158 458/1781/458 641/1782/634 642/1783/497 644/1784/497
f 155/1706/155 154/1785/154 158/1780/158 159/1708/159
f 151/1704/151 149/1786/149 154/1785/154 155/1706/155
f 147/1702/147 146/1787/146 149/1786/149 151/1704/151
f 143/1700/143 142/1788/142 146/1787/146 147/1702/147
f 139/1698/139 137/1789/137 142/1788/142 143/1700/143
f 135/1697/135 133/1790/133 137/1789/137 139/1698/139
f 1851/1791/1836 133/1790/133 135/1697/135 1926/1792/1911 1927/1793/1912
f 1925/1691/1910 131/1688/131 130/1794/130 1848/1795/1833 1928/1796/1913
f 127/1686/127 126/1797/126 130/1794/130 131/1688/131
f 123/1684/123 122/1798/122 126/1797/126 127/1686/127
f 120/1682/120 118/1799/118 122/1798/122 123/1684/123
f 116/1680/116 114/1800/114 118/1799/118 120/1682/120
f 112/1678/112 110/1801/110 114/1800/114 116/1680/116
f 108/1677/108 105/1802/105 110/1801/110 112/1678/112
f 595/1803/595 105/1804/105 108/1670/108 629/1669/627
f 89/1805/89 87/1806/87 258/1807/258 259/1808/259
f 623/1664/622 452/1809/452 454/1810/454 1920/1811/1905 1929/1812/1914 1923/1665/1908
f 1/1813/1 622/1667/621 1924/1666/1909 651/1814/642 650/1815/641 1930/1816/1915
f 15/1817/15 17/1818/17 145/1819/145 141/1820/141
f 1750/1353/1735 1751/1352/1736 1855/1547/1840 1856/1546/1841 1821/1436/1806 1822/1435/1807
f 1859/1552/1844 1860/1551/1845 1749/1351/1734 1748/1350/1733 1729/1326/1715 1728/1325/1714
f 823/223/814 825/227/816 1912/1651/1897 621/1646/620 1910/1645/1895
f 1862/1557/1847 604/1553/604 1861/1555/1846 1727/1324/1713 561/1222/561 1649/1230/1636
f 748/137/739 747/136/738 1915/1655/1900 1916/1654/1901
f 1865/1561/1850 605/1559/605 1863/1558/1848 1646/1229/1633 1648/1228/1635
f 745/135/736 746/134/737 733/109/724 732/108/723 1919/1659/1904 1918/1658/1903
f 731/106/722 1932/1821/1917 652/19/643 653/18/644 1931/18/1916 1922/1663/1907 1921/1662/1906 734/107/725
f 1933/1822/1918 323/225/323 824/224/815 839/243/830 838/242/829
f 1650/1224/1637 560/1223/560 1726/1323/1712 1738/1335/1724 1737/1334/1723 1934/1823/1919
f 757/143/748 758/147/749 753/132/744 752/131/743 1935/1824/1920
f 1625/1196/1612 1647/1227/1634 559/1226/559 1936/1825/1921 1624/1197/1611
f 756/146/747 287/117/287 285/103/285 730/110/721 1937/1826/1922
f 1867/1567/1852 606/1563/606 1864/1562/1849 1621/1195/1608 1623/1194/1610
f 654/20/645 729/104/720 285/103/285 739/116/730 658/24/649 661/23/652 655/15/646
f 1/1813/1 1930/1816/1915 657/1827/648 656/1828/647 1938/1829/1923 3/1830/3
f 1939/1831/1924 89/1805/89 259/1808/259 1941/1832/1926 1940/1833/1925
f 1827/1442/1812 1826/1441/1811 1756/1361/1741 579/1347/579 1743/1346/1729 1819/1433/1804 1820/1432/1805
f 843/245/834 841/244/832 1911/1648/1896 620/1640/619 1907/1639/1892
f 1747/1349/1732 578/1348/578 576/1328/576 1736/1336/1722 1942/1834/1927
f 1943/1835/1928 6/1836/6 3/1830/3 1938/1829/1923 667/1837/658 666/1838/657
f 17/1818/17 20/1839/20 150/1840/150 145/1819/145
f 1944/1841/1929 1909/1644/1894 1908/1643/1893 1945/1842/1930
f 1825/1440/1810 1828/1445/1813 1836/1452/1821 589/1451/589 581/1370/581 1766/1369/1751 1946/1843/1931
f 1947/1844/1932 840/247/831 842/246/833 1948/1845/1933
f 1765/1368/1750 1764/1367/1749 1732/1330/1718 575/1329/575 1759/1360/1744
f 831/231/822 830/230/821 826/226/817 323/225/323 1933/1822/1918
f 564/1244/564 563/1237/563 1658/1236/1645 1949/1846/1934 1667/1245/1653
f 1952/1847/1937 833/234/824 832/233/823 1950/1848/1935 1951/1849/1936
f 1936/1825/1921 559/1226/559 1645/1225/1632 1657/1240/1644 1656/1239/1643
f 741/118/732 287/117/287 760/145/751 698/65/689 696/64/687
f 556/1192/556 547/1094/547 1538/1093/1526 1622/1193/1609
f 660/26/651 659/25/650 1955/1850/1940 694/63/685 695/62/686 1953/1851/1938 1954/1852/1939 668/33/659 669/32/660
f 546/1099/546 608/1570/608 607/1565/607 1866/1564/1851 1536/1100/1524
f 1655/1238/1642 563/1237/563 564/1244/564 549/1148/549 1588/1156/1575
f 1951/1849/1936 1950/1848/1935 859/263/850 299/185/299 793/184/784 1956/1853/1941
f 1587/1154/1574 1957/1854/1942 557/1209/557 1635/1208/1622 1589/1155/1576
f 773/163/764 774/162/765 767/154/758 768/153/759 1958/1855/1943
f 1537/1095/1525 547/1094/547 556/1192/556 1627/1200/1614
f 772/161/763 280/74/280 704/73/695 676/41/667 677/40/668 1954/1852/1939 1953/1851/1938
f 1870/1571/1855 608/1570/608 546/1099/546 1535/1098/1523
f 6/1856/6 1943/1857/1928 675/44/666 278/43/278 8/1858/8
f 1960/1859/1945 263/1860/263 91/1861/91 1959/1862/1944
f 908/319/899 909/318/900 1944/1841/1929 1945/1842/1930 1961/1863/1946
f 581/1370/581 589/1451/589 1835/1456/1820 1796/1408/1781 1797/1407/1782 1773/1376/1758 571/1291/571 1703/1290/1689 1763/1371/1748
f 1948/1845/1933 913/323/904 912/322/903 1947/1844/1932
f 1701/1293/1687 1962/1864/1947 1662/1248/1649 565/1247/565 1695/1284/1681 1702/1294/1688
f 861/265/852 860/264/851 852/257/843 347/256/347 1963/1865/1948
f 20/1839/20 22/1866/22 153/1867/153 150/1840/150
f 1779/1384/1764 1711/1302/1697 567/1301/567 1681/1868/1667 1964/1869/1949 1771/1378/1756 1772/1377/1757 1778/1385/1763
f 916/325/907 917/324/908 910/321/901 911/320/902 1965/1870/1950
f 1966/1871/1951 1600/1164/1587 552/1163/552 1674/1257/1660 1967/1872/1952
f 1963/1865/1948 347/256/347 851/255/842 915/329/906 914/328/905
f 1672/1258/1658 1591/1150/1578 550/1149/550 1664/1251/1651 1673/1256/1659
f 799/190/790 792/186/783 299/185/299 858/262/849 798/191/789
f 1634/1210/1621 557/1209/557 1957/1854/1942 1541/1104/1529 1542/1103/1530
f 1968/1873/1953 1969/1874/1954 796/194/787 301/193/301 866/273/857
f 1540/1102/1528 1539/1101/1527 1970/1875/1955 1534/1097/1522 1533/1096/1521
f 1971/1876/1956 780/171/771 779/170/770 714/85/705 713/84/704 707/72/698 706/76/697
f 10/1877/10 8/1878/8 278/1879/278 674/1880/665 712/1881/703 283/1882/283
f 1554/1116/1542 1555/1115/1543 1972/1883/1957 1543/1106/1531 1544/1105/1532
f 868/271/859 888/296/879 887/295/878 875/282/866 876/281/867 867/272/858
f 806/1884/797 874/1885/865 873/1886/864 813/211/804 814/210/805 805/1887/796
f 11/1888/11 10/1877/10 283/1882/283 711/1889/702 789/181/780 788/180/779 1973/1890/1958
f 94/1891/94 91/1861/91 263/1860/263 265/1892/265
f 1689/1278/1675 1688/1277/1674 1608/1176/1595 1609/1175/1596 1680/1267/1666 568/1266/568 1710/1893/1696
f 1607/1894/1594 1606/1895/1593 1566/1126/1554 1568/1130/1556 1597/1166/1584 1598/1165/1585
f 919/326/910 1974/1896/1959 929/338/920 930/337/921 918/327/909
f 1565/1129/1553 1564/1128/1552 1975/1897/1960 1553/1112/1541 1552/1119/1540 1976/1898/1961
f 928/336/919 926/335/917 889/298/880 890/297/881
f 11/1888/11 1973/1890/1958 1977/1899/1962 1978/1900/1963
f 22/1866/22 24/1901/24 157/1902/157 153/1867/153
f 1982/1903/1964 1093/541/1084 478/540/478 12/1904/12 1981/1905/1965 1980/1906/1964 1979/1907/1964
f 95/1908/95 94/1891/94 265/1892/265 267/1909/267
f 515/841/515 1415/944/1404 1430/962/1419 1429/966/1418 1421/951/1410 1422/852/1411 1331/842/1322
f 1473/1014/1462 1472/1013/1461 1507/1046/1496 1506/1050/1495 1432/964/1421 1431/963/1420
f 942/358/933 941/357/932 957/369/948 956/368/947 1983/1910/1966
f 1504/1048/1493 1503/1047/1492 1492/1036/1481 1494/1035/1483
f 962/377/953 963/376/954 955/1911/946 953/1912/944
f 1480/1913/1469 1481/1914/1470 1984/1915/1967 1495/1039/1484 1496/1038/1485
f 984/404/975 985/403/976 964/379/955 965/378/956 1029/456/1020 1028/455/1019
f 472/509/472 1072/508/1063 986/406/977 987/405/978 1062/498/1053 469/497/469 1129/584/1120 1094/538/1085
f 1154/613/1145 488/612/488 14/1916/14 12/1904/12 478/540/478 1095/539/1086
f 540/1917/540 541/1918/541 219/1919/219 603/1920/603
f 1485/1027/1474 1475/1019/1464 1476/1018/1465 1985/1921/1968 1484/1028/1473
f 1986/1922/1969 1146/604/1137 1147/606/1138 1151/615/1142 1152/614/1143 1128/585/1119 470/496/470 1063/495/1054 1987/1923/1970
f 1204/682/1195 496/681/496 15/1924/15 14/1916/14 488/612/488 1153/616/1144
f 157/1902/157 24/1901/24 596/1925/596 597/1926/597
f 1989/1927/1972 1416/840/1405 514/840/514 1330/839/1321 1311/818/1302 1310/817/1301 1302/805/1293 1304/809/1295 1988/1928/1971
f 940/1929/931 939/1930/930 943/354/934 944/359/935 1990/1931/1973
f 1988/1928/1971 1991/1932/1974 1992/1933/1975 1408/934/1397 530/938/530 1471/1012/1460 1989/1927/1972
f 946/355/937 1010/1934/1001 459/1935/459 1993/1936/1976 945/356/936
f 1406/935/1395 1403/927/1392 528/926/528 1462/1004/1451 1407/936/1396
f 1056/489/1047 1021/447/1012 461/446/461 1047/479/1038 1055/487/1046
f 536/1937/536 1457/1938/1446 1483/1939/1472 1482/1940/1471 1994/1941/1977
f 1986/1922/1969 1987/1923/1970 1027/454/1018 463/453/463 1054/488/1045 1995/1942/1978
f 937/1943/928 938/1944/929 1997/1945/1980 1996/1946/1979
f 1991/1932/1974 1324/833/1315 1323/832/1314 1370/890/1361 522/889/522 1400/930/1390 1992/1933/1975
f 1993/1947/1976 459/436/459 1009/435/1000 1018/1948/1009 1017/1949/1008
f 1463/1005/1452 527/925/527 526/924/526 524/914/524 1395/913/1385
f 1038/1950/1029 466/1951/466 1998/480/1981 1046/480/1037 461/446/461 1019/445/1010
f 1465/1006/1454 1456/1952/1445 536/1937/536 1994/1941/1977 1464/1002/1453
f 1120/577/1111 1121/576/1112 1999/1953/1982 1117/570/1108 1116/569/1107
f 1450/988/1439 535/987/535 538/1021/538 1477/1020/1466
f 485/597/485 494/672/494 1197/672/1188 1205/679/1196 1206/678/1197 1145/605/1136 482/574/482 1123/578/1114 1136/598/1127
f 537/1016/537 609/1573/609 1873/1579/1858 1474/1017/1463
f 495/670/495 17/1954/17 15/1924/15 496/681/496 1207/680/1198 1196/671/1187
f 97/1955/97 95/1908/95 267/1909/267 269/1956/269
f 2001/1957/1984 936/1958/927 935/1959/926 2000/1960/1983 2002/1961/1985
f 1322/831/1313 510/807/510 1301/806/1292 1231/719/1222 1232/718/1223 1267/763/1258 501/762/501 509/794/509 1290/793/1281
f 2003/1962/1986 1188/659/1179 1189/658/1180 1198/673/1189 494/672/494 485/597/485 1139/596/1130
f 1479/1015/1468 1874/1582/1859 610/1574/610 609/1573/609 537/1016/537
f 2004/1963/1987 20/1964/20 17/1954/17 495/670/495 1199/669/1190
f 219/1919/219 221/1965/221 53/1966/53 602/1967/602 603/1920/603
f 1905/1636/1890 1904/1635/1889 2001/1968/1984 2002/1969/1985
f 1262/752/1253 1261/751/1252 2005/1970/1988 1291/795/1282 509/794/509 501/762/501 1270/761/1261
f 998/423/989 997/422/988 1996/1971/1979 1997/1972/1980
f 1292/797/1283 1294/796/1285 1283/785/1274 506/784/506 1359/880/1350
f 477/527/477 1081/526/1072 1040/468/1031 1041/473/1032 2006/1973/1989
f 2008/1974/1991 1394/915/1384 524/914/524 526/924/526 521/888/521 1372/894/1362 2009/1975/1992 2007/1976/1990
f 2012/1977/1995 2011/1978/1994 2010/1979/1993 1998/1980/1981 466/470/466 1042/469/1033
f 1390/1981/1380 1391/1982/1381 1387/908/1377 523/907/523 2013/1983/1996
f 1138/594/1129 1108/1984/1099 480/587/480 1132/586/1123 1137/595/1128
f 538/1021/538 535/987/535 1447/986/1436 1478/1022/1467
f 2014/1985/1997 1363/881/1354 507/783/507 504/782/504 1274/1986/1265
f 1002/426/993 1084/528/1075 477/527/477 2006/1973/1989 1001/427/992
f 2008/1987/1991 2007/1988/1990 1364/1989/1355 1365/1990/1356 1354/871/1345 519/870/519 1382/909/1372
f 1080/525/1071 475/524/475 1099/553/1090 1106/560/1097 1105/559/1096 2011/1978/1994 2012/1977/1995
f 523/907/523 1386/906/1376 1444/983/1433 1443/982/1432 2013/1983/1996
f 2015/1991/1998 1164/635/1155 484/634/484 480/562/480 1109/561/1100
f 1446/985/1435 1445/984/1434 1876/1586/1861 611/1580/611 1875/1583/1860
f 1186/661/1177 1187/660/1178 1130/589/1121 484/588/484 1170/1992/1161 1181/1993/1172 1183/1994/1174
f 2016/1995/1999 22/1996/22 20/1964/20 2004/1963/1987 1190/663/1181 1191/662/1182
f 26/1997/26 161/1998/161 458/1999/458 457/2000/457
f 161/2001/161 641/2002/634 458/2003/458
f 1273/2004/1264 503/781/503 1285/787/1276 1259/750/1250 1260/749/1251 1250/741/1241 1251/740/1242
f 619/1634/618 1902/1633/1887 1000/425/991 999/424/990 1906/1638/1891
f 2017/2005/2000 24/2006/24 22/2007/22 2016/2008/1999 1184/657/1175 1185/656/1176
f 99/2009/99 97/1955/97 269/1956/269 271/2010/271
f 1278/770/1269 1277/769/1268 1254/2011/1245 1256/2012/1247 2018/2013/2001 2019/2014/2002 1886/1602/1871 1885/1601/1870 2020/2015/2003
f 1351/873/1342 1276/772/1267 1275/771/1266 1883/1598/1868 1882/1597/1867 1350/867/1341
f 618/1630/617 1900/1629/1885 1082/530/1073 1083/529/1074 1903/1632/1888
f 1881/1594/1866 613/1588/613 1878/1591/1863 1383/903/1373 520/869/520 1352/868/1343
f 617/1625/616 1899/1624/1884 1102/549/1093 476/523/476 1085/522/1076 1901/1628/1886
f 1385/905/1375 1384/904/1374 1879/1590/1864 612/1584/612 1877/1587/1862
f 1897/1623/1882 1896/1622/1881 1167/637/1158 1166/636/1157 1100/551/1091 1101/550/1092
f 2021/2016/2004 1182/655/1173 1180/654/1171 2022/654/2005 1165/639/1156 1168/638/1159 1894/1619/1879 1893/1618/1878
f 1892/1615/1877 616/1614/615 596/1613/596 24/2006/24 2017/2005/2000
f 55/2017/55 53/1966/53 221/1965/221 223/2018/223
f 26/1997/26 27/2019/27 165/2020/165 161/1998/161
f 2024/2021/2007 2023/2022/2006 26/2023/26 457/2024/457 456/699/456 497/698/497 1223/700/1214
f 1097/543/1088 473/511/473 1073/510/1064 1087/534/1078 1086/533/1077
f 1441/976/1430 532/953/532 1424/952/1413 1418/948/1407 1417/947/1406
f 1092/532/1083 1091/531/1082 1156/620/1147 1155/619/1146 1162/626/1153 1161/625/1152
f 1159/617/1150 2025/2025/2008 1219/697/1210 1220/696/1211 1178/647/1169 1175/646/1166 1160/618/1151
f 2026/2026/2009 27/2027/27 26/2023/26 2023/2022/2006 1217/693/1208 1214/692/1205
f 102/2028/102 99/2009/99 271/2010/271 272/2029/272
f 2028/729/2011 1243/729/1234 1241/728/1232 2027/2030/2010 1314/826/1305 1315/825/1306 1248/737/1239 1249/736/1240
f 1338/848/1329 1339/847/1330 1321/830/1312 1319/829/1310 1312/824/1303 1313/823/1304
f 1065/501/1056 1064/500/1055 1074/513/1065 455/415/455 995/414/986
f 1345/859/1336 1337/846/1328 1336/845/1327 1343/856/1334
f 57/2031/57 55/2017/55 223/2018/223 226/2032/226
f 1236/723/1227 1235/722/1226 1307/810/1298 512/814/512 1318/821/1309 1242/727/1233 1244/726/1235
f 991/411/982 988/410/979 996/417/987 451/393/451 979/392/970
f 2029/2033/2012 1316/822/1307 512/814/512 511/813/511 1325/838/1316
f 471/503/471 1066/502/1057 993/409/984 994/408/985 2030/2034/2013
f 1328/836/1319 2031/2035/2014 1334/851/1325 1333/850/1324 1329/837/1320
f 2032/2036/2015 1125/580/1116 1126/579/1117 1089/536/1080 1088/535/1079
f 2033/2037/2016 1435/973/1424 1434/972/1423 1420/946/1409 531/945/531
f 2035/2038/2018 1124/583/1115 483/582/483 486/610/486 487/609/487 489/622/489 1158/621/1149 2034/2039/2017
f 1520/1065/1509 534/974/534 1442/977/1431 1437/971/1426 1440/970/1429
f 2037/2040/2020 1157/623/1148 489/622/489 487/609/487 1150/608/1141 1211/684/1202 1212/683/1203 1222/690/1213 1221/689/1212 2036/2041/2019
f 2038/2042/2021 30/2043/30 27/2027/27 2026/2026/2009 1209/688/1200 1208/687/1199
f 2033/2037/2016 531/945/531 1419/949/1408 1412/939/1401 1413/943/1402
f 1141/601/1132 1140/600/1131 1149/611/1140 486/610/486 483/582/483 1127/581/1118 2039/2044/2022 2041/2045/2024 2040/2046/2023
f 2042/2047/2025 2043/2048/2026 1439/969/1428 1438/968/1427
f 1143/599/1134 1144/603/1135 2045/2049/2028 2044/2050/2027 1202/677/1193 1203/676/1194 1213/686/1204 1210/685/1201 2046/2051/2029
f 2048/2052/2031 2047/2053/2030 1524/1070/1513 539/1063/539 1521/1066/1510
f 2049/2054/2032 32/2055/32 30/2043/30 2038/2042/2021 1200/675/1191 1201/674/1192
f 27/2019/27 30/2056/30 169/2057/169 165/2020/165
f 2050/2058/2033 982/397/973 981/396/972 2051/2059/2034
f 2053/2060/2036 2054/2061/2037 1297/804/1288 1298/803/1289 2052/2062/2035 1239/721/1230 1240/720/1231 1227/712/1218 1228/711/1219
f 2055/2063/2038 989/413/980 990/412/981 2056/2064/2039
f 1296/801/1287 1327/834/1318 511/813/511 1305/812/1296 1299/802/1290
f 1067/504/1058 471/503/471 2030/2034/2013 1058/491/1049 1057/490/1048
f 1411/941/1400 1410/940/1399 2057/2065/2040 2059/2066/2042 2058/2067/2041
f 1060/494/1051 1061/493/1052 2061/2068/2044 2062/2069/2045 2060/2036/2043
f 973/387/964 974/386/965 2050/2058/2033 2051/2059/2034 2063/2070/2046
f 1264/754/1255 1263/753/1254 1287/791/1278 508/790/508 1366/887/1357 2054/2061/2037 2053/2060/2036
f 2056/2064/2039 978/391/969 977/390/968 2055/2063/2038
f 1367/886/1358 1368/885/1359 2064/2071/2047 1374/897/1364 1376/896/1366
f 2065/2072/2048 1025/452/1016 1024/451/1015 1031/462/1022 464/461/464
f 2066/2073/2049 1404/933/1393 529/932/529 1468/1010/1457 2058/2067/2041 2059/2066/2042
f 2067/2074/2050 2062/2069/2045 2061/2068/2044 2068/2068/2051 2071/2075/2051 2070/2076/2051 1022/450/1013 462/449/462 467/484/467 1052/483/1043 2069/483/2052
f 1467/1009/1456 1466/1008/1455 2072/2077/2053 533/959/533 1428/958/1417
f 2073/2078/2054 1113/567/1104 1112/566/1103 1119/572/1110 468/481/468 1051/486/1042 2074/2079/2055
f 1515/1058/1504 1514/1057/1503 2043/2048/2026 2042/2047/2025
f 481/564/481 1135/593/1126 1194/668/1185 1193/667/1184 2044/2050/2027 2045/2049/2028 1111/565/1102
f 2047/2053/2030 2048/2052/2031 1518/1062/1507 1519/1061/1508 2075/2080/2056
f 493/665/493 33/2081/33 32/2055/32 2049/2054/2032 1192/666/1183
f 103/2082/103 102/2028/102 272/2029/272 274/2083/274
f 2073/2078/2054 2074/2079/2055 1045/474/1036 460/441/460 1013/440/1004 2076/2084/2057
f 1508/1056/1497 1509/1055/1498 2077/2085/2058 1516/1060/1505 1517/1059/1506
f 1037/2086/1028 465/555/465 1104/554/1095 1174/644/1165 1173/643/1164 1134/592/1125 1133/591/1124 2078/2087/2059
f 492/641/492 35/2088/35 33/2081/33 493/665/493 1195/664/1186 1172/642/1163
f 60/2089/60 57/2031/57 226/2032/226 228/2090/228
f 1288/788/1279 1289/792/1280 1280/780/1271 1279/779/1270 1358/876/1349 1355/875/1346 2079/2091/2060
f 972/381/963 971/380/962 975/389/966 976/388/967 2080/2092/2061
f 1460/999/1449 525/922/525 1398/921/1388 2081/2093/2062 2082/2094/2063
f 2065/2072/2048 464/461/464 1032/460/1023 967/385/958 968/384/959
f 529/932/529 1405/931/1394 1396/920/1386 1397/919/1387 1470/1011/1459
f 1044/476/1035 1043/475/1034 1050/485/1041 467/484/467 462/449/462 1023/448/1014 2083/2095/2064
f 533/959/533 2072/2077/2053 1511/1052/1500 1510/1051/1499 1425/960/1414
f 1380/900/1370 1381/902/1371 1455/2096/1444 1454/2097/1443 1388/2098/1378 1389/2099/1379
f 1452/991/1441 1451/990/1440 1488/1030/1477 1490/1029/1479 1458/1001/1447 1459/1000/1448
f 958/373/949 959/372/950 970/383/961 969/382/960 2084/2100/2065
f 1487/1033/1476 1486/1032/1475 1500/1040/1489 1498/1045/1487
f 951/364/942 950/363/941 2088/2101/2069 2085/371/2066 960/371/951 961/374/952 2086/2102/2067 2087/2103/2068
f 2089/2104/2070 1512/1054/1501 1513/1053/1502 1501/1043/1490 1502/1042/1491
f 1005/2105/996 1004/2106/995 1014/439/1005 1015/438/1006 949/362/940 948/361/939
f 1079/521/1070 1078/520/1069 1035/464/1026 1036/463/1027 1008/430/999 1007/429/998
f 1098/548/1089 479/547/479 38/2107/38 35/2108/35 492/2109/492 1171/2110/1162
f 30/2056/30 32/2111/32 173/2112/173 169/2057/169
f 2091/2113/2072 38/2107/38 479/547/479 474/518/474 1076/517/1067 2090/2114/2071
f 592/2115/592 103/2082/103 274/2083/274 601/2116/601
f 2092/2117/2073 821/221/812 290/127/290 289/126/289 40/2118/40 2094/2119/2074 2093/2120/2073 2095/2121/2073
f 62/2122/62 60/2089/60 228/2090/228 229/2123/229
f 738/113/729 286/112/286 41/2124/41 40/2118/40 289/126/289 744/125/735
f 32/2111/32 33/2125/33 177/2126/177 173/2112/173
f 1654/1235/1641 1653/1234/1640 1630/1202/1617 1629/1201/1616 1643/1219/1630 1644/1218/1631
f 1584/1146/1572 1582/1145/1570 1547/1108/1535 1546/1107/1534 1631/1204/1618 1632/1203/1619
f 896/2127/887 897/2128/888 932/341/923 931/340/922 2096/2129/2075
f 1548/1110/1536 1549/1109/1537 1563/2130/1551 1561/2131/1549
f 2098/2132/2077 933/343/924 934/342/925 2097/2133/2076 921/334/912 920/333/911
f 1571/1133/1559 1572/1132/1560 2099/2134/2078 1559/1123/1547 1558/1122/1546
f 845/250/836 922/331/913 924/330/915 856/261/847 855/260/846 846/251/837
f 743/129/734 291/128/291 822/220/813 848/253/839 849/252/840 828/229/819 293/140/293 755/139/746
f 894/2135/885 895/2136/886 871/2137/862 366/2138/366 2100/2139/2079
f 1659/1243/1646 1660/1242/1647 1668/1253/1654 551/1159/551 1596/1158/1583
f 2101/2140/2080 865/268/856 357/267/357 300/188/300 795/187/786 835/236/826 834/235/825 2103/2141/2081 2102/2142/2081
f 2104/2143/2082 553/2144/553 1601/2145/1588 1574/1135/1562 1573/1134/1561
f 2108/2146/2086 2107/2147/2085 854/259/845 333/238/333 836/237/827 2106/2148/2084 2105/2149/2083
f 1569/1136/1557 1577/2150/1565 1578/2151/1566 2109/2152/2087 1570/1131/1558
f 736/115/727 735/114/726 754/142/745 292/141/292 827/228/818 2107/2147/2085 2108/2146/2086 690/58/681 691/57/682
f 664/31/655 277/30/277 43/2153/43 41/2124/41 286/112/286 737/111/728
f 63/2154/63 62/2122/62 229/2123/229 232/2155/232
f 2111/2156/2089 2110/2157/2088 1651/1233/1638 562/1232/562 1731/1327/1717 1753/1359/1738 1754/1358/1739 1761/1366/1746 1760/1365/1745
f 898/311/889 899/310/890 893/305/884 892/304/883 2112/2158/2090
f 2110/2157/2088 2111/2156/2089 2113/2159/2091 2114/2160/2092 1661/1241/1648 548/1143/548 1583/1147/1571
f 2115/2161/2093 46/2162/46 43/2153/43 277/30/277 665/29/656
f 33/2125/33 35/2163/35 181/2164/181 177/2126/177
f 2117/2165/2095 902/307/893 903/306/894 2118/2166/2096 2116/2167/2094
f 1792/1406/1777 585/1405/585 582/1372/582 1768/1372/1753 1742/1339/1728 577/1338/577 1762/1364/1747 1833/1450/1818 1832/1449/1817
f 2119/2168/2097 2120/2169/2098 901/309/892 900/308/891
f 1697/1287/1683 1698/1286/1684 2114/2160/2092 2113/2159/2091 1739/1341/1725 1740/1340/1726
f 863/270/854 862/269/853 2100/2139/2079 366/2138/366 870/2170/861
f 551/1159/551 1671/1252/1657 2121/2171/2099 566/2172/566 1678/2172/1664 1594/1160/1581
f 771/160/762 294/159/294 300/188/300 357/267/357 864/266/855 2122/2173/2100 2123/2174/2101
f 1592/2175/1579 1593/2176/1580 1602/1169/1589 553/1168/553 2104/2177/2082
f 762/148/753 2105/2149/2083 2106/2148/2084 794/189/785 295/158/295 770/157/761 763/149/754
f 1611/2178/1598 554/2179/554 2124/2180/2102 1580/2181/1568 1579/2182/1567
f 2125/2183/2103 2126/2184/2104 663/28/654 662/27/653 692/61/683 279/60/279 761/150/752
f 1576/2185/1564 2129/2186/2107 2128/2187/2106 2127/2188/2105 1575/2189/1563
f 2130/2190/2108 1679/1261/1665 566/1260/566 2121/2191/2099 2132/2192/2110 2131/2193/2109
f 2123/2174/2101 2122/2173/2100 801/197/792 800/196/791 2134/2194/2112 2135/2195/2113 2133/2196/2111
f 1677/1263/1663 1676/1262/1662 1682/1271/1668 569/1270/569 2136/2197/2114
f 2138/2198/2116 2139/2199/2117 2137/2200/2115 776/165/767 296/164/296 282/77/282 709/81/700 702/68/693 701/67/692
f 2124/2201/2102 554/1180/554 1610/1179/1597
f 682/45/673 683/50/674 670/37/661 671/36/662 2126/2184/2104 2125/2183/2103 700/70/691 699/69/690 2140/2202/2118
f 1531/1089/1519 544/1088/544 1527/2203/1516 2128/2204/2106 2129/2205/2107
f 2141/2206/2119 47/2207/47 46/2162/46 2115/2161/2093 672/39/663 673/38/664
f 2142/2208/2120 63/2154/63 232/2155/232 2143/2209/2121
f 2117/2165/2095 2116/2167/2094 906/312/897 907/315/898
f 1767/1373/1752 582/1372/582 585/1405/585 1793/1404/1778 1802/1416/1787 1800/1415/1785 2144/2210/2122
f 881/286/872 882/285/873 2120/2169/2098 2119/2168/2097
f 572/1381/572 1708/2211/1694 1769/1375/1754 1770/1374/1755 1774/1382/1759
f 2145/2212/2123 313/203/313 811/202/802 803/2213/794 804/2214/795
f 35/2163/35 38/2215/38 186/2216/186 181/2164/181
f 583/1380/583 1776/1379/1761 1799/1414/1784 1801/1413/1786 1808/2217/1793 1806/2218/1791 1782/2219/1767
f 905/314/896 379/292/379 886/291/877 884/288/875 883/287/874
f 1709/1298/1695 572/1297/572 583/1392/583 1787/1391/1772 2146/2220/2124
f 878/290/869 879/289/870 812/204/803 313/203/313 2145/2212/2123
f 2131/2193/2109 1705/1300/1691 1706/1299/1692 1714/1308/1700 1713/1307/1699 2130/2190/2108
f 810/208/801 298/176/298 783/175/774 777/2221/768 778/2222/769 2135/2223/2113 2134/2224/2112
f 1614/1184/1601 1613/1183/1600 2136/2197/2114 569/1270/569 1683/1269/1669
f 281/78/281 282/77/282 296/164/296 775/168/766 2147/2225/2125 2148/2226/2126 720/2227/711 284/2228/284
f 1615/1178/1602 1616/1177/1603 1617/1187/1604 545/1085/545 1532/1090/1520
f 281/78/281 284/2228/284 719/2229/710 2150/2230/2128 2149/2231/2127 2151/2232/2127 684/56/675 685/55/676 680/47/671 681/46/672 710/79/701
f 50/2233/50 47/2207/47 2141/2206/2119 678/49/669 679/48/670 2152/2234/2129
f 817/214/808 288/121/288 742/120/733 784/178/775 297/177/297 809/207/800
f 1687/1275/1673 1638/1214/1625 555/1185/555 1618/1188/1605 1686/1276/1672
f 723/97/714 717/91/708 716/90/707 786/173/777 785/179/776 722/94/713
f 688/2235/679 687/2236/678 2154/2237/2131 715/93/706 718/92/709 648/9/639 649/8/640 2153/2238/2130
f 2155/2239/2132 51/2240/51 50/2233/50 2152/2234/2129 689/54/680 686/53/677
f 2157/2241/2134 2158/2242/2135 233/2243/233 64/2244/64 2156/2245/2133
f 1781/1396/1766 1784/1395/1769 2160/2246/2137 1805/1421/1790 1807/1420/1792 2159/2247/2136 1812/1426/1797 1813/1425/1798
f 1717/1305/1703 1716/1310/1702 1785/1390/1770 1786/1389/1771 1789/1399/1774 1790/1398/1775
f 319/212/319 816/215/807 808/206/799 807/205/798 885/294/876
f 558/1212/558 1639/1211/1626 1685/1274/1671 570/1273/570 1712/1306/1698 1721/1315/1707
f 2161/2248/2138 186/2216/186 38/2215/38 2091/2249/2072
f 276/2250/276 594/2251/594 593/2252/593 51/2253/51 2155/2254/2132 2162/2255/2139 647/2256/638
f 65/2257/65 64/2244/64 233/2243/233 236/2258/236
f 2094/2259/2074 40/2260/40 192/2261/192 2164/2262/2141 2163/2263/2140
f 67/2264/67 65/2257/65 236/2258/236 237/2265/237
f 40/2260/40 41/2266/41 196/2267/196 192/2261/192
f 69/2268/69 67/2264/67 237/2265/237 240/2269/240
f 41/2266/41 43/2270/43 199/2271/199 196/2267/196
f 453/2272/453 452/2273/452 623/2274/622 622/2275/621 106/2276/106
f 71/2277/71 69/2268/69 240/2269/240 242/2278/242
f 43/2270/43 46/2279/46 204/2280/204 199/2271/199
f 106/2276/106 622/2275/621 1/2281/1 109/2282/109
f 74/2283/74 71/2277/71 242/2278/242 243/2284/243
f 46/2279/46 47/2285/47 207/2286/207 204/2280/204
f 1/2281/1 3/2287/3 113/2288/113 109/2282/109
f 75/2289/75 74/2283/74 243/2284/243 246/2290/246
f 47/2285/47 50/2291/50 212/2292/212 207/2286/207
f 3/2287/3 6/2293/6 117/2294/117 113/2288/113
f 614/2295/614 75/2289/75 246/2290/246 600/2296/600 598/2297/598
f 50/2291/50 51/2298/51 216/2299/216 212/2292/212
f 6/2293/6 8/2300/8 121/2301/121 117/2294/117
f 491/2302/491 248/2303/248 77/2304/77 490/2305/490
f 595/2306/595 629/2307/627 628/2307/626 216/2299/216 51/2298/51 593/2308/593
f 8/2300/8 10/2309/10 125/2310/125 121/2301/121
f 79/2311/79 77/2304/77 248/2303/248 249/2312/249
f 10/2309/10 11/2313/11 129/2314/129 125/2310/125
f 81/2315/81 79/2311/79 249/2312/249 251/2316/251
f 2166/2317/2143 129/2314/129 11/2313/11 1978/2318/1963 2165/2319/2142
f 84/2320/84 81/2315/81 251/2316/251 254/2321/254
f 12/2322/12 134/2323/134 2167/2324/2144 1981/2325/1965
f 86/2326/86 84/2320/84 254/2321/254 255/2327/255
f 12/2322/12 14/2328/14 138/2329/138 134/2323/134
f 87/1806/87 86/2326/86 255/2327/255 258/1807/258
f 14/2328/14 15/1817/15 141/1820/141 138/2329/138
f 2168/2330/2145 103/2331/103 592/1462/592 591/1461/591 1843/1464/1828
f 102/2332/102 103/2331/103 2168/2330/2145 1809/1419/1794 1810/1418/1795 2169/2333/2146
f 2170/2334/2147 99/2335/99 102/2336/102 2169/2337/2146 1803/1412/1788 1804/1417/1789
f 1791/1403/1776 586/1402/586 97/2338/97 99/2335/99 2170/2334/2147
f 588/1447/588 95/2339/95 97/2338/97 586/1402/586 1794/1401/1779 1831/1448/1816
f 580/1356/580 94/2340/94 95/2339/95 588/1447/588 1834/1446/1819 1755/1357/1740
f 574/1320/574 91/2341/91 94/2340/94 580/1356/580 1752/1355/1737 1724/1321/1710
f 1959/2342/1944 91/2341/91 574/1320/574 1725/1319/1711 2171/2343/2148 2172/2344/2148
f 2173/2345/1926 1349/865/1340 518/864/518 89/2346/89 1939/2347/1924 2174/2348/2149 2175/2349/1926
f 1282/2350/1273 505/2351/505 87/2352/87 89/2346/89 518/864/518 1346/863/1337
f 1265/2353/1256 500/2354/500 86/2355/86 87/2352/87 505/2351/505 1281/2356/1272
f 2176/2357/2150 84/2358/84 86/2359/86 500/756/500 1266/755/1257
f 2177/2360/2151 81/2361/81 84/2362/84 2176/2363/2150 1230/2364/1221 1229/2365/1220
f 2178/2366/2152 79/2367/79 81/2361/81 2177/2360/2151 1238/2368/1229 1237/2369/1228
f 2179/2370/2153 77/2371/77 79/2367/79 2178/2366/2152 1246/2372/1237 1245/2373/1236
f 1226/709/1217 498/708/498 490/707/490 77/2371/77 2179/2370/2153
f 615/1603/599 1888/1609/1873 2180/2374/2154 75/2375/75 614/1604/614
f 2181/2376/2155 74/2377/74 75/2378/75 2180/2379/2154 1253/743/1244 1252/742/1243
f 2182/2380/2156 71/2381/71 74/2377/74 2181/2376/2155 1258/748/1249 1257/747/1248
f 502/759/502 69/2382/69 71/2381/71 2182/2380/2156 1269/760/1260
f 499/716/499 67/2383/67 69/2382/69 502/759/502 1268/758/1259 1233/717/1224
f 1308/816/1299 513/815/513 65/2384/65 67/2383/67 499/716/499 1234/715/1225
f 1342/855/1333 516/854/516 64/2385/64 65/2384/65 513/815/513 1309/819/1300
f 2183/2386/2157 2184/2387/2158 2185/2388/2159 2156/2389/2133 64/2385/64 516/854/516 517/853/517 1423/950/1412
f 2186/2390/2160 1718/1313/1704 573/1312/573 63/2391/63 2142/2392/2120 2187/2393/2160
f 1777/2394/1762 584/2395/584 62/2396/62 63/2391/63 573/1312/573 1719/1311/1705
f 587/1410/587 60/2397/60 62/2398/62 584/1387/584 1780/1386/1765 1795/1411/1780
f 590/1454/590 57/2399/57 60/2397/60 587/1410/587 1798/1409/1783 1837/1455/1822
f 55/2400/55 57/2399/57 590/1454/590 1838/1453/1823 2188/2401/2161
f 53/2402/53 55/2400/55 2188/2401/2161 1829/1444/1814 1830/1443/1815 2189/2403/2162
f 1853/1544/1838 602/1543/602 53/2402/53 2189/2403/2162 1817/1439/1802 1818/1438/1803
f 107/2404/107 219/2405/219 541/2406/541 543/1751/543
f 219/2405/219 107/2404/107 111/2407/111 221/2408/221
f 221/2408/221 111/2407/111 115/2409/115 223/2410/223
f 223/2410/223 115/2409/115 119/2411/119 226/2412/226
f 226/2412/226 119/2411/119 124/2413/124 228/2414/228
f 228/2414/228 124/2413/124 128/2415/128 229/2416/229
f 229/2417/229 128/2418/128 132/2419/132 232/2420/232
f 232/2420/232 132/2419/132 2190/2421/2163 2191/2422/2164 2192/2423/2160 2143/2424/2121
f 136/2425/136 233/2426/233 2158/2427/2135 2194/2428/2166 2193/2429/2165
f 233/2426/233 136/2425/136 140/2430/140 236/2431/236
f 236/2431/236 140/2430/140 144/2432/144 237/2433/237
f 237/2433/237 144/2432/144 148/2434/148 240/2435/240
f 240/2435/240 148/2434/148 152/2436/152 242/2437/242
f 242/2437/242 152/2436/152 156/2438/156 243/2439/243
f 243/2439/243 156/2438/156 160/2440/160 246/2441/246
f 599/1717/599 600/2442/600 246/2443/246 160/2444/160 632/1713/629 630/1712/628 643/1779/635 640/1776/630 634/1714/630 633/1718/599
f 645/1778/636 164/2445/164 248/2446/248 491/1774/491 638/1773/633 639/1777/633 640/1776/630 643/1779/635
f 248/2446/248 164/2445/164 167/2447/167 249/2448/249
f 249/2448/249 167/2447/167 171/2449/171 251/2450/251
f 251/2450/251 171/2449/171 175/2451/175 254/2452/254
f 254/2453/254 175/2454/175 179/2455/179 255/2456/255
f 255/2457/255 179/2458/179 184/2459/184 258/2460/258
f 258/2460/258 184/2459/184 188/2461/188 259/2462/259
f 2199/2463/2170 2200/2464/2170 2197/2465/1926 1941/2466/1926 259/2462/259 188/2461/188 2195/2467/2167 2196/2468/2168 2198/2469/2169
f 2201/2470/2148 2199/2463/2170 2198/2469/2169 2202/2471/2171 193/2472/193 263/2473/263 1960/2474/1945 2203/2475/2148
f 263/2473/263 193/2472/193 198/2476/198 265/2477/265
f 265/2477/265 198/2476/198 202/2478/202 267/2479/267
f 267/2479/267 202/2478/202 206/2480/206 269/2481/269
f 269/2481/269 206/2480/206 210/2482/210 271/2483/271
f 271/2483/271 210/2482/210 214/2484/214 272/2485/272
f 272/2486/272 214/2487/214 218/2488/218 274/2489/274
f 601/1755/601 274/2489/274 218/2488/218 636/1753/632 635/1752/631 637/1756/591
f 636/1753/632 218/2488/218 216/2490/216 628/1669/626 624/1668/623
f 214/2484/214 212/2491/212 216/2492/216 218/2493/218
f 210/2482/210 207/2494/207 212/2491/212 214/2484/214
f 206/2480/206 204/2495/204 207/2494/207 210/2482/210
f 202/2478/202 199/2496/199 204/2495/204 206/2480/206
f 198/2476/198 196/2497/196 199/2496/199 202/2478/202
f 193/2472/193 192/2498/192 196/2497/196 198/2476/198
f 2164/2499/2141 192/2498/192 193/2472/193 2202/2471/2171 2205/2500/2073 2206/2501/2073 2204/2502/2073
f 2195/2467/2167 188/2461/188 186/2503/186 2161/2504/2138 2207/2505/2071
f 184/2459/184 181/2506/181 186/2503/186 188/2461/188
f 179/2507/179 177/2508/177 181/2509/181 184/2510/184
f 175/2451/175 173/2511/173 177/2508/177 179/2507/179
f 171/2449/171 169/2512/169 173/2511/173 175/2451/175
f 167/2447/167 165/2513/165 169/2512/169 171/2449/171
f 164/2445/164 161/2514/161 165/2513/165 167/2447/167
f 642/1783/497 641/1782/634 161/2514/161 164/2445/164 645/1778/636 644/1784/497
f 631/1710/615 632/1713/629 160/2444/160 157/2515/157 597/1711/597
f 156/2516/156 153/2517/153 157/2515/157 160/2444/160
f 152/2436/152 150/2518/150 153/2519/153 156/2438/156
f 148/2434/148 145/2520/145 150/2518/150 152/2436/152
f 144/2432/144 141/2521/141 145/2520/145 148/2434/148
f 140/2430/140 138/2522/138 141/2521/141 144/2432/144
f 136/2425/136 134/2523/134 138/2522/138 140/2430/140
f 134/2523/134 136/2425/136 2193/2429/2165 2210/2524/2165 2209/2525/1964 2208/2526/1964 2167/2527/2144
f 2215/2528/2173 2190/2421/2163 132/2419/132 129/2529/129 2166/2530/2143 2212/2531/1962 2211/2532/1962 2213/2533/1962 2214/2534/2172
f 128/2418/128 125/2535/125 129/2529/129 132/2419/132
f 124/2536/124 121/2537/121 125/2535/125 128/2418/128
f 119/2538/119 117/2539/117 121/2540/121 124/2541/124
f 115/2409/115 113/2542/113 117/2543/117 119/2411/119
f 111/2407/111 109/2544/109 113/2542/113 115/2409/115
f 107/2404/107 106/2545/106 109/2544/109 111/2407/111
f 625/1674/624 627/1673/624 453/1672/453 106/2545/106 107/2404/107 543/1751/543 542/1751/542 626/1675/625
f 353/2546/353 352/2547/352 442/2548/442 443/2549/443
f 1534/1097/1522 1970/1875/1955 302/2550/302 1869/1572/1854 1870/1571/1855 1535/1098/1523
f 310/2551/310 311/2552/311 384/2553/384 382/2554/382
f 1874/1582/1859 1479/1015/1468 1478/1022/1467 1447/986/1436 1446/985/1435 1875/1583/1860
f 1876/1586/1861 1445/984/1434 1444/983/1433 1386/906/1376 1385/905/1375 1877/1587/1862
f 1728/1325/1714 1727/1324/1713 1861/1555/1846 1858/1549/1843 1859/1552/1844
f 1878/1591/1863 1879/1590/1864 1384/904/1374 1383/903/1373
f 1649/1230/1636 1646/1229/1633 1863/1558/1848 1862/1557/1847
f 1880/1592/1865 1881/1594/1866 1352/868/1343 1350/867/1341 1882/1597/1867
f 1648/1228/1635 1647/1227/1634 1625/1196/1612 1621/1195/1608 1864/1562/1849 1865/1561/1850
f 1867/1567/1852 1623/1194/1610 1622/1193/1609 1538/1093/1526 1536/1100/1524 1866/1564/1851
f 1729/1326/1715 1748/1350/1733 1747/1349/1732 1942/1834/1927 1730/1322/1716
f 1382/909/1372 1387/908/1377 1391/1982/1381 1394/2555/1384 2008/1987/1991
f 1650/1224/1637 1934/1823/1919 1949/1846/1934 1658/1236/1645 1657/1240/1644 1645/1225/1632
f 1274/773/1265 1276/772/1267 1351/873/1342 1353/872/1344 2014/2556/1997
f 1626/1198/1613 1624/1197/1611 1936/1825/1921 1656/1239/1643 1637/1206/1624
f 1884/1595/1869 1883/1598/1868 1275/771/1266 1278/770/1269 2020/2015/2003 1885/1601/1870
f 1533/1096/1521 1537/1095/1525 1627/1200/1614 1628/1199/1615 1634/1210/1621 1542/1103/1530 1540/1102/1528
f 1543/1106/1531 1972/1883/1957 303/2557/303 302/2550/302 1970/1875/1955 1539/1101/1527
f 353/2546/353 443/2549/443 2161/2558/2138 2091/2559/2072
f 1449/980/1438 1450/988/1439 1477/1020/1466 1475/1019/1464 1485/1027/1474 1483/1026/1472 1457/994/1446
f 1855/1547/1840 1751/1352/1736 1749/1351/1734 1860/1551/1845 1857/1548/1842
f 1448/981/1437 1393/998/1383 1390/1981/1380 2013/1983/1996 1443/982/1432
f 304/2560/304 303/2557/303 1972/1883/1957 1555/1115/1543 1556/1114/1544
f 311/2552/311 312/2561/312 386/2562/386 384/2553/384
f 1821/1436/1806 1856/1546/1841 1852/1539/1837 1854/1538/1839 1824/1437/1809
f 1482/1940/1471 1480/1913/1469 1496/1038/1485 1491/1037/1480 1461/1003/1450 1464/1002/1453 1994/1941/1977
f 1746/1354/1730 1750/1353/1735 1822/1435/1807 1823/1434/1808 1745/1345/1731 1744/1344/1730
f 1395/913/1385 1392/912/1382 1456/1952/1445 1465/1006/1454 1463/1005/1452
f 1726/1323/1712 1730/1322/1716 1942/1834/1927 1736/1336/1722 1738/1335/1724
f 2009/1975/1992 1372/894/1362 1373/893/1363 1362/878/1353 1361/884/1352 1364/883/1355 2007/1976/1990
f 1667/1245/1653 1949/1846/1934 1934/1823/1919 1737/1334/1723 1734/1333/1720 1735/1332/1721 1696/1285/1682 1666/1246/1652
f 1353/2563/1344 1354/2564/1345 1365/882/1356 1363/881/1354 2014/1985/1997
f 1635/1208/1622 1636/1207/1623 1655/1238/1642 1588/1156/1575 1589/1155/1576
f 1255/2565/1246 1254/2011/1245 1277/769/1268 1271/768/1262 1272/767/1263
f 1544/1105/1532 1541/1104/1529 1957/1854/1942 1587/1154/1574 1586/1153/1573 1585/1152/1573 1590/1151/1577 1557/1117/1545 1554/1116/1542
f 1887/1599/1872 1886/1602/1871 2019/2014/2002 2018/2013/2001 1889/2566/1874
f 1359/880/1350 1360/879/1351 1362/878/1353 1373/893/1363 1371/892/1360 1369/891/1360 1293/798/1284 1292/797/1283
f 1694/1282/1680 1696/1285/1682 1735/1332/1721 1733/1331/1719 1732/1330/1718 1764/1367/1749
f 1294/796/1285 1291/795/1282 2005/1970/1988 1284/786/1275 1283/785/1274
f 1664/1251/1651 1663/1250/1650 1665/1249/1650 1662/1248/1649 1962/1864/1947 1967/1872/1952 1674/1257/1660 1673/1256/1659
f 1251/740/1242 1255/746/1246 1272/2567/1263 1273/2004/1264
f 1551/1118/1539 1557/1117/1545 1590/1151/1577 1591/1150/1578 1672/1258/1658 1599/1162/1586 1597/1166/1584 1568/1130/1556 1565/1129/1553 1976/1898/1961 1552/1119/1540
f 2180/2568/2154 1888/2569/1873 1889/2566/1874 2018/2013/2001 1256/2012/1247 1253/2570/1244
f 1564/2571/1552 1567/2572/1555 305/2573/305 304/2574/304 1556/2575/1544 1550/2576/1538 1553/2577/1541 1975/2578/1960
f 1939/2579/1924 1940/2580/1925 444/2581/444 354/2582/354 2174/2583/2149
f 1818/1438/1803 1824/1437/1809 1854/1538/1839 1853/1544/1838
f 1507/1046/1496 1472/1013/1461 1409/937/1398 1407/936/1396 1462/1004/1451 1461/1003/1450 1491/1037/1480 1492/1036/1481 1503/1047/1492
f 1743/1346/1729 1745/1345/1731 1823/1434/1808 1819/1433/1804
f 1401/929/1391 1402/928/1391 1403/927/1392 1406/935/1395 1408/934/1397 1992/1933/1975 1400/930/1390
f 1766/1369/1751 1765/1368/1750 1759/1360/1744 1758/1363/1743 1757/1362/1742 1946/1843/1931
f 312/2561/312 314/2584/314 388/2585/388 386/2562/386
f 1473/1014/1462 1431/963/1420 1430/962/1419 1415/944/1404 1416/840/1405 1989/1927/1972 1471/1012/1460
f 1830/1443/1815 1827/1442/1812 1820/1432/1805 1817/1439/1802 2189/2403/2162
f 1988/1928/1971 1304/809/1295 1303/808/1294 1324/833/1315 1991/1932/1974
f 1757/1362/1742 1756/1361/1741 1826/1441/1811 1825/1440/1810 1946/1843/1931
f 1322/831/1313 1290/793/1281 1295/799/1286 1370/890/1361 1323/832/1314
f 1702/1294/1688 1695/1284/1681 1693/1283/1679 1763/1371/1748 1703/1290/1689
f 1261/751/1252 1259/750/1250 1285/787/1276 1284/786/1275 2005/1970/1988
f 1962/1864/1947 1701/1293/1687 1704/1292/1690 1771/1378/1756 1964/1869/1949 1966/1871/1951 1967/1872/1952
f 2181/2376/2155 1252/742/1243 1250/741/1241 1260/749/1251 1258/748/1249
f 1607/1894/1594 1598/1165/1585 1600/1164/1587 1966/1871/1951 1964/1869/1949 1681/1868/1667 1680/2586/1666 1609/2587/1596
f 1606/1173/1593 1605/1172/1592 306/2588/306 305/2573/305 1567/2572/1555 1566/2589/1554
f 2182/2380/2156 1257/747/1248 1262/752/1253 1270/761/1261 1269/760/1260
f 1772/1377/1757 1773/1376/1758 1797/1407/1782 1795/1411/1780 1780/1386/1765 1778/1385/1763
f 1689/1278/1675 1710/1893/1696 1711/2590/1697 1779/2591/1764 1777/2394/1762 1719/1311/1705 1690/1279/1676
f 1691/1281/1677 307/2592/307 306/2588/306 1605/1172/1592 1608/1176/1595 1688/1277/1674
f 355/2593/355 354/2582/354 444/2581/444 445/2594/445
f 1341/852/1332 1342/855/1333 1309/819/1300 1311/818/1302 1330/839/1321 1331/842/1322 1422/852/1411
f 1234/715/1225 1231/719/1222 1301/806/1292 1302/805/1293 1310/817/1301 1308/816/1299
f 1836/1452/1821 1828/1445/1813 1829/1444/1814 2188/2401/2161 1838/1453/1823
f 1268/758/1259 1267/763/1258 1232/718/1223 1233/717/1224
f 1837/1455/1822 1798/1409/1783 1796/1408/1781 1835/1456/1820
f 2187/2393/2160 2142/2392/2120 307/2592/307 1691/1281/1677 1692/1280/1678 1718/1313/1704 2186/2390/2160
f 314/2584/314 315/2595/315 390/2596/390 388/2585/388
f 788/180/779 790/183/781 815/209/806 308/2597/308 2165/2598/2142 1978/1900/1963 1977/1899/1962 1973/1890/1958
f 356/2599/356 355/2593/355 445/2594/445 446/2600/446
f 1152/614/1143 1154/613/1145 1095/539/1086 1094/538/1085 1129/584/1120 1128/585/1119
f 1204/682/1195 1153/616/1144 1151/615/1142 1147/606/1138 1145/605/1136 1206/678/1197
f 660/26/651 669/32/660 667/35/658 1938/2601/1923 656/21/647
f 1197/672/1188 1196/671/1187 1207/680/1198 1205/679/1196
f 668/33/659 1954/1852/1939 677/40/668 675/44/666 1943/1857/1928 666/34/657
f 1199/669/1190 1198/673/1189 1189/658/1180 1190/663/1181 2004/1963/1987
f 712/83/703 674/42/665 676/41/667 704/73/695 707/72/698 713/84/704
f 814/210/805 791/182/782 789/181/780 711/1889/702 714/2602/705 779/2603/770 782/2604/773 805/1887/796
f 309/2605/309 308/2597/308 815/209/806 813/211/804 873/1886/864 877/2606/868
f 724/2607/715 727/2608/718 422/2609/422 1871/2610/1856
f 1191/662/1182 1186/661/1177 1183/1994/1174 1184/2611/1175 2016/1995/1999
f 1968/1873/1953 866/273/857 867/272/858 876/281/867 874/280/865 806/200/797 781/172/772 780/171/771 1971/1876/1956
f 887/2612/878 891/2613/882 310/2614/310 309/2605/309 877/2606/868 875/2615/866
f 1925/2616/1910 1928/2617/1913 392/2618/392 390/2596/390 315/2595/315 1722/2619/1708 1723/2620/1709
f 1987/1923/1970 1063/495/1054 1062/498/1053 987/405/978 984/404/975 1028/455/1019 1027/454/1018
f 657/22/648 1930/2621/1915 650/16/641 655/15/646 661/23/652
f 1999/1953/1982 1121/576/1112 1122/575/1113 1146/604/1137 1986/1922/1969 1995/1942/1978
f 659/25/650 658/24/649 739/116/730 740/119/731 1955/1850/1940
f 1123/578/1114 1120/577/1111 1116/569/1107 1115/568/1106 1136/598/1127
f 1953/1851/1938 695/62/686 697/66/688 766/155/757 767/154/758 774/162/765 772/161/763
f 1131/590/1122 1130/589/1121 1187/660/1178 1188/659/1179 2003/1962/1986
f 705/75/696 773/163/764 1958/1855/1943 1969/1874/1954 1968/1873/1953 1971/1876/1956 706/76/697
f 654/20/645 652/19/643 1932/1821/1917 728/105/719 729/104/720
f 1999/1953/1982 1995/1942/1978 1054/488/1045 1055/487/1046 1047/479/1038 1049/478/1040 1117/570/1108
f 694/63/685 1955/1850/1940 740/119/731 741/118/732 696/64/687
f 1048/477/1039 1046/480/1037 1998/480/1981 2010/2622/1993 1107/1984/1098 1108/1984/1099 1138/594/1129 1114/571/1105
f 793/184/784 765/151/756 766/155/757 697/66/688 698/65/689 760/145/751 759/144/750 1956/1853/1941
f 1132/586/1123 1131/590/1122 2003/1962/1986 1139/596/1130 1137/595/1128
f 768/153/759 764/152/755 792/186/783 799/190/790 796/194/787 1969/1874/1954 1958/1855/1943
f 1170/633/1161 1169/632/1160 2022/654/2005 1180/654/1171 1181/653/1172
f 868/271/859 797/192/788 798/191/789 858/262/849 857/262/848 927/336/918 928/336/919 890/297/881 888/296/879
f 1185/656/1176 1182/655/1173 2021/2016/2004 1891/1610/1876 1892/1615/1877 2017/2005/2000
f 925/339/916 311/2623/311 310/2624/310 891/299/882 889/298/880 926/335/917
f 358/2625/358 356/2599/356 446/2600/446 447/2626/447
f 1923/2627/1908 1929/2628/1914 1931/18/1916 653/18/644 651/17/642 1924/2629/1909
f 965/378/956 962/377/953 953/1912/944 952/2630/943 1020/447/1011 1021/447/1012 1056/489/1047 1026/457/1017 1029/456/1020
f 930/337/921 927/336/918 857/262/848 861/265/852 1963/1865/1948 914/328/905 918/327/909
f 1893/1618/1878 1890/1611/1875 1891/1610/1876 2021/2016/2004
f 1974/1896/1959 312/2631/312 311/2623/311 925/339/916 929/338/920
f 1872/2632/1857 1871/2610/1856 422/2609/422 423/2633/423 332/2634/332
f 1922/1663/1907 1931/18/1916 1929/2628/1914 1920/1660/1905
f 1017/443/1008 1020/447/1011 952/2630/943 957/2635/948 941/2636/932 945/2637/936 1993/2638/1976
f 731/106/722 728/105/719 1932/1821/1917
f 1019/445/1010 1018/444/1009 1009/2639/1000 1012/2640/1003 1039/2641/1030 1038/1950/1029
f 1937/1826/1922 751/133/742 753/132/744 758/147/749 756/146/747
f 1105/559/1096 1107/558/1098 2010/1979/1993 2011/1978/1994
f 759/144/750 757/143/748 1935/1824/1920 1952/1847/1937 1951/1849/1936 1956/1853/1941
f 1099/553/1090 1103/552/1094 2015/1991/1998 1109/561/1100 1106/560/1097
f 832/233/823 829/232/820 853/258/844 852/257/843 860/264/851 859/263/850 1950/1848/1935
f 2022/654/2005 1169/632/1160 1165/639/1156
f 1039/472/1030 1012/434/1003 1011/433/1002 1003/421/994 1001/427/992 2006/1973/1989 1041/473/1032
f 751/133/742 1937/1826/1922 730/110/721 733/109/724 746/134/737
f 1081/526/1072 1080/525/1071 2012/1977/1995 1042/469/1033 1040/468/1031
f 826/226/817 830/230/821 833/234/824 1952/1847/1937 1935/1824/1920 752/131/743 750/130/741
f 1103/552/1094 1100/551/1091 1166/636/1157 1164/635/1155 2015/1991/1998
f 853/258/844 829/232/820 831/231/822 1933/1822/1918 838/242/829 844/248/835 850/254/841
f 1896/1622/1881 1895/1616/1880 1894/1619/1879 1168/638/1159 1167/637/1158
f 850/254/841 844/248/835 840/247/831 1947/1844/1932 912/322/903 910/321/901 917/324/908 915/329/906 851/255/842
f 919/326/910 916/325/907 1965/1870/1950 314/2642/314 312/2631/312 1974/1896/1959
f 1847/2643/1832 316/2644/316 394/2645/394 392/2618/392 1928/2617/1913 1848/2646/1833
f 939/1930/930 937/1943/928 1996/1946/1979 997/2647/988 1003/2648/994 1011/2649/1002 1010/1934/1001 946/355/937 943/354/934
f 1919/1659/1904 732/108/723 734/107/725 1921/1662/1906 1917/1656/1902
f 1961/1863/1946 315/2650/315 314/2642/314 1965/1870/1950 911/320/902 908/319/899
f 359/2651/359 358/2625/358 447/2626/447 448/2652/448
f 1904/1635/1889 1906/1638/1891 999/424/990 998/423/989 1997/1972/1980 938/350/929 936/349/927 2001/1968/1984
f 1083/529/1074 1084/528/1075 1002/426/993 1000/425/991 1902/1633/1887 1903/1632/1888
f 1918/1658/1903 1914/1652/1899 1915/1655/1900 747/136/738 745/135/736
f 1085/522/1076 1082/530/1073 1900/1629/1885 1901/1628/1886
f 1916/1654/1901 1913/1649/1898 1912/1651/1897 825/227/816 749/138/740 748/137/739
f 1898/1620/1883 1897/1623/1882 1101/550/1092 1102/549/1093 1899/1624/1884
f 1910/1645/1895 1911/1648/1896 841/244/832 839/243/830 824/224/815 823/223/814
f 1944/1841/1929 909/318/900 913/323/904 1948/1845/1933 842/246/833 843/245/834 1907/1639/1892 1909/1644/1894
f 1908/1643/1893 1619/1642/1606 1620/2653/1607 1722/2654/1708 315/2650/315 1961/1863/1946 1945/1842/1930
f 334/2655/334 332/2634/332 423/2633/423 424/2656/424
f 316/2644/316 317/2657/317 396/2658/396 394/2645/394
f 1846/2659/1831 904/313/895 906/312/897 2116/2167/2094 2118/2166/2096 316/2660/316 1847/2661/1832
f 816/215/807 817/214/808 809/207/800 808/206/799
f 1161/625/1152 1096/544/1087 1097/543/1088 1086/533/1077 1092/532/1083
f 812/204/803 879/289/870 884/288/875 886/291/877 885/294/876 807/205/798
f 900/308/891 902/307/893 2117/2165/2095 907/315/898 905/314/896 883/287/874 881/286/872 2119/2168/2097
f 2112/2158/2090 317/2662/317 316/2660/316 2118/2166/2096 903/306/894 898/311/889
f 360/2663/360 359/2651/359 448/2652/448 449/2664/449
f 974/386/965 978/391/969 2056/2064/2039 990/412/981 991/411/982 979/392/970 982/397/973 2050/2058/2033
f 995/414/986 996/417/987 988/410/979 993/409/984 1066/502/1057 1065/501/1056
f 784/178/775 742/120/733 721/95/712 722/94/713 785/179/776
f 1074/513/1065 1064/500/1055 1068/499/1059 1087/534/1078 1073/510/1064
f 335/2665/335 334/2655/334 424/2656/424 425/2666/425
f 1030/459/1021 992/407/983 989/413/980 2055/2063/2038 977/390/968 975/389/966 971/380/962 967/385/958 1032/460/1023
f 646/10/637 648/9/639 718/92/709 717/91/708 723/97/714
f 2030/2034/2013 994/408/985 992/407/983 1030/459/1021 1033/458/1024 1059/492/1050 1058/491/1049
f 787/174/778 786/173/777 716/90/707 720/89/711 2148/2667/2126 2147/2668/2125
f 1057/490/1048 1060/494/1051 2060/2036/2043 2032/2036/2015 1088/535/1079 1069/505/1060 1067/504/1058
f 2134/2224/2112 800/2669/791 803/2213/794 811/202/802 810/208/801
f 1158/621/1149 1156/620/1147 1091/531/1082 1090/537/1081 2034/2039/2017
f 804/2214/795 802/2670/793 869/278/860 872/277/863 880/284/871 878/290/869 2145/2212/2123
f 1155/619/1146 1160/618/1151 1175/646/1166 1176/646/1167 1163/627/1154 1162/626/1153
f 880/284/871 872/277/863 871/276/862 895/300/886 893/305/884 899/310/890 901/309/892 2120/2169/2098 882/285/873
f 892/2671/883 896/2672/887 2096/2673/2075 318/2674/318 317/2657/317 2112/2675/2090
f 1126/579/1117 1124/583/1115 2035/2038/2018 2034/2039/2017 1090/537/1081 1089/536/1080
f 864/266/855 863/270/854 870/2170/861 869/2676/860 802/198/793 801/197/792 2122/2173/2100
f 1159/617/1150 1157/623/1148 2037/2040/2020 2025/2025/2008
f 865/268/856 2101/2140/2080 2097/2133/2076 934/342/925 932/341/923 897/2128/888 894/2135/885 2100/2139/2079 862/269/853
f 1179/649/1170 1177/648/1168 1178/647/1169 1220/696/1211 1218/695/1209 2024/2021/2007 1223/700/1214
f 2098/2132/2077 320/2677/320 318/2678/318 2096/2129/2075 931/340/922 933/343/924
f 317/2657/317 318/2674/318 398/2679/398 396/2658/396
f 649/8/640 647/7/638 2162/2680/2139 2153/2238/2130
f 959/372/950 960/371/951 2085/371/2066 2088/2101/2069 2083/2095/2064 1023/448/1014 1025/452/1016 2065/2072/2048 968/384/959 970/383/961
f 719/87/710 715/93/706 2154/2237/2131 2150/2681/2128
f 1061/493/1052 1059/492/1050 1033/458/1024 1031/462/1022 1024/451/1015 1022/450/1013 2070/2076/2051 2071/2075/2051 2068/2068/2051 2061/2068/2044
f 777/167/768 783/2682/774 787/2683/778 2147/2225/2125 775/168/766
f 2039/2044/2022 1127/581/1118 1125/580/1116 2032/2036/2015 2060/2036/2043 2062/2069/2045 2067/2074/2050 2041/2045/2024
f 778/166/769 776/165/767 2137/2200/2115 2139/2199/2117 2133/2196/2111 2135/2195/2113
f 686/2684/677 688/2235/679 2153/2238/2130 2162/2680/2139 2155/2685/2132
f 950/363/941 949/362/940 1015/438/1006 1016/442/1007 1044/476/1035 2083/2095/2064 2088/2101/2069
f 2150/2230/2128 2154/2686/2131 687/51/678 684/56/675 2151/2232/2127 2149/2231/2127
f 1050/485/1041 1043/475/1034 1045/474/1036 2074/2079/2055 1051/486/1042
f 709/81/700 708/80/699 2140/2202/2118 699/69/690 702/68/693
f 1052/483/1043 1053/482/1044 1118/573/1109 1142/602/1133 1141/601/1132 2040/2046/2023 2041/2045/2024 2067/2074/2050 2069/483/2052
f 703/71/694 769/156/760 771/160/762 2123/2174/2101 2133/2196/2111 2139/2199/2117 2138/2198/2116 701/67/692
f 2046/2051/2029 1148/607/1139 1149/611/1140 1140/600/1131 1143/599/1134
f 795/187/786 794/189/785 2106/2148/2084 836/237/827 835/236/826
f 1219/697/1210 2025/2025/2008 2037/2040/2020 2036/2041/2019 1221/689/1212
f 924/330/915 921/334/912 2097/2133/2076 2101/2140/2080 2102/2142/2081 2103/2141/2081 834/235/825 837/239/828 856/261/847
f 2023/2022/2006 2024/2021/2007 1218/695/1209 1216/694/1207 1217/693/1208
f 920/333/911 923/332/914 321/2687/321 320/2677/320 2098/2132/2077
f 361/2688/361 360/2663/360 449/2664/449 450/2689/450
f 2108/2146/2086 2105/2149/2083 762/148/753 693/59/684 690/58/681
f 1214/692/1205 1215/691/1206 1222/690/1213 1212/683/1203 1209/688/1200 2026/2026/2009
f 849/252/840 846/251/837 855/260/846 854/259/845 2107/2147/2085 827/228/818 828/229/819
f 845/250/836 847/249/838 322/2690/322 321/2687/321 923/332/914 922/331/913
f 336/2691/336 335/2665/335 425/2666/425 426/2692/426
f 2078/2087/2059 2076/2084/2057 1013/440/1004 1014/439/1005 1004/2106/995 1008/2693/999 1036/2694/1027 1037/2086/1028
f 2152/2234/2129 679/48/670 680/47/671 685/55/676 689/54/680
f 1133/591/1124 1110/563/1101 1113/567/1104 2073/2078/2054 2076/2084/2057 2078/2087/2059
f 681/46/672 682/45/673 2140/2202/2118 708/80/699 710/79/701
f 2045/2049/2028 1144/603/1135 1142/602/1133 1118/573/1109 1119/572/1110 1112/566/1103 1111/565/1102
f 2125/2183/2103 761/150/752 763/149/754 770/157/761 769/156/760 703/71/694 700/70/691
f 1150/608/1141 1148/607/1139 2046/2051/2029 1210/685/1201 1211/684/1202
f 1104/2695/1095 1034/465/1025 1035/464/1026 1078/520/1069 1077/519/1068 1098/548/1089 1171/2110/1162 1174/2696/1165
f 1135/593/1126 1134/592/1125 1173/643/1164 1172/642/1163 1195/664/1186 1194/668/1185
f 683/50/674 678/49/669 2141/2206/2119 673/38/664 670/37/661
f 2049/2054/2032 1201/674/1192 1202/677/1193 2044/2050/2027 1193/667/1184 1192/666/1183
f 2126/2184/2104 671/36/662 672/39/663 2115/2161/2093 665/29/656 663/28/654
f 1208/687/1199 1213/686/1204 1203/676/1194 1200/675/1191 2038/2042/2021
f 662/27/653 664/31/655 737/111/728 736/115/727 691/57/682 692/61/683
f 735/114/726 738/113/729 744/125/735 743/129/734 755/139/746 754/142/745
f 822/220/813 820/222/811 324/2697/324 322/2690/322 847/249/838 848/253/839
f 318/2674/318 320/2698/320 400/2699/400 398/2679/398
f 324/2697/324 820/222/811 821/221/812 2092/2117/2073 2095/2121/2073 2093/2120/2073 2094/2119/2074 2163/2700/2140
f 1525/2701/1514 361/2688/361 450/2689/450 1841/2702/1826 1522/2703/1511
f 2171/2343/2148 1725/1319/1711 1642/1221/1629 1641/1220/1628 325/2704/325 1959/2342/1944 2172/2344/2148
f 337/2705/337 336/2691/336 426/2692/426 427/2706/427
f 1629/1201/1616 1633/1205/1620 326/2707/326 325/2704/325 1641/1220/1628 1643/1219/1630
f 320/2698/320 321/2708/321 402/2709/402 400/2699/400
f 1358/2710/1349 1279/2711/1270 1282/2350/1273 1346/863/1337 1347/862/1338 1380/900/1370 1389/2099/1379 1357/2712/1348
f 1263/753/1254 1265/757/1256 1281/776/1272 1280/780/1271 1289/792/1280 1287/791/1278
f 1802/1416/1787 1793/1404/1778 1791/1403/1776 2170/2334/2147 1804/1417/1789
f 2053/2060/2036 1228/711/1219 1230/714/1221 2176/2357/2150 1266/755/1257 1264/754/1255
f 1794/1401/1779 1792/1406/1777 1832/1449/1817 1831/1448/1816
f 2177/2713/2151 1229/713/1220 1227/712/1218 1240/720/1231 1238/725/1229
f 1833/1450/1818 1762/1364/1747 1761/1366/1746 1754/1358/1739 1755/1357/1740 1834/1446/1819
f 1644/1218/1631 1640/1217/1627 1724/1321/1710 1752/1355/1737 1753/1359/1738 1731/1327/1717 1652/1231/1639 1654/1235/1641
f 1775/1383/1760 2144/2210/2122 1800/1415/1785 1799/1414/1784 1776/1379/1761
f 1366/887/1357 1367/886/1358 1376/896/1366 1375/895/1365 1300/800/1291 1297/804/1288 2054/2061/2037
f 1699/1288/1685 1697/1287/1683 1740/1340/1726 1742/1339/1728 1768/1372/1753
f 2052/2062/2035 1306/811/1297 1307/810/1298 1235/722/1226 1239/721/1230
f 1741/1337/1727 1739/1341/1725 2113/2159/2091 2111/2156/2089 1760/1365/1745
f 2178/2714/2152 1237/724/1228 1236/723/1227 1244/726/1235 1246/731/1237
f 1632/1203/1619 1630/1202/1617 1653/1234/1640 1651/1233/1638 2110/2157/2088 1583/1147/1571 1584/1146/1572
f 1546/1107/1534 1545/1111/1533 327/2715/327 326/2707/326 1633/1205/1620 1631/1204/1618
f 338/2716/338 337/2705/337 427/2706/427 428/2717/428
f 1355/875/1346 1356/874/1347 1388/911/1378 1454/992/1443 1452/991/1441 1459/1000/1448 1460/999/1449 2082/2094/2063 2079/2091/2060
f 1801/1413/1786 1803/1412/1788 2169/2337/2146 1810/2718/1795 1808/2217/1793
f 2081/2093/2062 2064/2071/2047 1368/885/1359 1286/789/1277 1288/788/1279 2079/2091/2060 2082/2094/2063
f 1561/2131/1549 1560/2719/1548 328/2720/328 327/2715/327 1545/1111/1533 1548/1110/1536
f 321/2708/321 322/2721/322 404/2722/404 402/2709/402
f 2168/2330/2145 1843/1464/1828 1842/1463/1827 2159/2247/2136 1807/1420/1792 1809/1419/1794
f 1490/1029/1479 1487/1033/1476 1498/1045/1487 1497/1044/1486 1469/1007/1458 1470/1011/1459 1397/919/1387 1399/923/1389 1458/1001/1447
f 1806/1422/1791 1805/1421/1790 2160/2246/2137 1783/1394/1768 1782/1393/1767
f 1405/931/1394 1378/898/1368 1374/897/1364 2064/2071/2047 2081/2093/2062 1398/921/1388 1396/920/1386
f 1770/1374/1755 1767/1373/1752 2144/2210/2122 1775/1383/1760 1774/1382/1759
f 1377/899/1367 1404/933/1393 2066/2073/2049 1326/835/1317 1327/834/1318 1296/801/1287 1300/800/1291 1375/895/1365
f 2121/2171/2099 1671/1252/1657 1670/1255/1656 1700/1289/1686 1769/1375/1754 1708/2211/1694 1707/2211/1693 2132/2171/2110
f 1298/803/1289 1299/802/1290 1305/812/1296 1306/811/1297 2052/2062/2035
f 1698/1286/1684 1669/1254/1655 1668/1253/1654 1660/1242/1647 1661/1241/1648 2114/2160/2092
f 1317/820/1308 2027/2030/2010 1241/728/1232 1242/727/1233 1318/821/1309
f 1549/1109/1537 1547/1108/1535 1582/1145/1570 1581/1144/1569 1659/1243/1646 1596/1158/1583 1595/1158/1582 1562/2723/1550 1563/2130/1551
f 2179/2724/2153 1245/730/1236 1243/729/1234 2028/729/2011 1224/2725/1215 1226/2726/1217
f 2031/2035/2014 1328/836/1319 1326/835/1317 2066/2073/2049 2059/2066/2042 2057/2065/2040
f 2132/2192/2110 1707/1295/1693 1705/1300/1691 2131/2193/2109
f 1333/850/1324 1340/849/1331 2029/2033/2012 1325/838/1316 1329/837/1320
f 1603/2727/1590 1602/2728/1589 1593/1161/1580 1594/1160/1581 1678/2172/1664 1675/2729/1661
f 1317/820/1308 1314/826/1305 2027/2030/2010
f 1558/1122/1546 1562/1121/1550 1595/2730/1582 1592/2731/1579 2104/2143/2082 1573/1134/1561 1571/1133/1559
f 1249/736/1240 1225/735/1216 1224/2725/1215 2028/729/2011
f 329/2732/329 328/2733/328 1560/1124/1548 1559/1123/1547 2099/2134/2078
f 428/2717/428 2157/2734/2134 2156/2735/2133 2185/2736/2159 338/2716/338
f 1811/1427/1796 1812/1426/1797 2159/2247/2136 1842/1463/1827
f 1513/1053/1502 1511/1052/1500 2072/2077/2053 1466/1008/1455 1469/1007/1458 1497/1044/1486 1501/1043/1490
f 1784/1395/1769 1783/1394/1768 2160/2246/2137
f 1414/942/1403 1411/941/1400 2058/2067/2041 1468/1010/1457 1467/1009/1456 1428/958/1417 1427/957/1416
f 1706/1299/1692 1709/1298/1695 2146/2220/2124 1715/1309/1701 1714/1308/1700
f 322/2721/322 324/2737/324 406/2738/406 404/2722/404
f 1438/968/1427 1436/967/1425 1426/961/1415 1425/960/1414 1510/1051/1499 1508/1056/1497 1517/1059/1506 1515/1058/1504 2042/2047/2025
f 1786/1389/1771 1781/1396/1766 1813/1425/1798 1788/1400/1773 1789/1399/1774
f 1413/943/1402 1414/942/1403 1427/957/1416 1426/961/1415 1436/967/1425 1435/973/1424 2033/2037/2016
f 1716/1310/1702 1715/1309/1701 2146/2220/2124 1787/1391/1772 1785/1390/1770
f 1410/940/1399 1412/939/1401 1419/949/1408 1335/843/1326 1334/851/1325 2031/2035/2014 2057/2065/2040
f 1682/1271/1668 1676/1262/1662 1679/1261/1665 2130/2190/2108 1713/1307/1699 1684/1272/1670
f 1340/849/1331 1338/848/1329 1313/823/1304 1316/822/1307 2029/2033/2012
f 1613/1183/1600 1612/1182/1599 1604/1171/1591 1603/1170/1590 1675/1264/1661 1677/1263/1663 2136/2197/2114
f 1319/829/1310 1247/732/1238 1248/737/1239 1315/825/1306 1312/824/1303
f 1604/2739/1591 1612/2740/1599 1611/2178/1598 1579/2182/1567 1577/2150/1565 1569/1136/1557 1574/1135/1562 1601/2145/1588
f 1570/1131/1558 2109/2152/2087 330/2741/330 329/2732/329 2099/2134/2078 1572/1132/1560
f 1639/1211/1626 1638/1214/1625 1687/1275/1673 1685/1274/1671
f 1345/859/1336 1320/827/1311 1321/830/1312 1339/847/1330 1337/846/1328
f 1614/1184/1601 1683/1269/1669 1686/1276/1672 1618/1188/1605 1617/1187/1604 1616/1177/1603
f 1576/1137/1564 1580/1142/1568 2124/2201/2102 1610/1179/1597 1615/1178/1602 1532/1090/1520 1531/1089/1519 2129/2205/2107
f 331/2742/331 330/2741/330 2109/2152/2087 1578/2151/1566 1575/2189/1563 2127/2188/2105
f 2167/2743/2144 429/2744/429 339/2745/339 1981/2746/1965
f 1514/1057/1503 1518/1062/1507 2048/2052/2031 1521/1066/1510 1520/1065/1509 1440/970/1429 1439/969/1428 2043/2048/2026
f 1417/947/1406 1420/946/1409 1434/972/1423 1437/971/1426 1442/977/1431 1441/976/1430
f 1717/1305/1703 1790/1398/1775 1720/1316/1706 1721/1315/1707 1712/1306/1698
f 1332/844/1323 1418/948/1407 1424/952/1413 1344/857/1335 1343/856/1334 1336/845/1327
f 2164/2747/2141 2204/2748/2073 406/2738/406 324/2737/324 2163/2749/2140
f 1527/1082/1516 1528/1081/1517 1530/1080/1517 1529/1079/1518 331/2742/331 2127/2188/2105 2128/2187/2106
f 340/2750/340 339/2745/339 429/2744/429 430/2751/430
f 1959/2752/1944 325/2753/325 408/2754/408 1960/2755/1945
f 341/2756/341 340/2750/340 430/2751/430 431/2757/431
f 325/2753/325 326/2758/326 410/2759/410 408/2754/408
f 342/2760/342 341/2756/341 431/2757/431 432/2761/432
f 326/2758/326 327/2762/327 412/2763/412 410/2759/410
f 1868/2764/1853 362/2765/362 819/2766/810 818/2767/809
f 343/2768/343 342/2760/342 432/2761/432 433/2769/433
f 327/2762/327 328/2770/328 414/2771/414 412/2763/412
f 1869/2772/1854 302/2773/302 364/2774/364 362/2765/362 1868/2764/1853
f 344/2775/344 343/2768/343 433/2769/433 434/2776/434
f 328/2770/328 329/2777/329 416/2778/416 414/2771/414
f 302/2773/302 303/2779/303 367/2780/367 364/2774/364
f 345/2781/345 344/2775/344 434/2776/434 435/2782/435
f 329/2777/329 330/2783/330 418/2784/418 416/2778/416
f 303/2779/303 304/2785/304 369/2786/369 367/2780/367
f 345/2781/345 435/2782/435 436/2787/436 1927/2787/1912 1926/2788/1911 1815/2789/1800 1814/2790/1799
f 330/2783/330 331/2791/331 420/2792/420 418/2784/418
f 304/2785/304 305/2793/305 371/2794/371 369/2786/369
f 1927/2787/1912 436/2787/436 437/2795/437 346/2796/346 1849/2797/1834 1851/2798/1836
f 1845/2799/1830 420/2792/420 331/2791/331 1529/2800/1518 1526/2801/1515
f 305/2793/305 306/2802/306 373/2803/373 371/2794/371
f 348/2804/348 346/2796/346 437/2795/437 438/2805/438
f 306/2802/306 307/2806/307 375/2807/375 373/2803/373
f 349/2808/349 348/2804/348 438/2805/438 439/2809/439
f 2143/2810/2121 375/2807/375 307/2806/307 2142/2811/2120
f 350/2812/350 349/2808/349 439/2809/439 440/2813/440
f 2165/2814/2142 308/2815/308 377/2816/377 2212/2817/1962 2166/2818/2143
f 351/2819/351 350/2812/350 440/2813/440 441/2820/441
f 308/2815/308 309/2821/309 380/2822/380 377/2816/377
f 352/2547/352 351/2819/351 441/2820/441 442/2548/442
f 309/2821/309 310/2551/310 382/2554/382 380/2822/380
f 1525/1072/1514 1523/1071/1512 1524/1070/1513 2047/2053/2030 2075/2080/2056 361/2823/361
f 360/2824/360 361/2823/361 2075/2080/2056 1519/1061/1508 1516/1060/1505 2077/2085/2058
f 359/2825/359 360/2824/360 2077/2085/2058 1509/1055/1498 1512/1054/1501 2089/2104/2070
f 1502/1042/1491 1499/1041/1488 358/2826/358 359/2825/359 2089/2104/2070
f 1486/1032/1475 1489/1031/1478 356/2827/356 358/2826/358 1499/1041/1488 1500/1040/1489
f 1451/2828/1440 1453/2829/1442 355/2830/355 356/2831/356 1489/2832/1478 1488/2833/1477
f 1381/902/1371 1379/901/1369 354/2834/354 355/2830/355 1453/2829/1442 1455/2096/1444
f 354/2834/354 1379/901/1369 1348/866/1339 1349/865/1340 2173/2345/1926 2175/2349/1926 2174/2348/2149
f 1076/517/1067 1075/516/1066 353/2835/353 2091/2113/2072 2090/2114/2071
f 1006/428/997 352/2836/352 353/2835/353 1075/516/1066 1079/521/1070 1007/429/998
f 948/2837/939 947/2838/938 351/2839/351 352/2836/352 1006/428/997 1005/432/996
f 2087/2840/2068 350/2841/350 351/2839/351 947/2838/938 951/2842/942
f 2086/2102/2067 961/374/952 958/373/949 2084/2100/2065 349/2843/349 350/2844/350 2087/2103/2068
f 2084/2100/2065 969/382/960 972/381/963 2080/2092/2061 348/2845/348 349/2843/349
f 2063/2070/2046 346/2846/346 348/2845/348 2080/2092/2061 976/388/967 973/387/964
f 981/396/972 980/395/971 1850/2847/1835 1849/2848/1834 346/2846/346 2063/2070/2046 2051/2059/2034
f 2002/1961/1985 2000/1960/1983 345/2849/345 1814/2850/1799 1816/2851/1801 1844/2852/1829 1905/2853/1890
f 935/1959/926 940/1929/931 1990/1931/1973 344/2854/344 345/2849/345 2000/1960/1983
f 1983/1910/1966 343/2855/343 344/2854/344 1990/1931/1973 944/359/935 942/358/933
f 954/367/945 342/2856/342 343/2855/343 1983/1910/1966 956/368/947
f 341/2857/341 342/2858/342 954/2859/945 955/1911/946 963/376/954 966/375/957
f 983/402/974 340/2860/340 341/2857/341 966/375/957 964/379/955 985/403/976
f 1072/508/1063 1071/507/1062 339/2861/339 340/2860/340 983/402/974 986/406/977
f 1981/1905/1965 339/2861/339 1071/507/1062 1070/506/1061 1093/541/1084 1982/1903/1964 1979/1907/1964 1980/1906/1964
f 338/2862/338 2185/2388/2159 2184/2387/2158 2183/2386/2157
f 1423/950/1412 1421/951/1410 1429/966/1418 1433/965/1422 337/2863/337 338/2862/338 2183/2386/2157
f 1506/1050/1495 1505/1049/1494 336/2864/336 337/2863/337 1433/965/1422 1432/964/1421
f 1493/1034/1482 335/2865/335 336/2864/336 1505/1049/1494 1504/1048/1493 1494/1035/1483
f 334/2866/334 335/2865/335 1493/1034/1482 1495/1039/1484 1984/1915/1967
f 332/2634/332 334/2655/334 1984/2867/1967 1481/2868/1470 1484/2869/1473 1985/2870/1968
f 1474/1017/1463 1873/1579/1858 1872/1578/1857 332/2871/332 1985/1921/1968 1476/1018/1465
f 363/2872/363 422/2873/422 727/2874/718 725/2875/716
f 422/2873/422 363/2872/363 365/2876/365 423/2877/423
f 423/2633/423 365/2878/365 368/2879/368 424/2656/424
f 424/2880/424 368/2881/368 370/2882/370 425/2883/425
f 425/2883/425 370/2882/370 372/2884/372 426/2885/426
f 426/2885/426 372/2884/372 374/2886/374 427/2887/427
f 427/2887/427 374/2886/374 376/2888/376 428/2889/428
f 2210/2524/2165 2193/2429/2165 2194/2428/2166 2158/2427/2135 2157/2890/2134 428/2889/428 376/2888/376 2191/2422/2164 2190/2421/2163 2215/2528/2173
f 2208/2526/1964 2209/2525/1964 2210/2524/2165 2215/2528/2173 2214/2534/2172 378/2891/378 429/2892/429 2167/2527/2144
f 429/2892/429 378/2891/378 381/2893/381 430/2894/430
f 430/2894/430 381/2893/381 383/2895/383 431/2896/431
f 431/2896/431 383/2895/383 385/2897/385 432/2898/432
f 432/2899/432 385/2900/385 387/2901/387 433/2902/433
f 433/2902/433 387/2901/387 389/2903/389 434/2904/434
f 434/2904/434 389/2903/389 391/2905/391 435/2906/435
f 435/2906/435 391/2905/391 393/2907/393 436/2908/436
f 436/2909/436 393/2910/393 395/2911/395 437/2912/437
f 437/2912/437 395/2911/395 397/2913/397 438/2914/438
f 438/2914/438 397/2913/397 399/2915/399 439/2916/439
f 439/2916/439 399/2915/399 401/2917/401 440/2918/440
f 440/2919/440 401/2920/401 403/2921/403 441/2922/441
f 441/2922/441 403/2921/403 405/2923/405 442/2924/442
f 442/2924/442 405/2923/405 407/2925/407 443/2926/443
f 2161/2504/2138 443/2926/443 407/2925/407 2196/2468/2168 2195/2467/2167 2207/2505/2071
f 409/2927/409 444/2928/444 1940/2929/1925 1941/2466/1926 2197/2465/1926 2200/2464/2170
f 444/2928/444 409/2927/409 411/2930/411 445/2931/445
f 445/2931/445 411/2930/411 413/2932/413 446/2933/446
f 446/2934/446 413/2935/413 415/2936/415 447/2937/447
f 447/2937/447 415/2936/415 417/2938/417 448/2939/448
f 448/2939/448 417/2938/417 419/2940/419 449/2941/449
f 449/2941/449 419/2940/419 421/2942/421 450/2943/450
f 1841/2944/1826 450/2943/450 421/2942/421 1839/2945/1824
f 421/2942/421 420/2946/420 1845/2947/1830 1840/2948/1825 1839/2945/1824
f 419/2940/419 418/2949/418 420/2946/420 421/2942/421
f 417/2938/417 416/2950/416 418/2949/418 419/2940/419
f 415/2936/415 414/2951/414 416/2950/416 417/2938/417
f 413/2932/413 412/2952/412 414/2953/414 415/2954/415
f 411/2930/411 410/2955/410 412/2952/412 413/2932/413
f 409/2927/409 408/2956/408 410/2955/410 411/2930/411
f 1960/2474/1945 408/2956/408 409/2927/409 2200/2464/2170 2199/2463/2170 2201/2470/2148 2203/2475/2148
f 2198/2469/2169 2196/2468/2168 407/2925/407 406/2957/406 2204/2502/2073 2206/2501/2073 2205/2500/2073 2202/2471/2171
f 405/2923/405 404/2958/404 406/2957/406 407/2925/407
f 403/2921/403 402/2959/402 404/2958/404 405/2923/405
f 401/2920/401 400/2960/400 402/2959/402 403/2921/403
f 399/2961/399 398/2962/398 400/2960/400 401/2920/401
f 397/2913/397 396/2658/396 398/2679/398 399/2915/399
f 395/2963/395 394/2964/394 396/2965/396 397/2966/397
f 393/2907/393 392/2967/392 394/2964/394 395/2963/395
f 391/2905/391 390/2968/390 392/2967/392 393/2907/393
f 389/2903/389 388/2969/388 390/2968/390 391/2905/391
f 387/2901/387 386/2970/386 388/2969/388 389/2903/389
f 385/2900/385 384/2971/384 386/2970/386 387/2901/387
f 383/2972/383 382/2973/382 384/2971/384 385/2900/385
f 381/2893/381 380/2974/380 382/2975/382 383/2895/383
f 378/2891/378 377/2976/377 380/2974/380 381/2893/381
f 2212/2531/1962 377/2976/377 378/2891/378 2214/2534/2172 2213/2533/1962 2211/2532/1962
f 2192/2423/2160 2191/2422/2164 376/2888/376 375/2977/375 2143/2424/2121
f 374/2886/374 373/2978/373 375/2977/375 376/2888/376
f 372/2884/372 371/2979/371 373/2978/373 374/2886/374
f 370/2882/370 369/2980/369 371/2979/371 372/2884/372
f 368/2879/368 367/2981/367 369/2982/369 370/2983/370
f 365/2878/365 364/2984/364 367/2981/367 368/2879/368
f 363/2985/363 362/2986/362 364/2984/364 365/2878/365
f 362/2986/362 363/2985/363 725/2987/716 726/2988/717 819/2989/810
